record_id,split,family_id,label,text,text_sha256,source
TRAIN-0001,train,stunt_height,dangerous_advocacy,This message encourages an untrained person to attempt a hazardous stunt at height.,3acafe8715085c3be7160f85f756c4a3aa651439eba82571946b924a7a466318,synthetic_policy_concept
TRAIN-0002,train,stunt_height,dangerous_advocacy,The post clearly encourages an untrained person to attempt a hazardous stunt at height.,570931f658f92cf486088299f083ccfb9929465832db814c1532663f50a1b625,synthetic_policy_concept
TRAIN-0003,train,stunt_height,dangerous_advocacy,A video caption encourages an untrained person to attempt a hazardous stunt at height.,b502e3cdfde0fcde0f68faf38e7bbfa6649fa80e8f26e0d019f2cb7601842908,synthetic_policy_concept
TRAIN-0004,train,stunt_height,dangerous_advocacy,The speaker encourages an untrained person to attempt a hazardous stunt at height.,72eaf03a23d4e5fb01119350f34447affaef5909199839a4f6a8dc08fe023fb6,synthetic_policy_concept
TRAIN-0005,train,stunt_height,dangerous_advocacy,The content repeatedly encourages an untrained person to attempt a hazardous stunt at height.,c2afd72997ac003617a2725fd0ce2bd9837c94368f069decf0d184c8b0180ce4,synthetic_policy_concept
TRAIN-0006,train,stunt_height,dangerous_advocacy,The upload openly encourages an untrained person to attempt a hazardous stunt at height.,be521abd5b28e31edc663fa52ccb3255ab40cb3362249aa236c4d64d258a6abb,synthetic_policy_concept
TRAIN-0007,train,stunt_height,dangerous_advocacy,Its central message encourages an untrained person to attempt a hazardous stunt at height.,0102bd6202fbeec3eb9d94776666e17af23d774e84223efc1ce09ca71b7c6a8d,synthetic_policy_concept
TRAIN-0008,train,stunt_height,dangerous_advocacy,The creator's instruction encourages an untrained person to attempt a hazardous stunt at height.,831d269d19ddc89dca9c3f74154eb7bf242d10bec40eca841dfaf307bfa5b59b,synthetic_policy_concept
TRAIN-0009,train,stunt_vehicle,dangerous_advocacy,This message dares viewers to perform a dangerous moving-vehicle stunt.,002f9a8fc01f7536fc49e2f949025154f7688d16129a251f0df56d8ae5e389bd,synthetic_policy_concept
TRAIN-0010,train,stunt_vehicle,dangerous_advocacy,The post clearly dares viewers to perform a dangerous moving-vehicle stunt.,76b56bfdc314e7d293bac45d55acd61c38323526f6b4a802f48273071ca47a10,synthetic_policy_concept
TRAIN-0011,train,stunt_vehicle,dangerous_advocacy,A video caption dares viewers to perform a dangerous moving-vehicle stunt.,144a8936dc664317f9b0ca7b245a91b197b702043e5588f413908ab14681a26b,synthetic_policy_concept
TRAIN-0012,train,stunt_vehicle,dangerous_advocacy,The speaker dares viewers to perform a dangerous moving-vehicle stunt.,b4296016b9a309ba59ec8a00f758f235b4cf9b6074119a471c9775d386657005,synthetic_policy_concept
TRAIN-0013,train,stunt_vehicle,dangerous_advocacy,The content repeatedly dares viewers to perform a dangerous moving-vehicle stunt.,00a63886382a523fb3b13da54a555af5407693c220ee9e0cebefab9f1b072347,synthetic_policy_concept
TRAIN-0014,train,stunt_vehicle,dangerous_advocacy,The upload openly dares viewers to perform a dangerous moving-vehicle stunt.,afd872d756a3b565ef0b72beac21d86fabac20bae8aaea732b2354fb29a05d4d,synthetic_policy_concept
TRAIN-0015,train,stunt_vehicle,dangerous_advocacy,Its central message dares viewers to perform a dangerous moving-vehicle stunt.,5c4dfd5cc06e2e1a7834902de2226f8b8fa757174a11351703e555b25a41d4dc,synthetic_policy_concept
TRAIN-0016,train,stunt_vehicle,dangerous_advocacy,The creator's instruction dares viewers to perform a dangerous moving-vehicle stunt.,66de7de8951be002064520edddfeae259b70845173796162b2f55b6e8dc10352,synthetic_policy_concept
TRAIN-0017,train,fire_action,dangerous_advocacy,This message urges someone to start an uncontrolled fire near people or property.,43f888f69fa3af90f633d584c7fdb9610c296a4f3f7558ec3fd0468bb266e6ec,synthetic_policy_concept
TRAIN-0018,train,fire_action,dangerous_advocacy,The post clearly urges someone to start an uncontrolled fire near people or property.,08227b83f3dd24c27aaec9b7f1ea18524b8f1f3bf5a61771af8a51d435b2a487,synthetic_policy_concept
TRAIN-0019,train,fire_action,dangerous_advocacy,A video caption urges someone to start an uncontrolled fire near people or property.,e903ab2f9e29564a8b99ec999c5cceb748fcff90fb4e70e4eee851f73fa944b9,synthetic_policy_concept
TRAIN-0020,train,fire_action,dangerous_advocacy,The speaker urges someone to start an uncontrolled fire near people or property.,bc10cbf239c13c9044dbb0b57870c2bfcd6807579e4d42f533d5386582264747,synthetic_policy_concept
TRAIN-0021,train,fire_action,dangerous_advocacy,The content repeatedly urges someone to start an uncontrolled fire near people or property.,ae0b8d52ad6571958d4fdd5c7c0baf3fed680c5bdb463980ebe2eb4176efb050,synthetic_policy_concept
TRAIN-0022,train,fire_action,dangerous_advocacy,The upload openly urges someone to start an uncontrolled fire near people or property.,02851aa85f26a5de83e1704ff83c5577cf939ac624e4b4b0b1580da329c553e2,synthetic_policy_concept
TRAIN-0023,train,fire_action,dangerous_advocacy,Its central message urges someone to start an uncontrolled fire near people or property.,a896e4342f2e5c66fecec048b74c31d0521724e38be4864bd31a92996df4b1d3,synthetic_policy_concept
TRAIN-0024,train,fire_action,dangerous_advocacy,The creator's instruction urges someone to start an uncontrolled fire near people or property.,c59cdf51f2272950903c1a108e44c1f71791c9cf7811b9e53ef4b0bdc44df519,synthetic_policy_concept
TRAIN-0025,train,electrical_action,dangerous_advocacy,This message encourages contact with unsafe live electrical equipment.,d7dc53bcc8226a93169d84ebb9a64923502199cb63cbe2e89e9fdbdc62214c72,synthetic_policy_concept
TRAIN-0026,train,electrical_action,dangerous_advocacy,The post clearly encourages contact with unsafe live electrical equipment.,499f57cecdd3eebca5cb2ee2444e1474ba8ffa567b3dab9ac67d5a28089aa3fc,synthetic_policy_concept
TRAIN-0027,train,electrical_action,dangerous_advocacy,A video caption encourages contact with unsafe live electrical equipment.,62d616de851018e9a3bdf384f2b5242789b485f561bcfc98e506c057aa22028f,synthetic_policy_concept
TRAIN-0028,train,electrical_action,dangerous_advocacy,The speaker encourages contact with unsafe live electrical equipment.,fe70c4aad15e6f920aeb1ba6c537f77f8ac458a0cc4e656df674fec5753ce988,synthetic_policy_concept
TRAIN-0029,train,electrical_action,dangerous_advocacy,The content repeatedly encourages contact with unsafe live electrical equipment.,15652d3576c27c5996338d969c8e257e14405ba2c1afd24f046c9ee717105516,synthetic_policy_concept
TRAIN-0030,train,electrical_action,dangerous_advocacy,The upload openly encourages contact with unsafe live electrical equipment.,f26ff597736019ff26f0a75cfe9de6076b876d5998abe1dd4d2d4c8a216b9211,synthetic_policy_concept
TRAIN-0031,train,electrical_action,dangerous_advocacy,Its central message encourages contact with unsafe live electrical equipment.,6cf653383849ddbcd584f2abc76325f57277f0f483d7726b923a0cbcbc99accd,synthetic_policy_concept
TRAIN-0032,train,electrical_action,dangerous_advocacy,The creator's instruction encourages contact with unsafe live electrical equipment.,e349661cde37710fce4c06c1a5eadb507fd09c6d82d5eb81f9de0db512330f71,synthetic_policy_concept
TRAIN-0033,train,mechanical_action,dangerous_advocacy,This message promotes bypassing machinery safeguards while equipment is moving.,4df892d16a3553279ec105797a8377db43f9a3c8c70ec15cecceb73789966c1b,synthetic_policy_concept
TRAIN-0034,train,mechanical_action,dangerous_advocacy,The post clearly promotes bypassing machinery safeguards while equipment is moving.,0560ed14cb9564a317889bb82dda2fc4fc457035135ed76516310f542f8eaccb,synthetic_policy_concept
TRAIN-0035,train,mechanical_action,dangerous_advocacy,A video caption promotes bypassing machinery safeguards while equipment is moving.,4966db3006e9ee93a23a2288930fe02c02ff305812fa902e798129714c040dcd,synthetic_policy_concept
TRAIN-0036,train,mechanical_action,dangerous_advocacy,The speaker promotes bypassing machinery safeguards while equipment is moving.,fbe105259861c6e6aeba98dabbf57c08ea4feb9186cbe99636c62f96ba4c1bfb,synthetic_policy_concept
TRAIN-0037,train,mechanical_action,dangerous_advocacy,The content repeatedly promotes bypassing machinery safeguards while equipment is moving.,8685d74e39657b9bddc41e3fa22fe6ac89832e56ece99fb3b978176a82b8340c,synthetic_policy_concept
TRAIN-0038,train,mechanical_action,dangerous_advocacy,The upload openly promotes bypassing machinery safeguards while equipment is moving.,492730f9b6ced237a7cd575c05ca423f94f91b20d3fcf8722e887c318a0a5f1a,synthetic_policy_concept
TRAIN-0039,train,mechanical_action,dangerous_advocacy,Its central message promotes bypassing machinery safeguards while equipment is moving.,e18df70ccccd06143615c707119fa5f906ec9f04e09f724a2330246103f37770,synthetic_policy_concept
TRAIN-0040,train,mechanical_action,dangerous_advocacy,The creator's instruction promotes bypassing machinery safeguards while equipment is moving.,358ff7980aae42cbdf7ef57ff82d2df310cdac43f70cc08a601222e724d5f0c4,synthetic_policy_concept
TRAIN-0041,train,chemical_action,dangerous_advocacy,This message invites an unsupervised hazardous chemical experiment at home.,3d79665d842dbf1a8f261b4c760cb7d57b7d1aeb3b5d049b1b1d743a1e67900b,synthetic_policy_concept
TRAIN-0042,train,chemical_action,dangerous_advocacy,The post clearly invites an unsupervised hazardous chemical experiment at home.,ca655251490002d22b54343c222a9a49cb33831b9fd3fe0f771d15f8fdb0c8c5,synthetic_policy_concept
TRAIN-0043,train,chemical_action,dangerous_advocacy,A video caption invites an unsupervised hazardous chemical experiment at home.,3bb80a2e671c86dc2a7d2c6b37557d2e602c0cefc5c21d9262ff0810a8cfa8fe,synthetic_policy_concept
TRAIN-0044,train,chemical_action,dangerous_advocacy,The speaker invites an unsupervised hazardous chemical experiment at home.,62aed88cbf2cb1afc6fc60a3500ece787938c35158d11e2a200238b44468733f,synthetic_policy_concept
TRAIN-0045,train,chemical_action,dangerous_advocacy,The content repeatedly invites an unsupervised hazardous chemical experiment at home.,c5f6adde0d0a83966ef1d109775da511fa59a3660e715e54b75e26352fe75cfa,synthetic_policy_concept
TRAIN-0046,train,chemical_action,dangerous_advocacy,The upload openly invites an unsupervised hazardous chemical experiment at home.,35599ab7bd1545fd876a4b1b8280267c439dead39c88dc7b18d0c4fe478ebff4,synthetic_policy_concept
TRAIN-0047,train,chemical_action,dangerous_advocacy,Its central message invites an unsupervised hazardous chemical experiment at home.,006acbf34b1f9b646a8b714a8c097e099f52a54b92e27612b40861945b7d490a,synthetic_policy_concept
TRAIN-0048,train,chemical_action,dangerous_advocacy,The creator's instruction invites an unsupervised hazardous chemical experiment at home.,79051651a407c2247950c44a877223f6c8e3855ba4996c29ec28246811384f76,synthetic_policy_concept
TRAIN-0049,train,pressure_action,dangerous_advocacy,This message encourages an unsafe pressure or explosion experiment.,ee5a9bcca9a85bcc2a67161ece407cc14fe980a6ea57c1bb01f46c3f462413e6,synthetic_policy_concept
TRAIN-0050,train,pressure_action,dangerous_advocacy,The post clearly encourages an unsafe pressure or explosion experiment.,5132558b2f12ec1b0148b6d14fe95a22d3ac0915ca6519348af4208dbbaf0ba7,synthetic_policy_concept
TRAIN-0051,train,pressure_action,dangerous_advocacy,A video caption encourages an unsafe pressure or explosion experiment.,c92c5790f2e1f792c643412df92cab7c6dc224ea1a3c26f397bf4c919bc4f766,synthetic_policy_concept
TRAIN-0052,train,pressure_action,dangerous_advocacy,The speaker encourages an unsafe pressure or explosion experiment.,e1a80b9b89bbb554baedb8d412160562a79f8c1449ab98099e66dd8b1b4230fe,synthetic_policy_concept
TRAIN-0053,train,pressure_action,dangerous_advocacy,The content repeatedly encourages an unsafe pressure or explosion experiment.,fbe43434b4d48c88d63b94b86c0d1fe11068953d582f80dea9fb513a7f185fa9,synthetic_policy_concept
TRAIN-0054,train,pressure_action,dangerous_advocacy,The upload openly encourages an unsafe pressure or explosion experiment.,33eaea4646e567a48515f76ae89520ab6dcf7b3b0f213a2bcb55830d428c1809,synthetic_policy_concept
TRAIN-0055,train,pressure_action,dangerous_advocacy,Its central message encourages an unsafe pressure or explosion experiment.,fc978936b1fe5909c3e3b5f1ee3bb00a60d0fab348e9bc9a34b8c23e1549ee47,synthetic_policy_concept
TRAIN-0056,train,pressure_action,dangerous_advocacy,The creator's instruction encourages an unsafe pressure or explosion experiment.,60b8496fd8aea871a45296abb62e3704aef63caccfb313bbf8e8f6d983437c86,synthetic_policy_concept
TRAIN-0057,train,transport_action,dangerous_advocacy,This message tells a person to interfere dangerously with a moving vehicle.,db299388628469439ee705b17c6870a7f55a4c31e41d95899fba6805abfda024,synthetic_policy_concept
TRAIN-0058,train,transport_action,dangerous_advocacy,The post clearly tells a person to interfere dangerously with a moving vehicle.,93300ddf0e09adafb0b4e4ebb1425f05d30bdac592b980c0751d57acf9e65805,synthetic_policy_concept
TRAIN-0059,train,transport_action,dangerous_advocacy,A video caption tells a person to interfere dangerously with a moving vehicle.,e04f9d3471fb5871ca8c4f61d1cd26ebf0a67b1b4eed1ebbf2e70d0765144917,synthetic_policy_concept
TRAIN-0060,train,transport_action,dangerous_advocacy,The speaker tells a person to interfere dangerously with a moving vehicle.,866f0d1b7828ccf42b5df6c724002fa98db7bbaf4f349adfae943d6ebd22408a,synthetic_policy_concept
TRAIN-0061,train,transport_action,dangerous_advocacy,The content repeatedly tells a person to interfere dangerously with a moving vehicle.,451bd9f82b5d42d4cb420ce51894a097f753784b74cfeb9017aa76ff9cfb7f67,synthetic_policy_concept
TRAIN-0062,train,transport_action,dangerous_advocacy,The upload openly tells a person to interfere dangerously with a moving vehicle.,0af119017e5574348ae9df22bf2d6d10409c3b96d52a8411a8482c8077c46fa8,synthetic_policy_concept
TRAIN-0063,train,transport_action,dangerous_advocacy,Its central message tells a person to interfere dangerously with a moving vehicle.,db7c17f30c1a57696e5b16115a2d3ceada548e0e634bf74228709dfd1f0fb0cb,synthetic_policy_concept
TRAIN-0064,train,transport_action,dangerous_advocacy,The creator's instruction tells a person to interfere dangerously with a moving vehicle.,d41378b5acd5e67c4d1b37f44e7081b77b998390359ec16388403b675be709ff,synthetic_policy_concept
TRAIN-0065,train,self_endangerment,dangerous_advocacy,This message pressures a person to perform an action likely to cause bodily harm.,f6101a26a7e9f3a2758bea7428512747c1114af222205ef3f41bae4ee2cd0213,synthetic_policy_concept
TRAIN-0066,train,self_endangerment,dangerous_advocacy,The post clearly pressures a person to perform an action likely to cause bodily harm.,e50446288ace045c0d1a9ab558af11a2ece4d9315a0cf1614c89112aba8c25ba,synthetic_policy_concept
TRAIN-0067,train,self_endangerment,dangerous_advocacy,A video caption pressures a person to perform an action likely to cause bodily harm.,39f03c8802270210dc37d1064fabb46df328cba56491703b7ea44c7088c95279,synthetic_policy_concept
TRAIN-0068,train,self_endangerment,dangerous_advocacy,The speaker pressures a person to perform an action likely to cause bodily harm.,0f4627630213d3051516b457498729ff7f40bc232070f9cc60027c2226c1ef17,synthetic_policy_concept
TRAIN-0069,train,self_endangerment,dangerous_advocacy,The content repeatedly pressures a person to perform an action likely to cause bodily harm.,501f94f6ee53aefcdf3b751205130d13672d31a865a757ed98e5d131c8913c34,synthetic_policy_concept
TRAIN-0070,train,self_endangerment,dangerous_advocacy,The upload openly pressures a person to perform an action likely to cause bodily harm.,f5b5b2f40807e802f8c733645406ad76bb3c48cf554c6c87524d74b6959a37f8,synthetic_policy_concept
TRAIN-0071,train,self_endangerment,dangerous_advocacy,Its central message pressures a person to perform an action likely to cause bodily harm.,4ffbf0ea61d5350d5e635635a65565989b1efebda1042a814ac3e3786694f6de,synthetic_policy_concept
TRAIN-0072,train,self_endangerment,dangerous_advocacy,The creator's instruction pressures a person to perform an action likely to cause bodily harm.,2a12225c0d20976a9a8c51547f691feeb00c681d9224755abd1b25ec5a3c90b2,synthetic_policy_concept
TRAIN-0073,train,other_endangerment,dangerous_advocacy,This message asks someone to expose another person to an immediate physical hazard.,13087890c7795c964d4a7c4db6a06aeaa03086037bdc01823a151bba1cb77080,synthetic_policy_concept
TRAIN-0074,train,other_endangerment,dangerous_advocacy,The post clearly asks someone to expose another person to an immediate physical hazard.,a38e29d04be22f56311ba5429682bd308bf2eb0c5f7358a6400307ca2aed8184,synthetic_policy_concept
TRAIN-0075,train,other_endangerment,dangerous_advocacy,A video caption asks someone to expose another person to an immediate physical hazard.,350d9f2827648c27b54479284ec67e52aa6c8866c085c008feccdf7e5de1894f,synthetic_policy_concept
TRAIN-0076,train,other_endangerment,dangerous_advocacy,The speaker asks someone to expose another person to an immediate physical hazard.,0e24d6cba3eb139b1ad8f6c171c68c39c1770b53f1d411c575dde79d9f25238d,synthetic_policy_concept
TRAIN-0077,train,other_endangerment,dangerous_advocacy,The content repeatedly asks someone to expose another person to an immediate physical hazard.,5b0aede1f687f79b6377b776cd92f9cb7c6d0b60936e8921681a3763813e0e9a,synthetic_policy_concept
TRAIN-0078,train,other_endangerment,dangerous_advocacy,The upload openly asks someone to expose another person to an immediate physical hazard.,94ea4a1b44a2ee3ac976d2fd60d9b931920b02d2937f5d79cdc9bf3d798916b2,synthetic_policy_concept
TRAIN-0079,train,other_endangerment,dangerous_advocacy,Its central message asks someone to expose another person to an immediate physical hazard.,81547b0317aa4da3556a9a9e02d52dc7bb6a32f30fcc4fb402dffbd7e92e58e0,synthetic_policy_concept
TRAIN-0080,train,other_endangerment,dangerous_advocacy,The creator's instruction asks someone to expose another person to an immediate physical hazard.,61566e6439234ae95071159f43d79db828e581c3ce6d96316ce96a21afb2c97f,synthetic_policy_concept
TRAIN-0081,train,property_endangerment,dangerous_advocacy,This message encourages an action likely to destroy or seriously damage property.,6b6e4d2969e7c31aabbd115b085775d5c4f3a842c114f877b394ee302540b9ba,synthetic_policy_concept
TRAIN-0082,train,property_endangerment,dangerous_advocacy,The post clearly encourages an action likely to destroy or seriously damage property.,9383005dbd87ae5c1ca35002680bc6ad6db9abffd25294873cd4bf6b3228f03f,synthetic_policy_concept
TRAIN-0083,train,property_endangerment,dangerous_advocacy,A video caption encourages an action likely to destroy or seriously damage property.,40b3716c249e04924dabb87a355a7f684230243079cfed6fc5ac95fa7e1b0004,synthetic_policy_concept
TRAIN-0084,train,property_endangerment,dangerous_advocacy,The speaker encourages an action likely to destroy or seriously damage property.,47f4ab3fb126148bc62f08a386f88ee313e6ec916d13ad57d3837a5d04d9c279,synthetic_policy_concept
TRAIN-0085,train,property_endangerment,dangerous_advocacy,The content repeatedly encourages an action likely to destroy or seriously damage property.,f54f61f0a15ac8b049250c74721689ae1c8a807e3b4150012e42cff17bd42db1,synthetic_policy_concept
TRAIN-0086,train,property_endangerment,dangerous_advocacy,The upload openly encourages an action likely to destroy or seriously damage property.,928f3f6fb82b2d9d89a6144408420ea425a413a26d1d958f92e214cc1a76d05b,synthetic_policy_concept
TRAIN-0087,train,property_endangerment,dangerous_advocacy,Its central message encourages an action likely to destroy or seriously damage property.,96310c0a31ae2b69c8b400d1f0fcbff360ba4c0eef5dd398eb90ec2bbbf3ae7d,synthetic_policy_concept
TRAIN-0088,train,property_endangerment,dangerous_advocacy,The creator's instruction encourages an action likely to destroy or seriously damage property.,9da2ccf0135934d43b75ac625b6d5bf7f1fcc2ebc3676681673c066a2b91ddcf,synthetic_policy_concept
TRAIN-0089,train,challenge_imitation,dangerous_advocacy,This message presents a risky challenge and directly asks the audience to copy it.,3e099bc5b3be39398f558654e5f0d7f8cef16303f9e80b4b9cd6241ef36173c3,synthetic_policy_concept
TRAIN-0090,train,challenge_imitation,dangerous_advocacy,The post clearly presents a risky challenge and directly asks the audience to copy it.,770bd325edd29dcd350973d14b7917640b482582ce172062ad5ff4f390957fd4,synthetic_policy_concept
TRAIN-0091,train,challenge_imitation,dangerous_advocacy,A video caption presents a risky challenge and directly asks the audience to copy it.,b93dd7298a4673b4dcbf02bf653b9ccbb1bdafba4a6599f354fc78a52ba88915,synthetic_policy_concept
TRAIN-0092,train,challenge_imitation,dangerous_advocacy,The speaker presents a risky challenge and directly asks the audience to copy it.,0871fc8ebf803cd5e89f6e533c92dd13abad100d4ff427e8a112ed03419f3d77,synthetic_policy_concept
TRAIN-0093,train,challenge_imitation,dangerous_advocacy,The content repeatedly presents a risky challenge and directly asks the audience to copy it.,df8f6ff9e61df6ce43bc9f25c89b07c9069acd102f93ce32be735147c1dc226e,synthetic_policy_concept
TRAIN-0094,train,challenge_imitation,dangerous_advocacy,The upload openly presents a risky challenge and directly asks the audience to copy it.,4dac0d0284482f605970ec250e42fe14361280bd5f594ad69e448732a8eb9c5d,synthetic_policy_concept
TRAIN-0095,train,challenge_imitation,dangerous_advocacy,Its central message presents a risky challenge and directly asks the audience to copy it.,a7872fb1af711bfc020b26e65fde20a3641f38ff71e4c40bd4bea5826e52e850,synthetic_policy_concept
TRAIN-0096,train,challenge_imitation,dangerous_advocacy,The creator's instruction presents a risky challenge and directly asks the audience to copy it.,8c90f557178ad1d97e65016a090d20c49710c079806aed57e7097dbd02578e27,synthetic_policy_concept
TRAIN-0097,train,hazard_no_controls,dangerous_advocacy,This message demonstrates a hazardous activity while dismissing protective controls.,1f808c44e635d4a82f4f1629ac34eae3b2bac7ab231614ed7da51baa25e64cc4,synthetic_policy_concept
TRAIN-0098,train,hazard_no_controls,dangerous_advocacy,The post clearly demonstrates a hazardous activity while dismissing protective controls.,0ffb9fda2e15b3f2e4a6d9d9e1157e0e84fcd114ee7f8bcd7e086e05e0377f57,synthetic_policy_concept
TRAIN-0099,train,hazard_no_controls,dangerous_advocacy,A video caption demonstrates a hazardous activity while dismissing protective controls.,e9d0b06553561a353b1f1960a901adfc851891a5ebd2bb972f6c58ca3633c004,synthetic_policy_concept
TRAIN-0100,train,hazard_no_controls,dangerous_advocacy,The speaker demonstrates a hazardous activity while dismissing protective controls.,5ce3562eb16bc1b0d3adfae03938cfb694edcadfce987fccacb77056eb5cbd84,synthetic_policy_concept
TRAIN-0101,train,hazard_no_controls,dangerous_advocacy,The content repeatedly demonstrates a hazardous activity while dismissing protective controls.,2a75b838a4952a8999fa495a374ff9df99c04b14cdda5bc7603a3765d8d77e2a,synthetic_policy_concept
TRAIN-0102,train,hazard_no_controls,dangerous_advocacy,The upload openly demonstrates a hazardous activity while dismissing protective controls.,f673b20c29e1c4f8fc7dd5f3255eaaeaf9b7e9e269dcfc7565b5c52f04980e7b,synthetic_policy_concept
TRAIN-0103,train,hazard_no_controls,dangerous_advocacy,Its central message demonstrates a hazardous activity while dismissing protective controls.,1f58cbf142777e147cbf4967f1dfac47a54310a63d9dacf3a34d30cc86b6ebe4,synthetic_policy_concept
TRAIN-0104,train,hazard_no_controls,dangerous_advocacy,The creator's instruction demonstrates a hazardous activity while dismissing protective controls.,035bd3b95b4b81d4b7988eb2a1fca7734a705951dcdfd0423347481f88f2d4b4,synthetic_policy_concept
TRAIN-0105,train,weaponlike_hazard,dangerous_advocacy,This message encourages unsafe handling of a dangerous object around bystanders.,1f51f70f1143be24d7655befd800d33cd1d5694f36daf80c4d4d5b00c1dba89f,synthetic_policy_concept
TRAIN-0106,train,weaponlike_hazard,dangerous_advocacy,The post clearly encourages unsafe handling of a dangerous object around bystanders.,75acd1f1c3fe18dd49a21274e2f5a66a1d0e22a8c75f2e5c123c5e65a9533ba2,synthetic_policy_concept
TRAIN-0107,train,weaponlike_hazard,dangerous_advocacy,A video caption encourages unsafe handling of a dangerous object around bystanders.,9946e2db2f9dacf2d6bf5e09b815e7edacbe7c5818039626e36311a6310fe0ca,synthetic_policy_concept
TRAIN-0108,train,weaponlike_hazard,dangerous_advocacy,The speaker encourages unsafe handling of a dangerous object around bystanders.,acb4abdcce92209057c1688d4a772d0decf34f1844be97832a79ae2a02943a43,synthetic_policy_concept
TRAIN-0109,train,weaponlike_hazard,dangerous_advocacy,The content repeatedly encourages unsafe handling of a dangerous object around bystanders.,10a166b5b306368d0515bffd55e96a781bb2831e5d742e3dcd92eb618c953bc4,synthetic_policy_concept
TRAIN-0110,train,weaponlike_hazard,dangerous_advocacy,The upload openly encourages unsafe handling of a dangerous object around bystanders.,4ef1ed1f481bef4899960ba7231aa60dbf33f3e79e5c4f2b2970b926fb91a0dc,synthetic_policy_concept
TRAIN-0111,train,weaponlike_hazard,dangerous_advocacy,Its central message encourages unsafe handling of a dangerous object around bystanders.,42a984e12e302e0d157fc5dc708dbfed929dc38524c256680eb490daba4e4cc4,synthetic_policy_concept
TRAIN-0112,train,weaponlike_hazard,dangerous_advocacy,The creator's instruction encourages unsafe handling of a dangerous object around bystanders.,30a0942f81e0af66d884611c57a89fd941862e62ba06a55b97e23f17e4a3ab70,synthetic_policy_concept
TRAIN-0113,train,environmental_hazard,dangerous_advocacy,This message promotes entering a clearly unsafe restricted natural area.,b3c196fa0a498914cccbdc92fb37b9feb41230fa9885417ac9a0f94812fb87f2,synthetic_policy_concept
TRAIN-0114,train,environmental_hazard,dangerous_advocacy,The post clearly promotes entering a clearly unsafe restricted natural area.,f1024de0a1781898a8f6703d85cd73ebb723acc2ad89448576ef75299371bee0,synthetic_policy_concept
TRAIN-0115,train,environmental_hazard,dangerous_advocacy,A video caption promotes entering a clearly unsafe restricted natural area.,ea2bd42cc6757215e51728b840e866d624ff897c931952cc49e51490d088d0da,synthetic_policy_concept
TRAIN-0116,train,environmental_hazard,dangerous_advocacy,The speaker promotes entering a clearly unsafe restricted natural area.,e406a7e6a52473aad90c6d7b115f7ea120908970c388ce7c0d2e151500bb698c,synthetic_policy_concept
TRAIN-0117,train,environmental_hazard,dangerous_advocacy,The content repeatedly promotes entering a clearly unsafe restricted natural area.,9c6789d80a63ee25f3cd95eda2289dee279a933a1ab82e00311248d52455f7b6,synthetic_policy_concept
TRAIN-0118,train,environmental_hazard,dangerous_advocacy,The upload openly promotes entering a clearly unsafe restricted natural area.,e89443c1c18de55df6302d0e690490a8274aad8838a70d701502adbdaf394c8b,synthetic_policy_concept
TRAIN-0119,train,environmental_hazard,dangerous_advocacy,Its central message promotes entering a clearly unsafe restricted natural area.,a6d05d62bef906aa2ce255058fcd6962173364d4f7cbde6b4035582b5813a9e6,synthetic_policy_concept
TRAIN-0120,train,environmental_hazard,dangerous_advocacy,The creator's instruction promotes entering a clearly unsafe restricted natural area.,f27f936379bde7c02224fa536804f9cbf5d6c577c60c35f1f36e7a447eb5702c,synthetic_policy_concept
TRAIN-0121,train,household_hazard,dangerous_advocacy,This message urges combining ordinary household items in a hazardous unsupervised act.,73262581591a7f540cadb74e6cf34c4f79806d18baed77fc3d9e39b3af9aeb3d,synthetic_policy_concept
TRAIN-0122,train,household_hazard,dangerous_advocacy,The post clearly urges combining ordinary household items in a hazardous unsupervised act.,1f03ba37b9538cbe20e00ed8677cc4e3c156ef91922d40f6d9f94c1330c4706c,synthetic_policy_concept
TRAIN-0123,train,household_hazard,dangerous_advocacy,A video caption urges combining ordinary household items in a hazardous unsupervised act.,3c09289ce0a01acfb86c972a2f26ac91a1d1092a905b0f05db5264bea19a8f86,synthetic_policy_concept
TRAIN-0124,train,household_hazard,dangerous_advocacy,The speaker urges combining ordinary household items in a hazardous unsupervised act.,ee6d119a08442cbd51e3cd3ce794a3fefba851e8a2b33af6a3cbaadc874d32a0,synthetic_policy_concept
TRAIN-0125,train,household_hazard,dangerous_advocacy,The content repeatedly urges combining ordinary household items in a hazardous unsupervised act.,96839b0f117e6030435d170133de535ff04b70d06256315c78bc962ec99afaf5,synthetic_policy_concept
TRAIN-0126,train,household_hazard,dangerous_advocacy,The upload openly urges combining ordinary household items in a hazardous unsupervised act.,dce108e239387f0754fcb835d7d31b53098bc9864d9d4963855576ffec8bc218,synthetic_policy_concept
TRAIN-0127,train,household_hazard,dangerous_advocacy,Its central message urges combining ordinary household items in a hazardous unsupervised act.,e0876ae62fd01f7045d83ddb60f51702e528b7844bddc684bd60928fb4148f17,synthetic_policy_concept
TRAIN-0128,train,household_hazard,dangerous_advocacy,The creator's instruction urges combining ordinary household items in a hazardous unsupervised act.,9fa8b1a6bffcfe7c43f0388c4bb9b0a61992a833063e262ae71acbc92b49a58b,synthetic_policy_concept
TRAIN-0129,train,warning_stunt,safe_warning,This message warns people not to imitate a dangerous stunt shown in a news report.,c977bdf2f6d9057dfbdf71c0c4754b74add8ea76f824c36f8c4ccc774810ab4d,synthetic_policy_concept
TRAIN-0130,train,warning_stunt,safe_warning,The post clearly warns people not to imitate a dangerous stunt shown in a news report.,d7a15e4700a23f968592de6c369da4c76d40593d5d36aa7b1e75459ec022f6a1,synthetic_policy_concept
TRAIN-0131,train,warning_stunt,safe_warning,A video caption warns people not to imitate a dangerous stunt shown in a news report.,d4e5bbee7c06a9b8625aad7ae095b450a581e067c64c8e777ff93c3a5317219f,synthetic_policy_concept
TRAIN-0132,train,warning_stunt,safe_warning,The speaker warns people not to imitate a dangerous stunt shown in a news report.,7b32a9af5b66873cd77800a127b48300dfef083db9365a10bbfd1db357cf3ff9,synthetic_policy_concept
TRAIN-0133,train,warning_stunt,safe_warning,The content repeatedly warns people not to imitate a dangerous stunt shown in a news report.,9a489d1c55805e23a681212d59975336ef05c20dbe8fb03419664ad21920d989,synthetic_policy_concept
TRAIN-0134,train,warning_stunt,safe_warning,The upload openly warns people not to imitate a dangerous stunt shown in a news report.,fbe44d7f741b4727dd24606d78adf0f3c6a814c1ffe50204362641f57c243d0e,synthetic_policy_concept
TRAIN-0135,train,warning_stunt,safe_warning,Its central message warns people not to imitate a dangerous stunt shown in a news report.,d6f33d2fe858f7df29a391f4a6d24b10f9b3feaa2a2c2278a8b8c15d849df0b0,synthetic_policy_concept
TRAIN-0136,train,warning_stunt,safe_warning,The creator's instruction warns people not to imitate a dangerous stunt shown in a news report.,14b1d8b8e5145a9731ecf45a44a1ae9255af6afcebfd47c17816dd3551b70c0f,synthetic_policy_concept
TRAIN-0137,train,warning_fire,safe_warning,This message explains how to prevent accidental fires and contact emergency services.,45185969ddf7bfe058d5aaa09c828544b38b4e341d7f485a41e189c94db4c90b,synthetic_policy_concept
TRAIN-0138,train,warning_fire,safe_warning,The post clearly explains how to prevent accidental fires and contact emergency services.,90b753887b2ee0d6b91eaac703b3fce0c4eb6566fb4bfd08d0299c897a5884fb,synthetic_policy_concept
TRAIN-0139,train,warning_fire,safe_warning,A video caption explains how to prevent accidental fires and contact emergency services.,5b5c8d4aad575b4a5cc9a6a4ed442b1478f86d75a00cb317e01d92894b0b5a24,synthetic_policy_concept
TRAIN-0140,train,warning_fire,safe_warning,The speaker explains how to prevent accidental fires and contact emergency services.,1f1a99e14cad5bdf41b51f469b8b2c90e33887f30f43abb04786df17986578f7,synthetic_policy_concept
TRAIN-0141,train,warning_fire,safe_warning,The content repeatedly explains how to prevent accidental fires and contact emergency services.,575de03a60c9bc574224a327edd1a68d3be1bcdd5702209d62abcc6393b05b1d,synthetic_policy_concept
TRAIN-0142,train,warning_fire,safe_warning,The upload openly explains how to prevent accidental fires and contact emergency services.,a74596d09d5d88e3d6dcf41cf0694e70f3ffb8f18953fcc2c865bb972de4bc07,synthetic_policy_concept
TRAIN-0143,train,warning_fire,safe_warning,Its central message explains how to prevent accidental fires and contact emergency services.,fbf05c1b070541ce312f8801f126ba56c0f4ae2d5f8116c18ffac5c1d73c0cc1,synthetic_policy_concept
TRAIN-0144,train,warning_fire,safe_warning,The creator's instruction explains how to prevent accidental fires and contact emergency services.,bc778f556940bfcdb8dc7e9c20905aee5c6a053c2887dc1e606b8cc1d38360ca,synthetic_policy_concept
TRAIN-0145,train,warning_electrical,safe_warning,This message teaches electrical hazard recognition without attempting the hazard.,88f7606ab0c216fcfe724b1579dae3297b76c33a649ac40f18099362949b9c3b,synthetic_policy_concept
TRAIN-0146,train,warning_electrical,safe_warning,The post clearly teaches electrical hazard recognition without attempting the hazard.,358df60dd660303cc17d3aef570d530274c8d3e918cab18b1a191d81eed1b3cf,synthetic_policy_concept
TRAIN-0147,train,warning_electrical,safe_warning,A video caption teaches electrical hazard recognition without attempting the hazard.,06303d3e6dbc84d75573c7da20fcf3a026b4c017521375c282b7c5d8c472f487,synthetic_policy_concept
TRAIN-0148,train,warning_electrical,safe_warning,The speaker teaches electrical hazard recognition without attempting the hazard.,102268c368712c692ba40cab4c032152965aef3a32348749fde9fb8dd8e5f9da,synthetic_policy_concept
TRAIN-0149,train,warning_electrical,safe_warning,The content repeatedly teaches electrical hazard recognition without attempting the hazard.,991d30eecd6150834fd5aa4c90784fe243f1c46752d40319aad21f9722634e33,synthetic_policy_concept
TRAIN-0150,train,warning_electrical,safe_warning,The upload openly teaches electrical hazard recognition without attempting the hazard.,984aad3cdf4db5e6710d87c3923d072d19415a41e17e37fe37f0db2e959365fb,synthetic_policy_concept
TRAIN-0151,train,warning_electrical,safe_warning,Its central message teaches electrical hazard recognition without attempting the hazard.,b1d59b963d7d12c56a906cef48cc2dff3cd97073f832119b8c75d36203d8c8cf,synthetic_policy_concept
TRAIN-0152,train,warning_electrical,safe_warning,The creator's instruction teaches electrical hazard recognition without attempting the hazard.,167f9a4ab1b10f8f8a6b716a0f136696bd620278df4997da057f1b01c489e2bb,synthetic_policy_concept
TRAIN-0153,train,warning_chemical,safe_warning,This message reports a hazardous experiment and tells viewers not to repeat it.,af48cb681dd86d0a5a9260603ec6bd6cc7752b8787b0ec44ee4606d4989f6616,synthetic_policy_concept
TRAIN-0154,train,warning_chemical,safe_warning,The post clearly reports a hazardous experiment and tells viewers not to repeat it.,5b41edd463182d1faf6f0ca2ae58d367214472acba1f40a80cd6fdfef1761d50,synthetic_policy_concept
TRAIN-0155,train,warning_chemical,safe_warning,A video caption reports a hazardous experiment and tells viewers not to repeat it.,ed811f7232e61fe256170d09f6d4025a92cee5c9f9b0186d5e772438130dca17,synthetic_policy_concept
TRAIN-0156,train,warning_chemical,safe_warning,The speaker reports a hazardous experiment and tells viewers not to repeat it.,41aa968a787f9d13d3e59c806de7cb9d644bdf2ac26264a5e6c934cbcf65764a,synthetic_policy_concept
TRAIN-0157,train,warning_chemical,safe_warning,The content repeatedly reports a hazardous experiment and tells viewers not to repeat it.,2f1b803472f1a537e2683c58fde8af189e52a10ca752c65068cc96691282a572,synthetic_policy_concept
TRAIN-0158,train,warning_chemical,safe_warning,The upload openly reports a hazardous experiment and tells viewers not to repeat it.,42f2d72d5505a22be90de9cadb73f851c1c297d2166a6f43d6accb5ff8e6fc80,synthetic_policy_concept
TRAIN-0159,train,warning_chemical,safe_warning,Its central message reports a hazardous experiment and tells viewers not to repeat it.,03f0e0cd5b4107a679d740ba091a49950cb12e1e0395cd98872a431c7f6c839f,synthetic_policy_concept
TRAIN-0160,train,warning_chemical,safe_warning,The creator's instruction reports a hazardous experiment and tells viewers not to repeat it.,7bf677483289914d50d0c333269e8ffa9e661a7332974d6dae86b3b638d45253,synthetic_policy_concept
TRAIN-0161,train,warning_vehicle,safe_warning,This message condemns a viral moving-vehicle challenge and promotes road safety.,3abf5c1606bcda63d1f1d77af29db1c6af881379b51c5485fad0db8956e728d9,synthetic_policy_concept
TRAIN-0162,train,warning_vehicle,safe_warning,The post clearly condemns a viral moving-vehicle challenge and promotes road safety.,fdfbeb3c0830557ea22ac2ba7f2d8abd18807850bb5252c57fa98acc33ec0b90,synthetic_policy_concept
TRAIN-0163,train,warning_vehicle,safe_warning,A video caption condemns a viral moving-vehicle challenge and promotes road safety.,db2a7674c13b29fec42d7f33729c49de615fff097ca1d1d98467a5ba2255aa81,synthetic_policy_concept
TRAIN-0164,train,warning_vehicle,safe_warning,The speaker condemns a viral moving-vehicle challenge and promotes road safety.,cd248eecc812665ab8f0e619a0d77e9b22220f47b41e528b516eeba6869bbfb8,synthetic_policy_concept
TRAIN-0165,train,warning_vehicle,safe_warning,The content repeatedly condemns a viral moving-vehicle challenge and promotes road safety.,c4f98f69cbbe8f4a44eea1afb284456fe2ae06522d6e7a7fe6c7f0e5636f4509,synthetic_policy_concept
TRAIN-0166,train,warning_vehicle,safe_warning,The upload openly condemns a viral moving-vehicle challenge and promotes road safety.,1bb47d7749b98cffc88436afd684efd5e88af6faf225bd33145b79e08080f973,synthetic_policy_concept
TRAIN-0167,train,warning_vehicle,safe_warning,Its central message condemns a viral moving-vehicle challenge and promotes road safety.,3be5645c792e05317e8f0f1c140d38a56db0e92e2174cab9f791ad75f4bc5739,synthetic_policy_concept
TRAIN-0168,train,warning_vehicle,safe_warning,The creator's instruction condemns a viral moving-vehicle challenge and promotes road safety.,4643341e076b27656dbb0c1455c8cc0263684c91cfc956db0a5e80fcf331cfc4,synthetic_policy_concept
TRAIN-0169,train,warning_property,safe_warning,This message describes property damage only to explain prevention and legal consequences.,c866a123b9dc9741b54a9f6510230368121268e9bf001a72dfb1f1b1b445245b,synthetic_policy_concept
TRAIN-0170,train,warning_property,safe_warning,The post clearly describes property damage only to explain prevention and legal consequences.,b72d97338d23fa5a8394c01e2622e611c0e29ec5a049788c45de9558d578eb23,synthetic_policy_concept
TRAIN-0171,train,warning_property,safe_warning,A video caption describes property damage only to explain prevention and legal consequences.,1ce74a5f3fc603f96e65adab0cad5e070606031a2c08da1fdd206193a8604980,synthetic_policy_concept
TRAIN-0172,train,warning_property,safe_warning,The speaker describes property damage only to explain prevention and legal consequences.,5d77f4a3097f036cf800447dda7a1f0919915ede97136eabe542acffba726956,synthetic_policy_concept
TRAIN-0173,train,warning_property,safe_warning,The content repeatedly describes property damage only to explain prevention and legal consequences.,ca487a9fdfe7ed240216cfd336f67b201ea8f92eadd32d9d9ab8c7ce54b9cccd,synthetic_policy_concept
TRAIN-0174,train,warning_property,safe_warning,The upload openly describes property damage only to explain prevention and legal consequences.,c47d5732072c2047327a755a59025c1a63491a5b598ec248012d7fadf9f15160,synthetic_policy_concept
TRAIN-0175,train,warning_property,safe_warning,Its central message describes property damage only to explain prevention and legal consequences.,00a579d5301499c17ca3bc5864f96cd11bfb81b4325da4e18cc7bcacb00948c0,synthetic_policy_concept
TRAIN-0176,train,warning_property,safe_warning,The creator's instruction describes property damage only to explain prevention and legal consequences.,1f0ab3c282c176a113e3ef05053a022b8af97d45aaa17b46284d01772664ee34,synthetic_policy_concept
TRAIN-0177,train,warning_self,safe_warning,This message discourages self-endangering behavior and directs the person to safety.,55d9e3bf48303bf800fa23a2ab895de3a3120d12579f9c661d5e730b51010c7c,synthetic_policy_concept
TRAIN-0178,train,warning_self,safe_warning,The post clearly discourages self-endangering behavior and directs the person to safety.,9f20ed977230fd6ae033a70904ac3f48cb1d9ed1736b8bc916dbe66c7c5908e4,synthetic_policy_concept
TRAIN-0179,train,warning_self,safe_warning,A video caption discourages self-endangering behavior and directs the person to safety.,ecb77f2c5ac6a87ad9f70bd2653682bc1e0e46e71c49b2d38bd9c572e8293eda,synthetic_policy_concept
TRAIN-0180,train,warning_self,safe_warning,The speaker discourages self-endangering behavior and directs the person to safety.,0dd35d6b51608a2da0803954815c73268a42932123d92f6bb665777f069687ca,synthetic_policy_concept
TRAIN-0181,train,warning_self,safe_warning,The content repeatedly discourages self-endangering behavior and directs the person to safety.,d4bcb33b61b4e00393389e39ccd64f1e3f43497bf1a8b8056e12f55714ab85a3,synthetic_policy_concept
TRAIN-0182,train,warning_self,safe_warning,The upload openly discourages self-endangering behavior and directs the person to safety.,7d959c8ef67b7612ca374fa81293fd0fa9eb337f536b631282157bcac3b58b1a,synthetic_policy_concept
TRAIN-0183,train,warning_self,safe_warning,Its central message discourages self-endangering behavior and directs the person to safety.,274a5dbc250234d40ccda827f7f37222261047bcda7c9a1f93d7c9d8876d3346,synthetic_policy_concept
TRAIN-0184,train,warning_self,safe_warning,The creator's instruction discourages self-endangering behavior and directs the person to safety.,207f638541a1b50f7e32f7e0d654ca36dd86a91f166eae3d2e1603e92cb18ae5,synthetic_policy_concept
TRAIN-0185,train,warning_other,safe_warning,This message condemns exposing another person to danger and recommends protective action.,c744e143f7e0dde60d2c29049c1a0b73330a4607a763c6daa5e86470370090d6,synthetic_policy_concept
TRAIN-0186,train,warning_other,safe_warning,The post clearly condemns exposing another person to danger and recommends protective action.,5c7ab4baf789a41ba966a6a36e2063adb78cea2804a78f10fbe10b836081c2b8,synthetic_policy_concept
TRAIN-0187,train,warning_other,safe_warning,A video caption condemns exposing another person to danger and recommends protective action.,72bc0750ee929226da460d4aa43b9678986e6883fef76930edcb47101f388f48,synthetic_policy_concept
TRAIN-0188,train,warning_other,safe_warning,The speaker condemns exposing another person to danger and recommends protective action.,10274d0bc879a4258152a4b26cdd3c7fcbe281b9f6dfb7cb92695171b0ae5ad1,synthetic_policy_concept
TRAIN-0189,train,warning_other,safe_warning,The content repeatedly condemns exposing another person to danger and recommends protective action.,8d0edb05c1d98a5e8882963d29538492c1ba39dc330fa2879b5c82b22030794a,synthetic_policy_concept
TRAIN-0190,train,warning_other,safe_warning,The upload openly condemns exposing another person to danger and recommends protective action.,8fdc2ce962d28811fff06a063494c5941f11f7ee20a146e8414beb948ac4544c,synthetic_policy_concept
TRAIN-0191,train,warning_other,safe_warning,Its central message condemns exposing another person to danger and recommends protective action.,e00dfa65da83ceedfaf219023a8dc0e705702c96dad331d49385b36987a7fa52,synthetic_policy_concept
TRAIN-0192,train,warning_other,safe_warning,The creator's instruction condemns exposing another person to danger and recommends protective action.,261829b76ea633b4e29fe982bdd67b84902e9ef892fbf925796567be923561b0,synthetic_policy_concept
TRAIN-0193,train,warning_mechanical,safe_warning,This message explains machinery lockout and injury prevention without bypass instructions.,4e9c633bded741ac3d77add25a986280781e82bf3a4b19ee4f2964ec1cf24bfc,synthetic_policy_concept
TRAIN-0194,train,warning_mechanical,safe_warning,The post clearly explains machinery lockout and injury prevention without bypass instructions.,52d2609ecef79c774b8c5904fb022f7279330a042c237a26d2224c142be9e3d2,synthetic_policy_concept
TRAIN-0195,train,warning_mechanical,safe_warning,A video caption explains machinery lockout and injury prevention without bypass instructions.,98fa350b918d126310e42d583b995389a3e72e6e667436d76af56d208e336b03,synthetic_policy_concept
TRAIN-0196,train,warning_mechanical,safe_warning,The speaker explains machinery lockout and injury prevention without bypass instructions.,e0f6b9fb1d97e21907ccb2c5b3a218bc4aa37aa7253c1cf5bc3a1df993e7b5f7,synthetic_policy_concept
TRAIN-0197,train,warning_mechanical,safe_warning,The content repeatedly explains machinery lockout and injury prevention without bypass instructions.,73089d7bf27297db8a10a7406ba4be5ed3d9867e0389cb9d28681b5d2dfddde5,synthetic_policy_concept
TRAIN-0198,train,warning_mechanical,safe_warning,The upload openly explains machinery lockout and injury prevention without bypass instructions.,d76a7338a238963b398ce977259f189c4c604d6298db85b6ca07ee463c15ed8c,synthetic_policy_concept
TRAIN-0199,train,warning_mechanical,safe_warning,Its central message explains machinery lockout and injury prevention without bypass instructions.,4473cebc2867a1d8e1a1266bb0caa2cee006a0bb240cf8f18ae36b7d9a50bbcc,synthetic_policy_concept
TRAIN-0200,train,warning_mechanical,safe_warning,The creator's instruction explains machinery lockout and injury prevention without bypass instructions.,924b2c35d4e823fd78eceab46fd5eb0537276e8ec97ad62a3e328a16609c92aa,synthetic_policy_concept
TRAIN-0201,train,warning_household,safe_warning,This message alerts families to a household hazard and recommends safe storage.,c57514bcf211258949c4e478fd1625a998af12bd1aa023be69e2a819a91cc307,synthetic_policy_concept
TRAIN-0202,train,warning_household,safe_warning,The post clearly alerts families to a household hazard and recommends safe storage.,bbc1dd4ddda0d3fcdeb5e9802d300a0047892884bb0d153037b46671ba17148f,synthetic_policy_concept
TRAIN-0203,train,warning_household,safe_warning,A video caption alerts families to a household hazard and recommends safe storage.,3f7d4f8845123765e0b4a58eb4cd8fd8198e1b414868ffa80334221f5cc86d89,synthetic_policy_concept
TRAIN-0204,train,warning_household,safe_warning,The speaker alerts families to a household hazard and recommends safe storage.,2429ba329fe80bf83a125eb95404892141b833ffba055b767a6f6f90cca38757,synthetic_policy_concept
TRAIN-0205,train,warning_household,safe_warning,The content repeatedly alerts families to a household hazard and recommends safe storage.,a163ded3b41effc6d92a83ca5d0dd5b2a54609ef0286126d578f7315eb47456b,synthetic_policy_concept
TRAIN-0206,train,warning_household,safe_warning,The upload openly alerts families to a household hazard and recommends safe storage.,422478bc7e0743efd68b2f6169bdd082fc9de55cbb0077047f0c89fdd310eea8,synthetic_policy_concept
TRAIN-0207,train,warning_household,safe_warning,Its central message alerts families to a household hazard and recommends safe storage.,db6325c97371256690e6ce2f58daf8205c36ff019bdf02630ca4d30566c97795,synthetic_policy_concept
TRAIN-0208,train,warning_household,safe_warning,The creator's instruction alerts families to a household hazard and recommends safe storage.,a58568a8237b85647040b8d28b45a3c449234dedc9988eb08f77cabe57e7bb74,synthetic_policy_concept
TRAIN-0209,train,reporting_accident,safe_warning,This message neutrally reports that a dangerous incident occurred without encouraging it.,4645a1bb59a503a4d8d8e3ac093f74ee75335bb1177e2eb172a504223caf4d0c,synthetic_policy_concept
TRAIN-0210,train,reporting_accident,safe_warning,The post clearly neutrally reports that a dangerous incident occurred without encouraging it.,e812ed23e93d02100d4f79c7d17b741741bd262234872d12b64ed556bd873343,synthetic_policy_concept
TRAIN-0211,train,reporting_accident,safe_warning,A video caption neutrally reports that a dangerous incident occurred without encouraging it.,aab12171627ae1f340ab396d9939ac5097bee2afc2eba3857f21266d85a3300c,synthetic_policy_concept
TRAIN-0212,train,reporting_accident,safe_warning,The speaker neutrally reports that a dangerous incident occurred without encouraging it.,09b5db17f9e68a9df11035230402ef6ba7a4eab77a3daa36b1e94324da0af8af,synthetic_policy_concept
TRAIN-0213,train,reporting_accident,safe_warning,The content repeatedly neutrally reports that a dangerous incident occurred without encouraging it.,39d40444e89ff6f631376b182e126b703956820f575f54d0bc390ff49c19fd83,synthetic_policy_concept
TRAIN-0214,train,reporting_accident,safe_warning,The upload openly neutrally reports that a dangerous incident occurred without encouraging it.,9f28593db5176fc68365d17bc5ff0aeb749a5f8cc70690cb6e70138250851a5a,synthetic_policy_concept
TRAIN-0215,train,reporting_accident,safe_warning,Its central message neutrally reports that a dangerous incident occurred without encouraging it.,494284ed294032a1a7bea60bcf0061d100aab760ead7f419d608b3a2a2f7d8f4,synthetic_policy_concept
TRAIN-0216,train,reporting_accident,safe_warning,The creator's instruction neutrally reports that a dangerous incident occurred without encouraging it.,4c70f7a565e6d4dc2899d2b1cd9f4e36f801f936ad7e345f710eb7d3aea40d7c,synthetic_policy_concept
TRAIN-0217,train,prevention_campaign,safe_warning,This message shares a public safety campaign against reckless challenges.,9bc94bc1a07283db06b9fc350a50886728702eae61970d6d240122667a7f9fac,synthetic_policy_concept
TRAIN-0218,train,prevention_campaign,safe_warning,The post clearly shares a public safety campaign against reckless challenges.,f8826a4afaac7e8c28c7b67077b56dbefc39cffa2c1988a7e3ab506688671d8a,synthetic_policy_concept
TRAIN-0219,train,prevention_campaign,safe_warning,A video caption shares a public safety campaign against reckless challenges.,b7413b85f4b69c9be9adeeb1bbe0234be512e8b91f075f332f387e57b74819e0,synthetic_policy_concept
TRAIN-0220,train,prevention_campaign,safe_warning,The speaker shares a public safety campaign against reckless challenges.,64d3469048c95d240dc41cc60982070e2e8902216a6714595fddfb0db26d277c,synthetic_policy_concept
TRAIN-0221,train,prevention_campaign,safe_warning,The content repeatedly shares a public safety campaign against reckless challenges.,965e066d22d3bd7eb2b847247bb26f8a77b75c30b2f71990eb8c349a9652c667,synthetic_policy_concept
TRAIN-0222,train,prevention_campaign,safe_warning,The upload openly shares a public safety campaign against reckless challenges.,9183255f31b061ff198f09872c97edeb004b292d511b296d6af0e78bfb7bab92,synthetic_policy_concept
TRAIN-0223,train,prevention_campaign,safe_warning,Its central message shares a public safety campaign against reckless challenges.,4dbd070249a6648d4199cfa3d33974f6a728f60718c05bec3be7c0f730ad9853,synthetic_policy_concept
TRAIN-0224,train,prevention_campaign,safe_warning,The creator's instruction shares a public safety campaign against reckless challenges.,92481a9388522418b6a5ce0cebb0818e53e7a708819654aafb55ea3e3905a5f7,synthetic_policy_concept
TRAIN-0225,train,emergency_guidance,safe_warning,This message provides high-level emergency safety guidance after an accident.,e10b01ce147494d4bc00bdccad83db8767513caea7ed1a956e7ab972a2649f17,synthetic_policy_concept
TRAIN-0226,train,emergency_guidance,safe_warning,The post clearly provides high-level emergency safety guidance after an accident.,5281fc2e6ed713f7f5be748ab14bc7ac8f38bbb2eac3b3f1ef489b364905ccc0,synthetic_policy_concept
TRAIN-0227,train,emergency_guidance,safe_warning,A video caption provides high-level emergency safety guidance after an accident.,de2c89a7869f1b58b11fa19a36935161b5c2f8761ef5c0e03f954d411142ed73,synthetic_policy_concept
TRAIN-0228,train,emergency_guidance,safe_warning,The speaker provides high-level emergency safety guidance after an accident.,43cfb1e9ddfd3b98714e75b5edbc6a69b2597dc26c7f658c61d216d011e6f3a3,synthetic_policy_concept
TRAIN-0229,train,emergency_guidance,safe_warning,The content repeatedly provides high-level emergency safety guidance after an accident.,46160f4d6a01885bfaad7ff3b55f2b9bfccdc9dfc17771cc7793715d29fa14c7,synthetic_policy_concept
TRAIN-0230,train,emergency_guidance,safe_warning,The upload openly provides high-level emergency safety guidance after an accident.,96c3ab6d58f7dc5debebdc1a0dae0f5b75fa52f5e08df557f13077beb40bddee,synthetic_policy_concept
TRAIN-0231,train,emergency_guidance,safe_warning,Its central message provides high-level emergency safety guidance after an accident.,0c0c8cad3dcce9a273dede54d20993b1c3cb047b86000bdbda6da06a1286f3c7,synthetic_policy_concept
TRAIN-0232,train,emergency_guidance,safe_warning,The creator's instruction provides high-level emergency safety guidance after an accident.,2df83aefdab8d50108bbd0366f5408b47e45d35f86b566625e2ee64049d1d7db,synthetic_policy_concept
TRAIN-0233,train,safety_research,safe_warning,This message summarizes research about injury prevention without demonstrating harmful acts.,4a0c7adf41dab5234a5db9c8ea633bcdac4f9a089da2e62bc2312e22fe22d05b,synthetic_policy_concept
TRAIN-0234,train,safety_research,safe_warning,The post clearly summarizes research about injury prevention without demonstrating harmful acts.,8f2ff4dafd7526be10ff1f55e9569fc0860e67eeac7de226fac8e923ed611463,synthetic_policy_concept
TRAIN-0235,train,safety_research,safe_warning,A video caption summarizes research about injury prevention without demonstrating harmful acts.,4358c21bd13baab397916153ac66b7917c78aa9463f25b2bb626b967c20b1f16,synthetic_policy_concept
TRAIN-0236,train,safety_research,safe_warning,The speaker summarizes research about injury prevention without demonstrating harmful acts.,a9c33febed2cb55e29411b5b86b8e1da9271443d2bfde3ca31c4a475a9c36473,synthetic_policy_concept
TRAIN-0237,train,safety_research,safe_warning,The content repeatedly summarizes research about injury prevention without demonstrating harmful acts.,6c4dadd312ec16d827118607218f7dafd94369fe2d2d0bda89b718b6d8cdab6a,synthetic_policy_concept
TRAIN-0238,train,safety_research,safe_warning,The upload openly summarizes research about injury prevention without demonstrating harmful acts.,e87d6235ea73cab42bd4b338ce21f80167ee0bd929fa0fe08297a65270838f9c,synthetic_policy_concept
TRAIN-0239,train,safety_research,safe_warning,Its central message summarizes research about injury prevention without demonstrating harmful acts.,d7b2bfb1297b0f633e3e8431a6a6522ac0ba0e098c579d6fdd5d37cd53ceacdd,synthetic_policy_concept
TRAIN-0240,train,safety_research,safe_warning,The creator's instruction summarizes research about injury prevention without demonstrating harmful acts.,ea91d8b837db757dc96505c19fad8804df0b9d6273e7d67f44cb68e5d472e4fb,synthetic_policy_concept
TRAIN-0241,train,warning_environment,safe_warning,This message warns visitors to avoid a restricted hazardous area.,b26307f7891d3f128fc724b76178567373d713317bab6de5ced1720a774cb645,synthetic_policy_concept
TRAIN-0242,train,warning_environment,safe_warning,The post clearly warns visitors to avoid a restricted hazardous area.,fa63e80110d49f40285bbc0dc033b80c2773b6e741171d4130a9ab370600ae04,synthetic_policy_concept
TRAIN-0243,train,warning_environment,safe_warning,A video caption warns visitors to avoid a restricted hazardous area.,cf5524f727da028dec6479e0ffd7311930871355cfbb14ef48ecd8b280c94bf8,synthetic_policy_concept
TRAIN-0244,train,warning_environment,safe_warning,The speaker warns visitors to avoid a restricted hazardous area.,e792aa59472f6ea41175ba217389ade15dc4670f95623d0b734830e81f37ea5f,synthetic_policy_concept
TRAIN-0245,train,warning_environment,safe_warning,The content repeatedly warns visitors to avoid a restricted hazardous area.,d59fb6894aa8949dc0b5cac0700456134748b49bf9a5221e2acfd62d5083cc01,synthetic_policy_concept
TRAIN-0246,train,warning_environment,safe_warning,The upload openly warns visitors to avoid a restricted hazardous area.,c6d1ffdb6497cc829111713b440c761008dc03fa7bd21a75a9c56e27d009831c,synthetic_policy_concept
TRAIN-0247,train,warning_environment,safe_warning,Its central message warns visitors to avoid a restricted hazardous area.,5edf4a21e8320c83a1d6d13c8d8e7926436ae22e996a532937fe65d8b401f702,synthetic_policy_concept
TRAIN-0248,train,warning_environment,safe_warning,The creator's instruction warns visitors to avoid a restricted hazardous area.,10887febcf817ee729bde871eed675bb54ee4c417c71db7f6bd6f703808b199a,synthetic_policy_concept
TRAIN-0249,train,condemnation,safe_warning,This message explicitly condemns an unsafe act and asks others not to copy it.,1f1560a5e3944f90b712dc044a65cd3f7a1773f072e1b93ee1da99e74226bd96,synthetic_policy_concept
TRAIN-0250,train,condemnation,safe_warning,The post clearly explicitly condemns an unsafe act and asks others not to copy it.,d6dbd50e6dbed8105e2372e37c5913a7479acd3d720450c5e1f5b51ec5bbc385,synthetic_policy_concept
TRAIN-0251,train,condemnation,safe_warning,A video caption explicitly condemns an unsafe act and asks others not to copy it.,668dabfc21b6204830f87c08faf3a2ab9950f96cebd5665a50dc384c1dd977d4,synthetic_policy_concept
TRAIN-0252,train,condemnation,safe_warning,The speaker explicitly condemns an unsafe act and asks others not to copy it.,7092b6591110d18c9495f35461ef07a0a0a4a1ed48be156d47cb1be3bca84a85,synthetic_policy_concept
TRAIN-0253,train,condemnation,safe_warning,The content repeatedly explicitly condemns an unsafe act and asks others not to copy it.,76624220b57e8bac348ddc983c9aa8509922c8538f3ae41ba0559b38241c4b96,synthetic_policy_concept
TRAIN-0254,train,condemnation,safe_warning,The upload openly explicitly condemns an unsafe act and asks others not to copy it.,63b156d5a8f5e261bac7d808f257fc41f0fdd32c4ab9500ecab73092a1d7fd31,synthetic_policy_concept
TRAIN-0255,train,condemnation,safe_warning,Its central message explicitly condemns an unsafe act and asks others not to copy it.,034725863116c6302509ee19d03f3211e6a8ccae1261d2851eff30e6ab1425b8,synthetic_policy_concept
TRAIN-0256,train,condemnation,safe_warning,The creator's instruction explicitly condemns an unsafe act and asks others not to copy it.,511c54d621e62a6c1c6fb6e9644d8bfdd44df46c20a0224d8bd543138790b916,synthetic_policy_concept
TRAIN-0257,train,professional_fire,professional_controlled,This message shows trained firefighters in a controlled exercise with safety precautions.,6e298495acaa81850135572241b39bdb44b39f251eb17605fbff5758496e68d4,synthetic_policy_concept
TRAIN-0258,train,professional_fire,professional_controlled,The post clearly shows trained firefighters in a controlled exercise with safety precautions.,441f0e25ca35b735099ed84767729075b2a4c1e3ec7813dc328534482cd9095f,synthetic_policy_concept
TRAIN-0259,train,professional_fire,professional_controlled,A video caption shows trained firefighters in a controlled exercise with safety precautions.,04a3cd9c298aaa464612b977f2f4eff4a95b37e8e7ef8ee10cc6ced0518a8a9a,synthetic_policy_concept
TRAIN-0260,train,professional_fire,professional_controlled,The speaker shows trained firefighters in a controlled exercise with safety precautions.,622c10b3248cb94ac447a57b7e92881ffee3acaac32e69f1c3b9f2b7ee95a643,synthetic_policy_concept
TRAIN-0261,train,professional_fire,professional_controlled,The content repeatedly shows trained firefighters in a controlled exercise with safety precautions.,4b4e16a800622b11696e86ccfa3c0d68603d5c7dfc8627cae2e21316ba2e3f41,synthetic_policy_concept
TRAIN-0262,train,professional_fire,professional_controlled,The upload openly shows trained firefighters in a controlled exercise with safety precautions.,12e7efbe9b2e4fdc681f7516384021ec5cfef15338b9864ec67c5dbd75cfa444,synthetic_policy_concept
TRAIN-0263,train,professional_fire,professional_controlled,Its central message shows trained firefighters in a controlled exercise with safety precautions.,f407c1444fd635483bf622d6e3332f6356a088f23808ee5c825ef2cdf258802f,synthetic_policy_concept
TRAIN-0264,train,professional_fire,professional_controlled,The creator's instruction shows trained firefighters in a controlled exercise with safety precautions.,00ffc4a498f51f14ff6b8414ec809e25e9f0c3981bc57ae78d9daa198184a623,synthetic_policy_concept
TRAIN-0265,train,professional_electrical,professional_controlled,This message shows licensed technicians isolating equipment under formal controls.,cbc0563f12480e3e6e969035cfd088620bb366cf020de7b8ce4499a5702c817e,synthetic_policy_concept
TRAIN-0266,train,professional_electrical,professional_controlled,The post clearly shows licensed technicians isolating equipment under formal controls.,8822b27f4b28bc56ef5a443fa912667cf74d0fd0bd0ad314269e77ed4091a85d,synthetic_policy_concept
TRAIN-0267,train,professional_electrical,professional_controlled,A video caption shows licensed technicians isolating equipment under formal controls.,5d007cc10aeeb81088e9e60028351e779519e9048a4f4cb4dc5eba79a0e9fcab,synthetic_policy_concept
TRAIN-0268,train,professional_electrical,professional_controlled,The speaker shows licensed technicians isolating equipment under formal controls.,3444e8ca651c965f6ab87db4c29cfada72595bcd69ee20ab8490aea76c613d9b,synthetic_policy_concept
TRAIN-0269,train,professional_electrical,professional_controlled,The content repeatedly shows licensed technicians isolating equipment under formal controls.,66dd68114921624de86bd8ddbae6882602366b425c3f65e423ac83c614c73c1d,synthetic_policy_concept
TRAIN-0270,train,professional_electrical,professional_controlled,The upload openly shows licensed technicians isolating equipment under formal controls.,6fedba0d34cbb9c149f573508f1d2a8908099305f77b0ef344db06e6dbbc03d1,synthetic_policy_concept
TRAIN-0271,train,professional_electrical,professional_controlled,Its central message shows licensed technicians isolating equipment under formal controls.,b79e6d804a3c5d22df0c3737ea4407f93115c21d221da5577d2032903a0caa88,synthetic_policy_concept
TRAIN-0272,train,professional_electrical,professional_controlled,The creator's instruction shows licensed technicians isolating equipment under formal controls.,ad0885292efc86be29e3d6507ba5645c020e92b79e7b89c483041a09303f5ea9,synthetic_policy_concept
TRAIN-0273,train,professional_chemical,professional_controlled,This message presents a supervised laboratory demonstration with protective equipment.,f3d62519528a381c85f35f1372ec27fee341972eced6fa36eb3b930cc3b36642,synthetic_policy_concept
TRAIN-0274,train,professional_chemical,professional_controlled,The post clearly presents a supervised laboratory demonstration with protective equipment.,9e41fbd6f0c4be9cb1721d0973b49f3e0398f94ae1f5b9670b3ff6cfd42cc881,synthetic_policy_concept
TRAIN-0275,train,professional_chemical,professional_controlled,A video caption presents a supervised laboratory demonstration with protective equipment.,192cf59b1d491ea78fefb67a11b1715de2fd98237e08f602fa8daa49a7ff82ed,synthetic_policy_concept
TRAIN-0276,train,professional_chemical,professional_controlled,The speaker presents a supervised laboratory demonstration with protective equipment.,5a04dfbf89333475fade1d609057622b867727c2738f04fa0f0ceb5c7d8dbf57,synthetic_policy_concept
TRAIN-0277,train,professional_chemical,professional_controlled,The content repeatedly presents a supervised laboratory demonstration with protective equipment.,7f34182a16babf4689d243bfabfb0dad15e5502613bf3dd10579203b28f9b28a,synthetic_policy_concept
TRAIN-0278,train,professional_chemical,professional_controlled,The upload openly presents a supervised laboratory demonstration with protective equipment.,be76d834d3a3885186da148e8c4f00a4e5af94ef440531e7ff053ac32c60d8cf,synthetic_policy_concept
TRAIN-0279,train,professional_chemical,professional_controlled,Its central message presents a supervised laboratory demonstration with protective equipment.,c49e92a4cddd165a2fe55c278df13b7b30331a50c6e19815229db6b85a4f67ec,synthetic_policy_concept
TRAIN-0280,train,professional_chemical,professional_controlled,The creator's instruction presents a supervised laboratory demonstration with protective equipment.,b9628f0ef260e06f77948b31327dd64c39c9f5772a698851214626c191e8007d,synthetic_policy_concept
TRAIN-0281,train,professional_stunt,professional_controlled,This message shows a trained performer on a closed set with documented safety controls.,614901ad7163da3e00893138363a29187a1133d101cbe500c94b3a17967fadbc,synthetic_policy_concept
TRAIN-0282,train,professional_stunt,professional_controlled,The post clearly shows a trained performer on a closed set with documented safety controls.,df8e99d24834153e5f7c8fc92c37eff6873057eec59f94c1bf3ea79254215a5d,synthetic_policy_concept
TRAIN-0283,train,professional_stunt,professional_controlled,A video caption shows a trained performer on a closed set with documented safety controls.,8da4a84d7936e1fe50ed9bd0f2cd623de606b0a308ed83b1f9a3399198df5823,synthetic_policy_concept
TRAIN-0284,train,professional_stunt,professional_controlled,The speaker shows a trained performer on a closed set with documented safety controls.,c2d4368474526e89eff0a9170b626a40acbed8ee9e168f1615474e37834963e6,synthetic_policy_concept
TRAIN-0285,train,professional_stunt,professional_controlled,The content repeatedly shows a trained performer on a closed set with documented safety controls.,794ed496af3d60685357ba9a9de16c8efb480486c9a12a980c5effe8dc2fe280,synthetic_policy_concept
TRAIN-0286,train,professional_stunt,professional_controlled,The upload openly shows a trained performer on a closed set with documented safety controls.,2e8f586f505170380a289f84dd59aed869e2c3a4884b223f1c90fc7b266fd063,synthetic_policy_concept
TRAIN-0287,train,professional_stunt,professional_controlled,Its central message shows a trained performer on a closed set with documented safety controls.,f7be44cc38530392c94da297f3fc437ae58751772462c4141fbebaaf0ef079b8,synthetic_policy_concept
TRAIN-0288,train,professional_stunt,professional_controlled,The creator's instruction shows a trained performer on a closed set with documented safety controls.,f14313a43153ac4825d24e2c826a76135da8b2d8f26ddcdf32a7d65c2f55b8fa,synthetic_policy_concept
TRAIN-0289,train,professional_mechanical,professional_controlled,This message demonstrates machinery inside a controlled training facility with guards.,9f12e84446ea9c29c312521280ef2ff8787e2f41defff352e3ecee43a06d2d55,synthetic_policy_concept
TRAIN-0290,train,professional_mechanical,professional_controlled,The post clearly demonstrates machinery inside a controlled training facility with guards.,2789cb28dc05e612e9596a04772253fd026523feb370ebdd57423170272057eb,synthetic_policy_concept
TRAIN-0291,train,professional_mechanical,professional_controlled,A video caption demonstrates machinery inside a controlled training facility with guards.,0e1d97d1c91d6de969b18e1aedfe86b751d89c90c9f041b9a707456b3239c29e,synthetic_policy_concept
TRAIN-0292,train,professional_mechanical,professional_controlled,The speaker demonstrates machinery inside a controlled training facility with guards.,c0644d68d95dc64745026d516e51cd651a5db844811a1814063457523d27fc1b,synthetic_policy_concept
TRAIN-0293,train,professional_mechanical,professional_controlled,The content repeatedly demonstrates machinery inside a controlled training facility with guards.,7746bc4bd39000e61c90ddf3914c160abca575dfd964786b3ab11c612ecffc63,synthetic_policy_concept
TRAIN-0294,train,professional_mechanical,professional_controlled,The upload openly demonstrates machinery inside a controlled training facility with guards.,a84b8677bf7d5c5c2a5bfce74ed3b93866d9e44b38405100d61c501bea5628e1,synthetic_policy_concept
TRAIN-0295,train,professional_mechanical,professional_controlled,Its central message demonstrates machinery inside a controlled training facility with guards.,90f05e2d304623fc690897885d304b20b8b2ee6a44e4dc5ed2e9196ae532542b,synthetic_policy_concept
TRAIN-0296,train,professional_mechanical,professional_controlled,The creator's instruction demonstrates machinery inside a controlled training facility with guards.,f2609988bacdb3574b065054b82588330086443c4ea7d46c5d31ceed88011593,synthetic_policy_concept
TRAIN-0297,train,professional_vehicle,professional_controlled,This message shows certified drivers on a closed course with emergency staff present.,134d49532486ec21b22aa025a5e019cf2d92f8a780d52d0aa297ec248d7a2134,synthetic_policy_concept
TRAIN-0298,train,professional_vehicle,professional_controlled,The post clearly shows certified drivers on a closed course with emergency staff present.,04802f1935571a09584f471691b41ce5f8ca4219facc101f5c2d074ec34a2144,synthetic_policy_concept
TRAIN-0299,train,professional_vehicle,professional_controlled,A video caption shows certified drivers on a closed course with emergency staff present.,dccb4f0dd643584545a74561ee5f4c2154820951b8f23afa2d573a0c9b3d9c66,synthetic_policy_concept
TRAIN-0300,train,professional_vehicle,professional_controlled,The speaker shows certified drivers on a closed course with emergency staff present.,a04a52618df9e85a0ba37ec82e91f2fe6990a902ddeb7f7249ba4ed1f76e1c02,synthetic_policy_concept
TRAIN-0301,train,professional_vehicle,professional_controlled,The content repeatedly shows certified drivers on a closed course with emergency staff present.,9c6238b7c2af3301db4376c2fc248c803f3abf9e5d5bb81c64688f0a1965bc02,synthetic_policy_concept
TRAIN-0302,train,professional_vehicle,professional_controlled,The upload openly shows certified drivers on a closed course with emergency staff present.,e1ec0f089b347505c2fc9926bc298f8322b1df3ba2cfe9e1a1d2057489c74470,synthetic_policy_concept
TRAIN-0303,train,professional_vehicle,professional_controlled,Its central message shows certified drivers on a closed course with emergency staff present.,b13e7441612e7b0d5dc8f5becdb4e826c0d22d3e8c2c3215f83634b115e726a5,synthetic_policy_concept
TRAIN-0304,train,professional_vehicle,professional_controlled,The creator's instruction shows certified drivers on a closed course with emergency staff present.,c718b94e0519ab5982bd5a292477c5ba927faaf3b1c42ede6b5f1b179310e722,synthetic_policy_concept
TRAIN-0305,train,professional_rescue,professional_controlled,This message documents a trained rescue team performing an authorized exercise.,356b9685de03bce35bd1841fe142a7d87a8983a705d64fd67cbe04ee8f8b9930,synthetic_policy_concept
TRAIN-0306,train,professional_rescue,professional_controlled,The post clearly documents a trained rescue team performing an authorized exercise.,985ff0a7d5a4f79a31b5c982b536afcddc8483402bd4634a48b728669464241d,synthetic_policy_concept
TRAIN-0307,train,professional_rescue,professional_controlled,A video caption documents a trained rescue team performing an authorized exercise.,7092314e71ee8aa053d15e2e3856d73a4f69da52fc4f7c30f00afe5547af756f,synthetic_policy_concept
TRAIN-0308,train,professional_rescue,professional_controlled,The speaker documents a trained rescue team performing an authorized exercise.,4b3ca423d810979834282db72660d29398e12845d0dacd04b1e9e05792255724,synthetic_policy_concept
TRAIN-0309,train,professional_rescue,professional_controlled,The content repeatedly documents a trained rescue team performing an authorized exercise.,00508f86c7853f76a46f80aa497cbaf16163447e5a4d9dc2ab224049695a7663,synthetic_policy_concept
TRAIN-0310,train,professional_rescue,professional_controlled,The upload openly documents a trained rescue team performing an authorized exercise.,af55e00e37c40af124c0e1e6c413f7b1eff395bd45d64015e99d519995d092a9,synthetic_policy_concept
TRAIN-0311,train,professional_rescue,professional_controlled,Its central message documents a trained rescue team performing an authorized exercise.,88e8845ad4ab77b22d2d66d4953ea343a30be842371fb02bd90c951cb74bffed,synthetic_policy_concept
TRAIN-0312,train,professional_rescue,professional_controlled,The creator's instruction documents a trained rescue team performing an authorized exercise.,4948ba26ebeb2c606e58f926aa48d11b71d73f11c79cc59bd9b660f8726cd812,synthetic_policy_concept
TRAIN-0313,train,professional_construction,professional_controlled,This message teaches workplace safety under qualified supervision and access control.,18f2160d61a83453f2e699c213685404109f057d70eddf72ff3bc7a01387e20a,synthetic_policy_concept
TRAIN-0314,train,professional_construction,professional_controlled,The post clearly teaches workplace safety under qualified supervision and access control.,188977f5b3041d020f6655ba35b1ba084efd4c4eaac60e3b133c4c73b8e096ee,synthetic_policy_concept
TRAIN-0315,train,professional_construction,professional_controlled,A video caption teaches workplace safety under qualified supervision and access control.,44676de1e80dc093bb401ec72e67f62d9ea163d8aacedb7d752a93b87bbb8e18,synthetic_policy_concept
TRAIN-0316,train,professional_construction,professional_controlled,The speaker teaches workplace safety under qualified supervision and access control.,8a67808ce4063001fd6d20aa559d837b2f8e412d527a7f3f22d8b7ccdfdd528a,synthetic_policy_concept
TRAIN-0317,train,professional_construction,professional_controlled,The content repeatedly teaches workplace safety under qualified supervision and access control.,8a0337e4a4acb7bf8b5bc585d3b24acca059c49411239e0e1d82fb7eb18b90aa,synthetic_policy_concept
TRAIN-0318,train,professional_construction,professional_controlled,The upload openly teaches workplace safety under qualified supervision and access control.,9c746065f893afde863d3cf1c4fdd51e5def48e004a5ae393f52357fa482a095,synthetic_policy_concept
TRAIN-0319,train,professional_construction,professional_controlled,Its central message teaches workplace safety under qualified supervision and access control.,e7dbbca06b13895d9c26d237dbc03ab1ce1a4d4af29a54cede6e1e4d4b6746e9,synthetic_policy_concept
TRAIN-0320,train,professional_construction,professional_controlled,The creator's instruction teaches workplace safety under qualified supervision and access control.,07aaa70d074440552000810065c6dd93103d4414e6c213797750a087bd94a490,synthetic_policy_concept
TRAIN-0321,train,professional_science,professional_controlled,This message explains a hazardous scientific principle without inviting audience imitation.,5c613d9bf55dc93e33cce6c2d12b7e80ed466e8fe9ca1f26ac8c1ba51da842b7,synthetic_policy_concept
TRAIN-0322,train,professional_science,professional_controlled,The post clearly explains a hazardous scientific principle without inviting audience imitation.,0465e8bad60687fbe30b584ced9dd6a1c1ec07ae57ab5ebaf240d4228598ef11,synthetic_policy_concept
TRAIN-0323,train,professional_science,professional_controlled,A video caption explains a hazardous scientific principle without inviting audience imitation.,7b87ee0622dc86848203b90f9f81f5ad2be84f7667afb58a8a9ba2e1be4377c4,synthetic_policy_concept
TRAIN-0324,train,professional_science,professional_controlled,The speaker explains a hazardous scientific principle without inviting audience imitation.,9529110187f66c05dd14b47302a7d03643047059bca4dd10b0dd95e311c500d9,synthetic_policy_concept
TRAIN-0325,train,professional_science,professional_controlled,The content repeatedly explains a hazardous scientific principle without inviting audience imitation.,fb346ed68bec24d512532e92e35d16fe37417e17faeef82e1b795c7a8629afcb,synthetic_policy_concept
TRAIN-0326,train,professional_science,professional_controlled,The upload openly explains a hazardous scientific principle without inviting audience imitation.,00f5820c9ccfc74e5fb238d09e01b3afee58ca1a9df25d1b539a9202960aad20,synthetic_policy_concept
TRAIN-0327,train,professional_science,professional_controlled,Its central message explains a hazardous scientific principle without inviting audience imitation.,37a6f549fe38eae3b12cb6397eeb93874bfc5febffac041c6d36cf649afd98cf,synthetic_policy_concept
TRAIN-0328,train,professional_science,professional_controlled,The creator's instruction explains a hazardous scientific principle without inviting audience imitation.,a2359a9356ef9bb9dcfb2a52b6e459004b70b969559046ce4b0215f5613c1fc8,synthetic_policy_concept
TRAIN-0329,train,professional_medicine,professional_controlled,This message shows qualified medical staff performing a controlled clinical procedure.,be8f3692b39b33c40af55f652516ada9763ebeeb26445087095aa9dfa085f398,synthetic_policy_concept
TRAIN-0330,train,professional_medicine,professional_controlled,The post clearly shows qualified medical staff performing a controlled clinical procedure.,8a3c240ee1e7d216d6778decf0ac19c0c13b1fe6c8e952da18a78fcad9cd2f61,synthetic_policy_concept
TRAIN-0331,train,professional_medicine,professional_controlled,A video caption shows qualified medical staff performing a controlled clinical procedure.,512bc37197cc1c496b2c8d55e2f51d5bab87bcd3f78350d25fc573758ac77ec9,synthetic_policy_concept
TRAIN-0332,train,professional_medicine,professional_controlled,The speaker shows qualified medical staff performing a controlled clinical procedure.,cca8a99fbcdd4f214e04ec77ec7fb93d07f81c74a56e0a4b5aa29e6828f56a6b,synthetic_policy_concept
TRAIN-0333,train,professional_medicine,professional_controlled,The content repeatedly shows qualified medical staff performing a controlled clinical procedure.,c6b2c7584e30819163282ffb97d8f58d4f382aaad599c67ffd8c721994bf9286,synthetic_policy_concept
TRAIN-0334,train,professional_medicine,professional_controlled,The upload openly shows qualified medical staff performing a controlled clinical procedure.,bc744455601b822da337c1b48f588aad6ffd072c7f3edddf8f8961e278b30bf6,synthetic_policy_concept
TRAIN-0335,train,professional_medicine,professional_controlled,Its central message shows qualified medical staff performing a controlled clinical procedure.,e4dc4dd5000f9a92c914f9a917cfc99bdbd36208cf23af3f146784bcb4d35529,synthetic_policy_concept
TRAIN-0336,train,professional_medicine,professional_controlled,The creator's instruction shows qualified medical staff performing a controlled clinical procedure.,24428a2e122eb0979319d74be4942b4955bde16a2a0b38dd34b629d2e82bdc96,synthetic_policy_concept
TRAIN-0337,train,professional_demolition,professional_controlled,This message reports licensed demolition work inside an evacuated controlled site.,294ae25d5597299523f55577a5a82d65fe14ceec20f650be33bd9eaec1b6b8ec,synthetic_policy_concept
TRAIN-0338,train,professional_demolition,professional_controlled,The post clearly reports licensed demolition work inside an evacuated controlled site.,7d4a16462f1f6a3352e895de388cf1fc2d1adb8cdf8d208ad8f41179d854b6ca,synthetic_policy_concept
TRAIN-0339,train,professional_demolition,professional_controlled,A video caption reports licensed demolition work inside an evacuated controlled site.,9cdf810436644afbcbf5e7d1d588d07375c84e0e9896d981d97669329fe8c986,synthetic_policy_concept
TRAIN-0340,train,professional_demolition,professional_controlled,The speaker reports licensed demolition work inside an evacuated controlled site.,f5a2630bb8e38b338017fca9a575ee57f6c9023f436bdc467765b4dbc180dd45,synthetic_policy_concept
TRAIN-0341,train,professional_demolition,professional_controlled,The content repeatedly reports licensed demolition work inside an evacuated controlled site.,b5148bc466db3ff9577a1c9e25e4cdbdf15c8e50ff15feed24efa7c97f077d0f,synthetic_policy_concept
TRAIN-0342,train,professional_demolition,professional_controlled,The upload openly reports licensed demolition work inside an evacuated controlled site.,0dce5f155bc3556ba5c9bd9e1d424ca64eddcfee784080bb672f36680787a31b,synthetic_policy_concept
TRAIN-0343,train,professional_demolition,professional_controlled,Its central message reports licensed demolition work inside an evacuated controlled site.,99eee379fb4d7455c47b483ed8bd2c280e88e044616db65dfa618c1cb142ec80,synthetic_policy_concept
TRAIN-0344,train,professional_demolition,professional_controlled,The creator's instruction reports licensed demolition work inside an evacuated controlled site.,24f41314cdbb033e826c2cf68aa80389be66e8cf79938bf07146ba94dbf8d033,synthetic_policy_concept
TRAIN-0345,train,professional_training,professional_controlled,This message uses simulation equipment to teach hazard response without real exposure.,7d0b745847c4a792cf01a4f4f50e389aae7224b91ea4532c66db4d6553a0f95a,synthetic_policy_concept
TRAIN-0346,train,professional_training,professional_controlled,The post clearly uses simulation equipment to teach hazard response without real exposure.,7ef470fd189d56cd7888f69b83a1cefd081ae30d1b9a795bf05d52b4d90b6e85,synthetic_policy_concept
TRAIN-0347,train,professional_training,professional_controlled,A video caption uses simulation equipment to teach hazard response without real exposure.,f430df80ba5f59c4881cd7951e3b4ebac9d3f3df12da22b464fb85950a5bdb93,synthetic_policy_concept
TRAIN-0348,train,professional_training,professional_controlled,The speaker uses simulation equipment to teach hazard response without real exposure.,f1994d58caf987aca9dcd306d79ff61062a8325e3203fb19b27bf3026cc2c9c0,synthetic_policy_concept
TRAIN-0349,train,professional_training,professional_controlled,The content repeatedly uses simulation equipment to teach hazard response without real exposure.,cd7161eed1207c8c1854deb728218d4f42e524abfff20dd2e11fdccb8e71dcbc,synthetic_policy_concept
TRAIN-0350,train,professional_training,professional_controlled,The upload openly uses simulation equipment to teach hazard response without real exposure.,19e92c60f707712533c2161189c5dde1cce18aba22f240045b2a7d880ea68760,synthetic_policy_concept
TRAIN-0351,train,professional_training,professional_controlled,Its central message uses simulation equipment to teach hazard response without real exposure.,68ea51103eeecd326bcdf75896b138cbda02141fd136d6653b31430223387ddf,synthetic_policy_concept
TRAIN-0352,train,professional_training,professional_controlled,The creator's instruction uses simulation equipment to teach hazard response without real exposure.,70d5073a438fe45065c4de8abda8ce6df534a0b4654ee99bb0c89ecf47f40ed1,synthetic_policy_concept
TRAIN-0353,train,professional_sport,professional_controlled,This message shows a regulated extreme sport with trained staff and required equipment.,541332a9ad98d82a93cab5556e80f55be3c89b17873ae5565357f3c9eb153f1e,synthetic_policy_concept
TRAIN-0354,train,professional_sport,professional_controlled,The post clearly shows a regulated extreme sport with trained staff and required equipment.,5179eb3cafb3f71b650f4086f0dd11706d43d761232c09ed20473be965adc224,synthetic_policy_concept
TRAIN-0355,train,professional_sport,professional_controlled,A video caption shows a regulated extreme sport with trained staff and required equipment.,5ad0236c9f1fef7b718881c6f29ebdfe286a7fb27c0bc4b8a274e878675b8463,synthetic_policy_concept
TRAIN-0356,train,professional_sport,professional_controlled,The speaker shows a regulated extreme sport with trained staff and required equipment.,f787e4ed3d77d6f5375c97a3f14ca88fc155f086410bc4f12a6cc996b0620936,synthetic_policy_concept
TRAIN-0357,train,professional_sport,professional_controlled,The content repeatedly shows a regulated extreme sport with trained staff and required equipment.,27baf834bdd54cc65098ec9f0a432edcb48c691f183965161fa2cada791a7554,synthetic_policy_concept
TRAIN-0358,train,professional_sport,professional_controlled,The upload openly shows a regulated extreme sport with trained staff and required equipment.,bdc71724559acff3c4c935675a2be1663eaaca4e035a6f89e111e37b092ba00f,synthetic_policy_concept
TRAIN-0359,train,professional_sport,professional_controlled,Its central message shows a regulated extreme sport with trained staff and required equipment.,a3e9cd92fb7f6e38e6d84fd6dc6662762be3642ed7d558efc90f81818865072b,synthetic_policy_concept
TRAIN-0360,train,professional_sport,professional_controlled,The creator's instruction shows a regulated extreme sport with trained staff and required equipment.,8282d765e65372c0286488e05f869212898ea7cf4b03b1bb602ea104da41a73a,synthetic_policy_concept
TRAIN-0361,train,professional_industry,professional_controlled,This message documents an industrial process with permits barriers and monitoring.,8a6a3cb07bdfa245ce6d8c5255d16d14e67b2b7c047eeb00a6fd20ae66bde90d,synthetic_policy_concept
TRAIN-0362,train,professional_industry,professional_controlled,The post clearly documents an industrial process with permits barriers and monitoring.,3f959906b55fab96218dd3c69b196fb958bd35ef3f2756650f3023990200dc17,synthetic_policy_concept
TRAIN-0363,train,professional_industry,professional_controlled,A video caption documents an industrial process with permits barriers and monitoring.,0e3d80d18be739d002764163e5566312168e96a03e88247cafaaf614b3e165ad,synthetic_policy_concept
TRAIN-0364,train,professional_industry,professional_controlled,The speaker documents an industrial process with permits barriers and monitoring.,cc712648c7fa6b87b089837ab3aca5af797f3d9668ba3ad94573d61f4a11c4e4,synthetic_policy_concept
TRAIN-0365,train,professional_industry,professional_controlled,The content repeatedly documents an industrial process with permits barriers and monitoring.,493c055053aeee7cb0094468613d7bf2c0800168a6155a1d8fcabffe850dfd87,synthetic_policy_concept
TRAIN-0366,train,professional_industry,professional_controlled,The upload openly documents an industrial process with permits barriers and monitoring.,0ecf89631311a4dd6f51b65e6c9979aec2ae3fc7bb4aeba66f9ec71e53910c14,synthetic_policy_concept
TRAIN-0367,train,professional_industry,professional_controlled,Its central message documents an industrial process with permits barriers and monitoring.,d7e0a1e41bcdbbbdb661b88f712c203da3cacbaacfc0fa898e4f9648f6ce8fdb,synthetic_policy_concept
TRAIN-0368,train,professional_industry,professional_controlled,The creator's instruction documents an industrial process with permits barriers and monitoring.,81ec11c592fe339b21963ec293ab0a1d42198f64a013413b598484079f275337,synthetic_policy_concept
TRAIN-0369,train,professional_emergency,professional_controlled,This message shows an authorized emergency drill with clear public safety messaging.,61dcee6c5c51611f6a053dd2790f6769a86a19e7c2d9c852a409cfa90c465089,synthetic_policy_concept
TRAIN-0370,train,professional_emergency,professional_controlled,The post clearly shows an authorized emergency drill with clear public safety messaging.,ecc32b731a79f3263c9b51c4508d5817b70ea234ecbcf190325eee6b6867e91a,synthetic_policy_concept
TRAIN-0371,train,professional_emergency,professional_controlled,A video caption shows an authorized emergency drill with clear public safety messaging.,c88586e8b7c4302bd0be95180a56a4817d3b96b0ef5a4c3a32e1f2252e18452b,synthetic_policy_concept
TRAIN-0372,train,professional_emergency,professional_controlled,The speaker shows an authorized emergency drill with clear public safety messaging.,b46333d85904186be2329c5bf1864b28e5a4fa110b088b72389d3e97f82e86b0,synthetic_policy_concept
TRAIN-0373,train,professional_emergency,professional_controlled,The content repeatedly shows an authorized emergency drill with clear public safety messaging.,327cf0c3b32d6ab92115932d165840403f202ab7f0c673f0321e8a6a9a442ce2,synthetic_policy_concept
TRAIN-0374,train,professional_emergency,professional_controlled,The upload openly shows an authorized emergency drill with clear public safety messaging.,03c6e94989bbbfc1b987ee2f2655a47fb517760d0393fbff98275e8e8ae882eb,synthetic_policy_concept
TRAIN-0375,train,professional_emergency,professional_controlled,Its central message shows an authorized emergency drill with clear public safety messaging.,dce8eca2db687da184ccae8ed8d286f1c52ec546e9050220950fae896156faac,synthetic_policy_concept
TRAIN-0376,train,professional_emergency,professional_controlled,The creator's instruction shows an authorized emergency drill with clear public safety messaging.,7447acfc3b4aab90bca72ec75528071b708171563b4189127905f084da8c1037,synthetic_policy_concept
TRAIN-0377,train,professional_education,professional_controlled,This message provides classroom safety education while prohibiting unsupervised practice.,a2e39aad9f2e09a0ebc716ce431f10db4d297103ecf0ac9ee241302a85986fc9,synthetic_policy_concept
TRAIN-0378,train,professional_education,professional_controlled,The post clearly provides classroom safety education while prohibiting unsupervised practice.,a0637d4e3ff36f64427e442e48d1612c14ca214fb7dcfe85daef36b5428e64b0,synthetic_policy_concept
TRAIN-0379,train,professional_education,professional_controlled,A video caption provides classroom safety education while prohibiting unsupervised practice.,5e18997cdc89d6af4315cf942fa0f3b53dc14b6631a3ff1a6a5f52dab41279ca,synthetic_policy_concept
TRAIN-0380,train,professional_education,professional_controlled,The speaker provides classroom safety education while prohibiting unsupervised practice.,e9c4dc2b52a4516067eaf9b234851ec5f1741adba22aec2f6bbebbdcef01be6c,synthetic_policy_concept
TRAIN-0381,train,professional_education,professional_controlled,The content repeatedly provides classroom safety education while prohibiting unsupervised practice.,1f5d676ed32bbc11d1ba15830916f80fff560802e190003973f4d8dc3dff4470,synthetic_policy_concept
TRAIN-0382,train,professional_education,professional_controlled,The upload openly provides classroom safety education while prohibiting unsupervised practice.,9e2bd455b80aa6eb16d8a48a037bc9fd069d6a8cbf263496b49834bbf329e741,synthetic_policy_concept
TRAIN-0383,train,professional_education,professional_controlled,Its central message provides classroom safety education while prohibiting unsupervised practice.,9b8441ace4f0d6d41badec7fda1bdaac1b6c2701ed694a64e11af019ea41558f,synthetic_policy_concept
TRAIN-0384,train,professional_education,professional_controlled,The creator's instruction provides classroom safety education while prohibiting unsupervised practice.,8dd613404727d60e562476dad230f55d11e5c9766f8be757347cb329a2294aab,synthetic_policy_concept
TRAIN-0385,train,ordinary_game,safe_or_other,This message invites friends to play a harmless board-game challenge.,a8d8e187f79905348ae7057be63b671185b2a98493ebf82f3227fab3ffad4dd4,synthetic_policy_concept
TRAIN-0386,train,ordinary_game,safe_or_other,The post clearly invites friends to play a harmless board-game challenge.,6db8c05ab540448de2e69e9665a5da234266af612b1fda23024a7ac79faee506,synthetic_policy_concept
TRAIN-0387,train,ordinary_game,safe_or_other,A video caption invites friends to play a harmless board-game challenge.,d30b83a46055423463d5f07df57d56efd42925ba54573736f0a4027450885a02,synthetic_policy_concept
TRAIN-0388,train,ordinary_game,safe_or_other,The speaker invites friends to play a harmless board-game challenge.,6c8be0807d14d7f88435e8c103718c2ef3266fe469a869312fa74cad2c335caf,synthetic_policy_concept
TRAIN-0389,train,ordinary_game,safe_or_other,The content repeatedly invites friends to play a harmless board-game challenge.,4f741be42dafeeb2c002b9aed90a158f2a143a43c8b47e91e68bb38e1b19ad3e,synthetic_policy_concept
TRAIN-0390,train,ordinary_game,safe_or_other,The upload openly invites friends to play a harmless board-game challenge.,6b5598c6aa5fc4bcdfb4a6fa0ac2c1df08728fc2415b5b6b687e947287c49192,synthetic_policy_concept
TRAIN-0391,train,ordinary_game,safe_or_other,Its central message invites friends to play a harmless board-game challenge.,00444195484377eddba18ba2340028f024e6ffe4e4b50632acf41993855bf8b3,synthetic_policy_concept
TRAIN-0392,train,ordinary_game,safe_or_other,The creator's instruction invites friends to play a harmless board-game challenge.,dcf282a61f8792176b6577c1aff2adfbabec7988a214b2dfd9ac325e18d520b0,synthetic_policy_concept
TRAIN-0393,train,ordinary_fitness,safe_or_other,This message encourages a normal beginner exercise with rest and sensible limits.,d04dfbe45a55a4c26039082c79a182e771cdf0a5db006ebee6c8041260438d15,synthetic_policy_concept
TRAIN-0394,train,ordinary_fitness,safe_or_other,The post clearly encourages a normal beginner exercise with rest and sensible limits.,da94db1f75054266e020be20747c94e1b77649a661ab7966af543a274ede76cf,synthetic_policy_concept
TRAIN-0395,train,ordinary_fitness,safe_or_other,A video caption encourages a normal beginner exercise with rest and sensible limits.,e8b05410a6ac738b1781a870a2801684ef3801459e1318483fa97260a040c460,synthetic_policy_concept
TRAIN-0396,train,ordinary_fitness,safe_or_other,The speaker encourages a normal beginner exercise with rest and sensible limits.,47d9a257cb15b95b723e5326ac49c8b86ca5348030bf4e66a26a4afb4fba5dae,synthetic_policy_concept
TRAIN-0397,train,ordinary_fitness,safe_or_other,The content repeatedly encourages a normal beginner exercise with rest and sensible limits.,05b6f4894ebb84d645ad0836c61e1bfcd84e2763966718b7a51f5e842cc46d7b,synthetic_policy_concept
TRAIN-0398,train,ordinary_fitness,safe_or_other,The upload openly encourages a normal beginner exercise with rest and sensible limits.,2d2856aa906b661d449ade55d1aca1fe99906c84319e46d0316000ca895a5df3,synthetic_policy_concept
TRAIN-0399,train,ordinary_fitness,safe_or_other,Its central message encourages a normal beginner exercise with rest and sensible limits.,d9a55e12a24e8a8807d1e293eaa9c6c069b4bfb08e1ed7bfb21a1eeb96e65c29,synthetic_policy_concept
TRAIN-0400,train,ordinary_fitness,safe_or_other,The creator's instruction encourages a normal beginner exercise with rest and sensible limits.,1da5fe7ad6a55131b9a5e0614864c9d06ad79e3c38a82d2e7fa2626c17c757ad,synthetic_policy_concept
TRAIN-0401,train,ordinary_cooking,safe_or_other,This message shares a routine cooking activity using standard kitchen safety.,711485393c72da6e7e40c6ff8acdd22a895246e27519199441607d9be0229a32,synthetic_policy_concept
TRAIN-0402,train,ordinary_cooking,safe_or_other,The post clearly shares a routine cooking activity using standard kitchen safety.,0915cfc70cd99a2a0a3c861da0583629b4360e2f4b1238885a857ad4c89de2d7,synthetic_policy_concept
TRAIN-0403,train,ordinary_cooking,safe_or_other,A video caption shares a routine cooking activity using standard kitchen safety.,4e19cbd798fa2a7757d9a1b78932b2083914f6479450e2f821bec12c6667967c,synthetic_policy_concept
TRAIN-0404,train,ordinary_cooking,safe_or_other,The speaker shares a routine cooking activity using standard kitchen safety.,e72bc5bc57f3769e2c46c69b87afbf8a8f25a38c7bb77153858a8770b725c754,synthetic_policy_concept
TRAIN-0405,train,ordinary_cooking,safe_or_other,The content repeatedly shares a routine cooking activity using standard kitchen safety.,76dd5996c5faf47c1ac8d5b6ee6bc91520d8ab2ddbffe4efba3690fd10038474,synthetic_policy_concept
TRAIN-0406,train,ordinary_cooking,safe_or_other,The upload openly shares a routine cooking activity using standard kitchen safety.,f95154ec293cb0a049d95d9d982a1b51a2db5534e5c6eb8bc46799f15ab3925d,synthetic_policy_concept
TRAIN-0407,train,ordinary_cooking,safe_or_other,Its central message shares a routine cooking activity using standard kitchen safety.,cb374c9bcaaf509874d92c01308a12889662f4fc81658da2aac8cca7904cc5e2,synthetic_policy_concept
TRAIN-0408,train,ordinary_cooking,safe_or_other,The creator's instruction shares a routine cooking activity using standard kitchen safety.,84d5a837b1215f34b9037f4bb03ad0fb08cd3f67fd78972a6d1e151635a23654,synthetic_policy_concept
TRAIN-0409,train,ordinary_craft,safe_or_other,This message demonstrates a harmless paper craft for children with adult supervision.,70fd37a29dcae04c1bfe621a435a5e8050ad6f550592a67a68b0879861167a1f,synthetic_policy_concept
TRAIN-0410,train,ordinary_craft,safe_or_other,The post clearly demonstrates a harmless paper craft for children with adult supervision.,30abf576ee4abeb4abb708bfe69ee585ef0aee0d56d659d2b859166470fe781c,synthetic_policy_concept
TRAIN-0411,train,ordinary_craft,safe_or_other,A video caption demonstrates a harmless paper craft for children with adult supervision.,86c30179c98582cfbd2a32dd3bfb83379928dd8406c85a1f5fcb41697bee5638,synthetic_policy_concept
TRAIN-0412,train,ordinary_craft,safe_or_other,The speaker demonstrates a harmless paper craft for children with adult supervision.,6e472cd86d1f442c09d7725bb3bfe9ee35a944b43c3b93731a11aebf1b323803,synthetic_policy_concept
TRAIN-0413,train,ordinary_craft,safe_or_other,The content repeatedly demonstrates a harmless paper craft for children with adult supervision.,d60e6689a0a96d49a900fa76ba30595629629d154209483348c3cd2aa14ba123,synthetic_policy_concept
TRAIN-0414,train,ordinary_craft,safe_or_other,The upload openly demonstrates a harmless paper craft for children with adult supervision.,9bdf40e322558520870db589ccc3b8f98396e5d8dddd63f87b1152d4e6a879b2,synthetic_policy_concept
TRAIN-0415,train,ordinary_craft,safe_or_other,Its central message demonstrates a harmless paper craft for children with adult supervision.,66942cd48d7ba241fddff3057f82f5057f5aad9f29b1eafc9589b88fc97218b2,synthetic_policy_concept
TRAIN-0416,train,ordinary_craft,safe_or_other,The creator's instruction demonstrates a harmless paper craft for children with adult supervision.,f4209d7ff242579b9513946194dee8e5394d55aa5b5f866faa352e915ee1e9e0,synthetic_policy_concept
TRAIN-0417,train,violent_depiction,safe_or_other,This message describes a fictional fight scene without encouraging a real dangerous act.,ab0ed8a83bab339f8833f9be3f7528e9473b90a273296f9bc4a4ed7aa278231c,synthetic_policy_concept
TRAIN-0418,train,violent_depiction,safe_or_other,The post clearly describes a fictional fight scene without encouraging a real dangerous act.,ce33696733456a2d03989f2f3490ae991fb4c790a4161fdb329387e66e5c185c,synthetic_policy_concept
TRAIN-0419,train,violent_depiction,safe_or_other,A video caption describes a fictional fight scene without encouraging a real dangerous act.,4757393f7d0dd27f90493dc217e7e3afd6ab6702b055809417d08a48be5a8efb,synthetic_policy_concept
TRAIN-0420,train,violent_depiction,safe_or_other,The speaker describes a fictional fight scene without encouraging a real dangerous act.,b9994bc5c602735055e877a4f87d97d2982350bbc6d149bff13ba86c4730dc6b,synthetic_policy_concept
TRAIN-0421,train,violent_depiction,safe_or_other,The content repeatedly describes a fictional fight scene without encouraging a real dangerous act.,bd52440d600dafcdccee5d5f9fabc44e9ae3032197602a0434eca762c20e7dd2,synthetic_policy_concept
TRAIN-0422,train,violent_depiction,safe_or_other,The upload openly describes a fictional fight scene without encouraging a real dangerous act.,c2bb8b6bbd60d7c5669f31aaae467121a4df102401b0147da85ec26aa968d50f,synthetic_policy_concept
TRAIN-0423,train,violent_depiction,safe_or_other,Its central message describes a fictional fight scene without encouraging a real dangerous act.,fa327577f788ec5458a263063673ade2178d8f4536437b398dbfec634338da6c,synthetic_policy_concept
TRAIN-0424,train,violent_depiction,safe_or_other,The creator's instruction describes a fictional fight scene without encouraging a real dangerous act.,74e41d99942b921068c2c137d257bf30b876e1e7a7988b1c4e2315fdf1d8cf3d,synthetic_policy_concept
TRAIN-0425,train,targeted_threat,safe_or_other,This message directly threatens to attack a named person.,8708df7e64fdc6f98ea370d9fad0a612905681bb34fe3c313d61a0d06b5ebb9b,synthetic_policy_concept
TRAIN-0426,train,targeted_threat,safe_or_other,The post clearly directly threatens to attack a named person.,4c18d0c7eb1de06ef85fb71ac1f2a3f657449b9af087b23525c3e06fa654ede5,synthetic_policy_concept
TRAIN-0427,train,targeted_threat,safe_or_other,A video caption directly threatens to attack a named person.,280cbc2d85430383c99787408c4a441a73fba46503724c85223c2063d96f7d4d,synthetic_policy_concept
TRAIN-0428,train,targeted_threat,safe_or_other,The speaker directly threatens to attack a named person.,36a57d8257bfe0d146407f2a3713ac15798f1f9b18783db90c41f0b966139aa3,synthetic_policy_concept
TRAIN-0429,train,targeted_threat,safe_or_other,The content repeatedly directly threatens to attack a named person.,377791867da0b2b9e57e99adcbc68f290ff7f1d39861996b04f1b55e6005821c,synthetic_policy_concept
TRAIN-0430,train,targeted_threat,safe_or_other,The upload openly directly threatens to attack a named person.,ebbf43104123457a83c788bdda311ac6f868c4ae596608bb04a92be36fab223e,synthetic_policy_concept
TRAIN-0431,train,targeted_threat,safe_or_other,Its central message directly threatens to attack a named person.,e9e994c1d1e4e1d8340f90d8a956ce91fe91fe9f2c9c601e249db996e46cc227,synthetic_policy_concept
TRAIN-0432,train,targeted_threat,safe_or_other,The creator's instruction directly threatens to attack a named person.,15a809b87ce6bec2f8bd4a3ff3669df82b5d4466b36105ae6f51552df067e3c8,synthetic_policy_concept
TRAIN-0433,train,private_information,safe_or_other,This message posts another person's private address and phone number.,61e325fa3c54b11f410d46fe0f63387a34e02c1ece2d1e5f7e08353941d269fd,synthetic_policy_concept
TRAIN-0434,train,private_information,safe_or_other,The post clearly posts another person's private address and phone number.,6ad1612ebd4283af5bf8c9f90a938249c4a15a524ead8d35b62d6fbafd229823,synthetic_policy_concept
TRAIN-0435,train,private_information,safe_or_other,A video caption posts another person's private address and phone number.,acb3be828173b0ff434c7d0a104ebc099288fc676cfbfa089352af746e1d7a36,synthetic_policy_concept
TRAIN-0436,train,private_information,safe_or_other,The speaker posts another person's private address and phone number.,6d5df59f107039d0efac31db9ebf420457f30228e4e08f48a93b5533dbdb3955,synthetic_policy_concept
TRAIN-0437,train,private_information,safe_or_other,The content repeatedly posts another person's private address and phone number.,07aedb10be4b3d1bbe2c0e18a74253f83b8a38004ff5db3735b17489122cdaf4,synthetic_policy_concept
TRAIN-0438,train,private_information,safe_or_other,The upload openly posts another person's private address and phone number.,5726b00d573b8a2beb751baef9a0af0f4cc30fba3fe69bb104a198c94a5779a2,synthetic_policy_concept
TRAIN-0439,train,private_information,safe_or_other,Its central message posts another person's private address and phone number.,023b2cbb7983855e54acfd0951d1e8eaa8fcc139c2a91df34e2c22093a4ff718,synthetic_policy_concept
TRAIN-0440,train,private_information,safe_or_other,The creator's instruction posts another person's private address and phone number.,e2d8a33cf43191ce1c25f196bb5f1edbf320fee8e8ea14823e16296953181bf1,synthetic_policy_concept
TRAIN-0441,train,phishing,safe_or_other,This message pretends to be account support and requests a secret login code.,050b9484f5ddd636e448b5ea5b34c6879cebf1a484fe321af5527c5d685c110c,synthetic_policy_concept
TRAIN-0442,train,phishing,safe_or_other,The post clearly pretends to be account support and requests a secret login code.,e70abba7b9e99e37a1861ca49fabe6c6ce12ec850037bc1230879411a473ea81,synthetic_policy_concept
TRAIN-0443,train,phishing,safe_or_other,A video caption pretends to be account support and requests a secret login code.,b3c751fb63586de4efaaa23611bb01231aa873d8f13cd0e5544ebcda7ea567aa,synthetic_policy_concept
TRAIN-0444,train,phishing,safe_or_other,The speaker pretends to be account support and requests a secret login code.,5e41d4a88fd0ff10b4224f829bd6e40d2879405f39d13349f92b77274e4b742a,synthetic_policy_concept
TRAIN-0445,train,phishing,safe_or_other,The content repeatedly pretends to be account support and requests a secret login code.,5f79a5381d93db8ac9cae4a90c46b61cdb30ada81130173cdfe553fbd8c00809,synthetic_policy_concept
TRAIN-0446,train,phishing,safe_or_other,The upload openly pretends to be account support and requests a secret login code.,46b7fbd1990a231f4faf45cf837d777ec2957c25946f6e3639f4529f681058e2,synthetic_policy_concept
TRAIN-0447,train,phishing,safe_or_other,Its central message pretends to be account support and requests a secret login code.,38e789f09af609dcb130891899ec8156c24eebabe3ec1ad022b3967670e5fdd4,synthetic_policy_concept
TRAIN-0448,train,phishing,safe_or_other,The creator's instruction pretends to be account support and requests a secret login code.,a1d698b30550f1df2dd52ab2bfeb3592d06a299ad6122d12c1db85ba5566bc04,synthetic_policy_concept
TRAIN-0449,train,cyberbullying,safe_or_other,This message repeatedly targets a person with unwanted intimidating messages.,ded84ab546f14a02785fe247d0ed6e1ee2aa26218ee29020ed1b28b55279334b,synthetic_policy_concept
TRAIN-0450,train,cyberbullying,safe_or_other,The post clearly repeatedly targets a person with unwanted intimidating messages.,778c841303eebd7a511dcf05cc4197755e765a41e2c2cff83a58b43918d837c9,synthetic_policy_concept
TRAIN-0451,train,cyberbullying,safe_or_other,A video caption repeatedly targets a person with unwanted intimidating messages.,c266c06fb44f4498a0bd29f33937ca256e4fed1380187fcefda07adda4553255,synthetic_policy_concept
TRAIN-0452,train,cyberbullying,safe_or_other,The speaker repeatedly targets a person with unwanted intimidating messages.,c21364f50ff492175e79072d21dc77071c288db2faff1393311eda55e1791f44,synthetic_policy_concept
TRAIN-0453,train,cyberbullying,safe_or_other,The content repeatedly repeatedly targets a person with unwanted intimidating messages.,a9bb805dbee05594b9a11eba326eb6054ef659a34a99a15c0f0d7e103d0011f3,synthetic_policy_concept
TRAIN-0454,train,cyberbullying,safe_or_other,The upload openly repeatedly targets a person with unwanted intimidating messages.,3f71f68bd18f0fa689104259963e912d4fb3443ea0017960ec3dd58a4fa5e390,synthetic_policy_concept
TRAIN-0455,train,cyberbullying,safe_or_other,Its central message repeatedly targets a person with unwanted intimidating messages.,d2a9723b1abe4b4d2546aaf2e04447b5ca5514fdb86a2578580834f404346227,synthetic_policy_concept
TRAIN-0456,train,cyberbullying,safe_or_other,The creator's instruction repeatedly targets a person with unwanted intimidating messages.,e101c6c8e64578e55dbb7e623a39a9ac97ee0e143f4f257b2256edc8fe76dfa5,synthetic_policy_concept
TRAIN-0457,train,hate_boundary,safe_or_other,This message attacks people because of a protected identity.,8d7d0944678992064935a4b5b79a55dd33f7c0e18a68794257d0fe88ac44441d,synthetic_policy_concept
TRAIN-0458,train,hate_boundary,safe_or_other,The post clearly attacks people because of a protected identity.,8727af9c5f0f5b51bc4c517bc53244d9cfeaf92ed0a6a8ef9509a864ae303ab5,synthetic_policy_concept
TRAIN-0459,train,hate_boundary,safe_or_other,A video caption attacks people because of a protected identity.,ea8c7ed538f86442022ab9bc5e9eb146a9e79ddf7b8235cbad89e3f0a53dc7a8,synthetic_policy_concept
TRAIN-0460,train,hate_boundary,safe_or_other,The speaker attacks people because of a protected identity.,7c77e2fbf4fe133bb222996b2f5dcf6efc5780c0d4d9d86619bd221694817b60,synthetic_policy_concept
TRAIN-0461,train,hate_boundary,safe_or_other,The content repeatedly attacks people because of a protected identity.,1e13828803b5eda5c7e9de1778c99d171c8fcc86a54738314264575129c39061,synthetic_policy_concept
TRAIN-0462,train,hate_boundary,safe_or_other,The upload openly attacks people because of a protected identity.,ac31fe454b7b568274b187b38111e3a1002380d85cd76084ff53bd7b653a327c,synthetic_policy_concept
TRAIN-0463,train,hate_boundary,safe_or_other,Its central message attacks people because of a protected identity.,62b28a40b286843fdc1c14acea0c82a237ca20f4b6fe5f7816be0a4b4cbe7730,synthetic_policy_concept
TRAIN-0464,train,hate_boundary,safe_or_other,The creator's instruction attacks people because of a protected identity.,771d414aa06825015a61e435a250f578b21a659dab588bc5027107a90fd87b08,synthetic_policy_concept
TRAIN-0465,train,religious_boundary,safe_or_other,This message directly desecrates a sacred object in hateful expression.,e6b57697d5f569662fdd1dff1b9aa4a5cc29b02b27df387fef9cc072460ead15,synthetic_policy_concept
TRAIN-0466,train,religious_boundary,safe_or_other,The post clearly directly desecrates a sacred object in hateful expression.,ee02af23a4d8f4f8631e4dd4f9af0f39e6f5c66cf624983f286549ffab703638,synthetic_policy_concept
TRAIN-0467,train,religious_boundary,safe_or_other,A video caption directly desecrates a sacred object in hateful expression.,f3a83b0ab0f445f0d944fb82ee7ca953ae65501aea7ad388c7f9d0ba137a3116,synthetic_policy_concept
TRAIN-0468,train,religious_boundary,safe_or_other,The speaker directly desecrates a sacred object in hateful expression.,a4c2593975a9d0af3db0c3ae028031c53f875a49baf1226d951df9e2521b8758,synthetic_policy_concept
TRAIN-0469,train,religious_boundary,safe_or_other,The content repeatedly directly desecrates a sacred object in hateful expression.,d8976eae4d3309c99f87d9661d050026b13f0322cd822e20adbf97e273689988,synthetic_policy_concept
TRAIN-0470,train,religious_boundary,safe_or_other,The upload openly directly desecrates a sacred object in hateful expression.,5bfc1425d5db32395fc812507c51116ebb247197047e3facfe6ef6cac17e31df,synthetic_policy_concept
TRAIN-0471,train,religious_boundary,safe_or_other,Its central message directly desecrates a sacred object in hateful expression.,413eee3628ce81915fadef8329f92011409914e6343319b62c50f220a5103862,synthetic_policy_concept
TRAIN-0472,train,religious_boundary,safe_or_other,The creator's instruction directly desecrates a sacred object in hateful expression.,41afa09afc62f075601d94608c6886af82bf8ad73f726dad935a6760ed71258b,synthetic_policy_concept
TRAIN-0473,train,terrorism_boundary,safe_or_other,This message praises recruitment or material support for an extremist organization.,26d4ec47545dbfa2068dea83926cb88f1a21df2d8ddfc7f16342035ef897c3cd,synthetic_policy_concept
TRAIN-0474,train,terrorism_boundary,safe_or_other,The post clearly praises recruitment or material support for an extremist organization.,129d9cbf27f0c81c8e4e55fe9ee2251d4cc197260eea4d2620ab3ca872653fae,synthetic_policy_concept
TRAIN-0475,train,terrorism_boundary,safe_or_other,A video caption praises recruitment or material support for an extremist organization.,c88a7314c346a4181e650ba6b6183590021962ea7d33bd1df5b7458980772034,synthetic_policy_concept
TRAIN-0476,train,terrorism_boundary,safe_or_other,The speaker praises recruitment or material support for an extremist organization.,d895e15c4508c2d431ad5d16877bb0c580b89bcd3d85d7170e8013f8e9fb0098,synthetic_policy_concept
TRAIN-0477,train,terrorism_boundary,safe_or_other,The content repeatedly praises recruitment or material support for an extremist organization.,2b6ec727733866764a7761e15a12568f89907bf377db941651544186c6383e80,synthetic_policy_concept
TRAIN-0478,train,terrorism_boundary,safe_or_other,The upload openly praises recruitment or material support for an extremist organization.,cc58888eedee2c3e57a1071b79b71209a6883909075ec0b72bb47740478c4fc5,synthetic_policy_concept
TRAIN-0479,train,terrorism_boundary,safe_or_other,Its central message praises recruitment or material support for an extremist organization.,d6fc80201f958e88fca2b264dce6b6b262d09e5c1e5093ec9c6124e6a069c775,synthetic_policy_concept
TRAIN-0480,train,terrorism_boundary,safe_or_other,The creator's instruction praises recruitment or material support for an extremist organization.,2f0775b6be09de1ea418e45dce585f15db4be547147c9c78e047c760096e3d1e,synthetic_policy_concept
TRAIN-0481,train,misinformation,safe_or_other,This message makes a checkable factual claim that requires evidence verification.,9da2a77a14b8a276fa9e75881d2b629998f4d89bd9b1b0dc6cb5c4db9abe5e7e,synthetic_policy_concept
TRAIN-0482,train,misinformation,safe_or_other,The post clearly makes a checkable factual claim that requires evidence verification.,dcc4292ac0b92f7db0af9955c82b94beb414d1e6a5d13d068ce2a72632f8eac0,synthetic_policy_concept
TRAIN-0483,train,misinformation,safe_or_other,A video caption makes a checkable factual claim that requires evidence verification.,605ea50f2a21d182f7db113825a5fe8b46a3402497ebf0c538cf00ca5ff2585c,synthetic_policy_concept
TRAIN-0484,train,misinformation,safe_or_other,The speaker makes a checkable factual claim that requires evidence verification.,e8bf2bd1226f43b44b0c4a299c8c9eeb093f89cbd5a270138a2ddba9478e43eb,synthetic_policy_concept
TRAIN-0485,train,misinformation,safe_or_other,The content repeatedly makes a checkable factual claim that requires evidence verification.,2a6c40627e3ae5d56a01549e60a4d4923cd3706e6aa4c0d2341aa930d8370760,synthetic_policy_concept
TRAIN-0486,train,misinformation,safe_or_other,The upload openly makes a checkable factual claim that requires evidence verification.,2489434dad241ef63203467c496e66233b50cb0c716baf6534c832fe4dab4959,synthetic_policy_concept
TRAIN-0487,train,misinformation,safe_or_other,Its central message makes a checkable factual claim that requires evidence verification.,db67652d05802f95ae8ce29a1f495a9352f7165cc7a80f6484e3711a93aa818d,synthetic_policy_concept
TRAIN-0488,train,misinformation,safe_or_other,The creator's instruction makes a checkable factual claim that requires evidence verification.,314e5882c17e643039ff65657f14fa300cb2eb00bbb1ee1858afeb5bd8506ac7,synthetic_policy_concept
TRAIN-0489,train,neutral_news,safe_or_other,This message reports a public event in neutral language without encouraging harm.,3ac22020768ca4f5b3fece4c1f1a8dc41eae8669aa8635d8c893044feab8f3b1,synthetic_policy_concept
TRAIN-0490,train,neutral_news,safe_or_other,The post clearly reports a public event in neutral language without encouraging harm.,50618ce5cc1982053597ee354bd65839bf48272691ef8410f871f8068abe80c4,synthetic_policy_concept
TRAIN-0491,train,neutral_news,safe_or_other,A video caption reports a public event in neutral language without encouraging harm.,2fd4080863b39e265bf53ec903af30410c4e0ad80549b0cd50a9e6c21150289a,synthetic_policy_concept
TRAIN-0492,train,neutral_news,safe_or_other,The speaker reports a public event in neutral language without encouraging harm.,df79ecbab999ca096fafa20e3a31ee05f3a2e51231e1bfc0edca3b7ded050456,synthetic_policy_concept
TRAIN-0493,train,neutral_news,safe_or_other,The content repeatedly reports a public event in neutral language without encouraging harm.,e5d2f76ab844204059b04b8e43f2a6692dfb26278046d19542e51015eff28056,synthetic_policy_concept
TRAIN-0494,train,neutral_news,safe_or_other,The upload openly reports a public event in neutral language without encouraging harm.,b5975d1dcab1fa261a50185be8a4a0045ca6ebfa941090b78aa2171162e764d4,synthetic_policy_concept
TRAIN-0495,train,neutral_news,safe_or_other,Its central message reports a public event in neutral language without encouraging harm.,da745962062241423b6205b6c27a88649e651730d9a7513be7a3ebc76fc622eb,synthetic_policy_concept
TRAIN-0496,train,neutral_news,safe_or_other,The creator's instruction reports a public event in neutral language without encouraging harm.,3ab3a99e8bc77eec3a008d470a5827c30ba2968edd92888f4cc53c9da82fdc0e,synthetic_policy_concept
TRAIN-0497,train,ordinary_job,safe_or_other,This message advertises a legitimate engineering job and workplace training.,f76c66fc8515a164b1ec1b38e1e32bba1356a85fa743b36444d049f7de87d524,synthetic_policy_concept
TRAIN-0498,train,ordinary_job,safe_or_other,The post clearly advertises a legitimate engineering job and workplace training.,0ec6ddb9b14454af2d0225631dc70455f99fb89ad4daa9a9599b673c0ee16c5d,synthetic_policy_concept
TRAIN-0499,train,ordinary_job,safe_or_other,A video caption advertises a legitimate engineering job and workplace training.,a23168c553767eceef2942862d3d3ed00e616ce7b55ab08652de621fb9e46ab1,synthetic_policy_concept
TRAIN-0500,train,ordinary_job,safe_or_other,The speaker advertises a legitimate engineering job and workplace training.,ec6e8c85bd0e91206920f95a1bce867de1e9a3963e5cdc6a5e653cd81bbc6b4b,synthetic_policy_concept
TRAIN-0501,train,ordinary_job,safe_or_other,The content repeatedly advertises a legitimate engineering job and workplace training.,1b0d1d795202bd50f882d28ba2897dae5862039019fc778c1bdc88e77c3ec050,synthetic_policy_concept
TRAIN-0502,train,ordinary_job,safe_or_other,The upload openly advertises a legitimate engineering job and workplace training.,10e925af0d0901a22014154fab0002d7492887cc0643ebfe8cde6ebe76e2c212,synthetic_policy_concept
TRAIN-0503,train,ordinary_job,safe_or_other,Its central message advertises a legitimate engineering job and workplace training.,e984b229560433ea184e347ea52b5f955c3a7c90552c971795c81c6fd2f61153,synthetic_policy_concept
TRAIN-0504,train,ordinary_job,safe_or_other,The creator's instruction advertises a legitimate engineering job and workplace training.,8ae480fa67ba6705cddad0cfbef9faf42b696357f410781c6ec1e348e27950db,synthetic_policy_concept
TRAIN-0505,train,ordinary_activity,safe_or_other,This message encourages a safe community cleanup with gloves and permission.,7da49dde7ed54dec88bd763fe41c02f15d9d73f6b9cd2cb7a395c7171ef71fbb,synthetic_policy_concept
TRAIN-0506,train,ordinary_activity,safe_or_other,The post clearly encourages a safe community cleanup with gloves and permission.,f1b149ae9f763686c7d20b6e707756f0cd25ddce53459e3dfdc5825354ab5d39,synthetic_policy_concept
TRAIN-0507,train,ordinary_activity,safe_or_other,A video caption encourages a safe community cleanup with gloves and permission.,d89dca80c0bba0f9d7bb1ad7ee4a74a5bb7eadc63de28b1ebf3176232d93573b,synthetic_policy_concept
TRAIN-0508,train,ordinary_activity,safe_or_other,The speaker encourages a safe community cleanup with gloves and permission.,a0fdf3c8e034a6245577777fef4cf57b85bd410b9640824c4126526e5641b949,synthetic_policy_concept
TRAIN-0509,train,ordinary_activity,safe_or_other,The content repeatedly encourages a safe community cleanup with gloves and permission.,4f0a16986e06cb1a0a4d80ddd86a565e2890c2366981e96cd9aa4ffb8a6a5018,synthetic_policy_concept
TRAIN-0510,train,ordinary_activity,safe_or_other,The upload openly encourages a safe community cleanup with gloves and permission.,251c6255774d4d0852ad7ae17338b13e08cd4206c10798eee8ef8947d9f2ee01,synthetic_policy_concept
TRAIN-0511,train,ordinary_activity,safe_or_other,Its central message encourages a safe community cleanup with gloves and permission.,b104c7f57274ef4cda704393cb0926efa5c511db27bd26fdb7c98d47a534bc8f,synthetic_policy_concept
TRAIN-0512,train,ordinary_activity,safe_or_other,The creator's instruction encourages a safe community cleanup with gloves and permission.,af8639cb914ecf6a3e0c8ee2c1095698916fdddde03cafd345379f2cbf580daf,synthetic_policy_concept
