record_id,group,text,expected_category,existing_category,existing_action,existing_review
CONTROLLED_GOODS_CURRENT_TRANSACTIONS-001,controlled_goods_current_transactions,A current marketplace listing has illegal drugs for sale and asks buyers to contact the seller. RC2 case 1.,Illegal Activities,Normal/Ignore,Allow,False
CONTROLLED_GOODS_CURRENT_TRANSACTIONS-002,controlled_goods_current_transactions,A current marketplace listing has controlled substances for sale and asks buyers to contact the seller. RC2 case 2.,Illegal Activities,Normal/Ignore,Allow,False
CONTROLLED_GOODS_CURRENT_TRANSACTIONS-003,controlled_goods_current_transactions,A current marketplace listing has controlled pills for sale and asks buyers to contact the seller. RC2 case 3.,Illegal Activities,Normal/Ignore,Allow,False
CONTROLLED_GOODS_CURRENT_TRANSACTIONS-004,controlled_goods_current_transactions,A current marketplace listing has unapproved medicine for sale and asks buyers to contact the seller. RC2 case 4.,Illegal Activities,Normal/Ignore,Allow,False
CONTROLLED_GOODS_CURRENT_TRANSACTIONS-005,controlled_goods_current_transactions,A current marketplace listing has prohibited narcotics for sale and asks buyers to contact the seller. RC2 case 5.,Illegal Activities,Normal/Ignore,Allow,False
CONTROLLED_GOODS_CURRENT_TRANSACTIONS-006,controlled_goods_current_transactions,The supplier offers illegal drugs; courier delivery is available after payment. RC2 case 6.,Illegal Activities,Normal/Ignore,Allow,False
CONTROLLED_GOODS_CURRENT_TRANSACTIONS-007,controlled_goods_current_transactions,The supplier offers controlled substances; courier delivery is available after payment. RC2 case 7.,Illegal Activities,Normal/Ignore,Allow,False
CONTROLLED_GOODS_CURRENT_TRANSACTIONS-008,controlled_goods_current_transactions,The supplier offers controlled pills; courier delivery is available after payment. RC2 case 8.,Illegal Activities,Normal/Ignore,Allow,False
CONTROLLED_GOODS_CURRENT_TRANSACTIONS-009,controlled_goods_current_transactions,The supplier offers unapproved medicine; courier delivery is available after payment. RC2 case 9.,Illegal Activities,Normal/Ignore,Allow,False
CONTROLLED_GOODS_CURRENT_TRANSACTIONS-010,controlled_goods_current_transactions,The supplier offers prohibited narcotics; courier delivery is available after payment. RC2 case 10.,Illegal Activities,Normal/Ignore,Allow,False
CONTROLLED_GOODS_CURRENT_TRANSACTIONS-011,controlled_goods_current_transactions,This post advertises illegal drugs and tells customers to place an order. RC2 case 11.,Illegal Activities,Normal/Ignore,Allow,False
CONTROLLED_GOODS_CURRENT_TRANSACTIONS-012,controlled_goods_current_transactions,This post advertises controlled substances and tells customers to place an order. RC2 case 12.,Illegal Activities,Normal/Ignore,Allow,False
CONTROLLED_GOODS_CURRENT_TRANSACTIONS-013,controlled_goods_current_transactions,This post advertises controlled pills and tells customers to place an order. RC2 case 13.,Illegal Activities,Normal/Ignore,Allow,False
CONTROLLED_GOODS_CURRENT_TRANSACTIONS-014,controlled_goods_current_transactions,This post advertises unapproved medicine and tells customers to place an order. RC2 case 14.,Illegal Activities,Normal/Ignore,Allow,False
CONTROLLED_GOODS_CURRENT_TRANSACTIONS-015,controlled_goods_current_transactions,This post advertises prohibited narcotics and tells customers to place an order. RC2 case 15.,Illegal Activities,Normal/Ignore,Allow,False
CONTROLLED_GOODS_CURRENT_TRANSACTIONS-016,controlled_goods_current_transactions,An account markets illegal drugs with a price per item and shipment available. RC2 case 16.,Illegal Activities,Normal/Ignore,Allow,False
CONTROLLED_GOODS_CURRENT_TRANSACTIONS-017,controlled_goods_current_transactions,An account markets controlled substances with a price per item and shipment available. RC2 case 17.,Illegal Activities,Normal/Ignore,Allow,False
CONTROLLED_GOODS_CURRENT_TRANSACTIONS-018,controlled_goods_current_transactions,An account markets controlled pills with a price per item and shipment available. RC2 case 18.,Illegal Activities,Normal/Ignore,Allow,False
CONTROLLED_GOODS_CURRENT_TRANSACTIONS-019,controlled_goods_current_transactions,An account markets unapproved medicine with a price per item and shipment available. RC2 case 19.,Illegal Activities,Normal/Ignore,Allow,False
CONTROLLED_GOODS_CURRENT_TRANSACTIONS-020,controlled_goods_current_transactions,An account markets prohibited narcotics with a price per item and shipment available. RC2 case 20.,Illegal Activities,Normal/Ignore,Allow,False
CONTROLLED_GOODS_CURRENT_TRANSACTIONS-021,controlled_goods_current_transactions,A seller offers illegal drugs; buyers should direct message to order. RC2 case 21.,Illegal Activities,Normal/Ignore,Allow,False
CONTROLLED_GOODS_CURRENT_TRANSACTIONS-022,controlled_goods_current_transactions,A seller offers controlled substances; buyers should direct message to order. RC2 case 22.,Illegal Activities,Normal/Ignore,Allow,False
CONTROLLED_GOODS_CURRENT_TRANSACTIONS-023,controlled_goods_current_transactions,A seller offers controlled pills; buyers should direct message to order. RC2 case 23.,Illegal Activities,Normal/Ignore,Allow,False
CONTROLLED_GOODS_CURRENT_TRANSACTIONS-024,controlled_goods_current_transactions,A seller offers unapproved medicine; buyers should direct message to order. RC2 case 24.,Illegal Activities,Normal/Ignore,Allow,False
CONTROLLED_GOODS_CURRENT_TRANSACTIONS-025,controlled_goods_current_transactions,A seller offers prohibited narcotics; buyers should direct message to order. RC2 case 25.,Illegal Activities,Normal/Ignore,Allow,False
CONTROLLED_GOODS_CURRENT_TRANSACTIONS-026,controlled_goods_current_transactions,The current offer makes illegal drugs available to buyers. RC2 case 26.,Illegal Activities,Normal/Ignore,Allow,False
CONTROLLED_GOODS_CURRENT_TRANSACTIONS-027,controlled_goods_current_transactions,The current offer makes controlled substances available to buyers. RC2 case 27.,Illegal Activities,Normal/Ignore,Allow,False
CONTROLLED_GOODS_CURRENT_TRANSACTIONS-028,controlled_goods_current_transactions,The current offer makes controlled pills available to buyers. RC2 case 28.,Illegal Activities,Normal/Ignore,Allow,False
CONTROLLED_GOODS_CURRENT_TRANSACTIONS-029,controlled_goods_current_transactions,The current offer makes unapproved medicine available to buyers. RC2 case 29.,Illegal Activities,Normal/Ignore,Allow,False
CONTROLLED_GOODS_CURRENT_TRANSACTIONS-030,controlled_goods_current_transactions,The current offer makes prohibited narcotics available to buyers. RC2 case 30.,Illegal Activities,Normal/Ignore,Allow,False
CONTROLLED_GOODS_CURRENT_TRANSACTIONS-031,controlled_goods_current_transactions,A commercial listing promotes the sale of illegal drugs with delivery available. RC2 case 31.,Illegal Activities,Normal/Ignore,Allow,False
CONTROLLED_GOODS_CURRENT_TRANSACTIONS-032,controlled_goods_current_transactions,A commercial listing promotes the sale of controlled substances with delivery available. RC2 case 32.,Illegal Activities,Normal/Ignore,Allow,False
CONTROLLED_GOODS_CURRENT_TRANSACTIONS-033,controlled_goods_current_transactions,A commercial listing promotes the sale of controlled pills with delivery available. RC2 case 33.,Illegal Activities,Normal/Ignore,Allow,False
CONTROLLED_GOODS_CURRENT_TRANSACTIONS-034,controlled_goods_current_transactions,A commercial listing promotes the sale of unapproved medicine with delivery available. RC2 case 34.,Illegal Activities,Normal/Ignore,Allow,False
CONTROLLED_GOODS_CURRENT_TRANSACTIONS-035,controlled_goods_current_transactions,A commercial listing promotes the sale of prohibited narcotics with delivery available. RC2 case 35.,Illegal Activities,Normal/Ignore,Allow,False
CONTROLLED_GOODS_CURRENT_TRANSACTIONS-036,controlled_goods_current_transactions,The supplier says illegal drugs are selling now and payment is required. RC2 case 36.,Illegal Activities,Normal/Ignore,Allow,False
CONTROLLED_GOODS_CURRENT_TRANSACTIONS-037,controlled_goods_current_transactions,The supplier says controlled substances are selling now and payment is required. RC2 case 37.,Illegal Activities,Normal/Ignore,Allow,False
CONTROLLED_GOODS_CURRENT_TRANSACTIONS-038,controlled_goods_current_transactions,The supplier says controlled pills are selling now and payment is required. RC2 case 38.,Illegal Activities,Normal/Ignore,Allow,False
CONTROLLED_GOODS_CURRENT_TRANSACTIONS-039,controlled_goods_current_transactions,The supplier says unapproved medicine are selling now and payment is required. RC2 case 39.,Illegal Activities,Normal/Ignore,Allow,False
CONTROLLED_GOODS_CURRENT_TRANSACTIONS-040,controlled_goods_current_transactions,The supplier says prohibited narcotics are selling now and payment is required. RC2 case 40.,Illegal Activities,Normal/Ignore,Allow,False
WEAPONS_DOCUMENTS_AND_COUNTERFEIT_TRANSACTIONS-001,weapons_documents_and_counterfeit_transactions,The marketplace lists an unlicensed firearm for sale and requests a direct message. RC2 case 1.,Illegal Activities,Normal/Ignore,Allow,False
WEAPONS_DOCUMENTS_AND_COUNTERFEIT_TRANSACTIONS-002,weapons_documents_and_counterfeit_transactions,The marketplace lists a prohibited weapon for sale and requests a direct message. RC2 case 2.,Illegal Activities,Normal/Ignore,Allow,False
WEAPONS_DOCUMENTS_AND_COUNTERFEIT_TRANSACTIONS-003,weapons_documents_and_counterfeit_transactions,The marketplace lists a forged passport for sale and requests a direct message. RC2 case 3.,Illegal Activities,Normal/Ignore,Allow,False
WEAPONS_DOCUMENTS_AND_COUNTERFEIT_TRANSACTIONS-004,weapons_documents_and_counterfeit_transactions,The marketplace lists a fake identity document for sale and requests a direct message. RC2 case 4.,Illegal Activities,Normal/Ignore,Allow,False
WEAPONS_DOCUMENTS_AND_COUNTERFEIT_TRANSACTIONS-005,weapons_documents_and_counterfeit_transactions,The marketplace lists counterfeit currency for sale and requests a direct message. RC2 case 5.,Illegal Activities,Normal/Ignore,Allow,False
WEAPONS_DOCUMENTS_AND_COUNTERFEIT_TRANSACTIONS-006,weapons_documents_and_counterfeit_transactions,A seller offers an unlicensed firearm; courier delivery is available. RC2 case 6.,Illegal Activities,Normal/Ignore,Allow,False
WEAPONS_DOCUMENTS_AND_COUNTERFEIT_TRANSACTIONS-007,weapons_documents_and_counterfeit_transactions,A seller offers a prohibited weapon; courier delivery is available. RC2 case 7.,Illegal Activities,Normal/Ignore,Allow,False
WEAPONS_DOCUMENTS_AND_COUNTERFEIT_TRANSACTIONS-008,weapons_documents_and_counterfeit_transactions,A seller offers a forged passport; courier delivery is available. RC2 case 8.,Illegal Activities,Normal/Ignore,Allow,False
WEAPONS_DOCUMENTS_AND_COUNTERFEIT_TRANSACTIONS-009,weapons_documents_and_counterfeit_transactions,A seller offers a fake identity document; courier delivery is available. RC2 case 9.,Illegal Activities,Normal/Ignore,Allow,False
WEAPONS_DOCUMENTS_AND_COUNTERFEIT_TRANSACTIONS-010,weapons_documents_and_counterfeit_transactions,A seller offers counterfeit currency; courier delivery is available. RC2 case 10.,Illegal Activities,Normal/Ignore,Allow,False
WEAPONS_DOCUMENTS_AND_COUNTERFEIT_TRANSACTIONS-011,weapons_documents_and_counterfeit_transactions,This listing advertises an unlicensed firearm with a price per item. RC2 case 11.,Illegal Activities,Normal/Ignore,Allow,False
WEAPONS_DOCUMENTS_AND_COUNTERFEIT_TRANSACTIONS-012,weapons_documents_and_counterfeit_transactions,This listing advertises a prohibited weapon with a price per item. RC2 case 12.,Illegal Activities,Normal/Ignore,Allow,False
WEAPONS_DOCUMENTS_AND_COUNTERFEIT_TRANSACTIONS-013,weapons_documents_and_counterfeit_transactions,This listing advertises a forged passport with a price per item. RC2 case 13.,Illegal Activities,Normal/Ignore,Allow,False
WEAPONS_DOCUMENTS_AND_COUNTERFEIT_TRANSACTIONS-014,weapons_documents_and_counterfeit_transactions,This listing advertises a fake identity document with a price per item. RC2 case 14.,Illegal Activities,Normal/Ignore,Allow,False
WEAPONS_DOCUMENTS_AND_COUNTERFEIT_TRANSACTIONS-015,weapons_documents_and_counterfeit_transactions,This listing advertises counterfeit currency with a price per item. RC2 case 15.,Illegal Activities,Normal/Ignore,Allow,False
WEAPONS_DOCUMENTS_AND_COUNTERFEIT_TRANSACTIONS-016,weapons_documents_and_counterfeit_transactions,The supplier markets an unlicensed firearm and asks customers to place an order. RC2 case 16.,Illegal Activities,Normal/Ignore,Allow,False
WEAPONS_DOCUMENTS_AND_COUNTERFEIT_TRANSACTIONS-017,weapons_documents_and_counterfeit_transactions,The supplier markets a prohibited weapon and asks customers to place an order. RC2 case 17.,Illegal Activities,Normal/Ignore,Allow,False
WEAPONS_DOCUMENTS_AND_COUNTERFEIT_TRANSACTIONS-018,weapons_documents_and_counterfeit_transactions,The supplier markets a forged passport and asks customers to place an order. RC2 case 18.,Illegal Activities,Normal/Ignore,Allow,False
WEAPONS_DOCUMENTS_AND_COUNTERFEIT_TRANSACTIONS-019,weapons_documents_and_counterfeit_transactions,The supplier markets a fake identity document and asks customers to place an order. RC2 case 19.,Illegal Activities,Normal/Ignore,Allow,False
WEAPONS_DOCUMENTS_AND_COUNTERFEIT_TRANSACTIONS-020,weapons_documents_and_counterfeit_transactions,The supplier markets counterfeit currency and asks customers to place an order. RC2 case 20.,Illegal Activities,Normal/Ignore,Allow,False
WEAPONS_DOCUMENTS_AND_COUNTERFEIT_TRANSACTIONS-021,weapons_documents_and_counterfeit_transactions,A current offer provides access to an unlicensed firearm after payment. RC2 case 21.,Illegal Activities,Normal/Ignore,Allow,False
WEAPONS_DOCUMENTS_AND_COUNTERFEIT_TRANSACTIONS-022,weapons_documents_and_counterfeit_transactions,A current offer provides access to a prohibited weapon after payment. RC2 case 22.,Illegal Activities,Normal/Ignore,Allow,False
WEAPONS_DOCUMENTS_AND_COUNTERFEIT_TRANSACTIONS-023,weapons_documents_and_counterfeit_transactions,A current offer provides access to a forged passport after payment. RC2 case 23.,Illegal Activities,Normal/Ignore,Allow,False
WEAPONS_DOCUMENTS_AND_COUNTERFEIT_TRANSACTIONS-024,weapons_documents_and_counterfeit_transactions,A current offer provides access to a fake identity document after payment. RC2 case 24.,Illegal Activities,Normal/Ignore,Allow,False
WEAPONS_DOCUMENTS_AND_COUNTERFEIT_TRANSACTIONS-025,weapons_documents_and_counterfeit_transactions,A current offer provides access to counterfeit currency after payment. RC2 case 25.,Illegal Activities,Normal/Ignore,Allow,False
WEAPONS_DOCUMENTS_AND_COUNTERFEIT_TRANSACTIONS-026,weapons_documents_and_counterfeit_transactions,The account promotes the sale of an unlicensed firearm to buyers. RC2 case 26.,Illegal Activities,Normal/Ignore,Allow,False
WEAPONS_DOCUMENTS_AND_COUNTERFEIT_TRANSACTIONS-027,weapons_documents_and_counterfeit_transactions,The account promotes the sale of a prohibited weapon to buyers. RC2 case 27.,Illegal Activities,Normal/Ignore,Allow,False
WEAPONS_DOCUMENTS_AND_COUNTERFEIT_TRANSACTIONS-028,weapons_documents_and_counterfeit_transactions,The account promotes the sale of a forged passport to buyers. RC2 case 28.,Illegal Activities,Normal/Ignore,Allow,False
WEAPONS_DOCUMENTS_AND_COUNTERFEIT_TRANSACTIONS-029,weapons_documents_and_counterfeit_transactions,The account promotes the sale of a fake identity document to buyers. RC2 case 29.,Illegal Activities,Normal/Ignore,Allow,False
WEAPONS_DOCUMENTS_AND_COUNTERFEIT_TRANSACTIONS-030,weapons_documents_and_counterfeit_transactions,The account promotes the sale of counterfeit currency to buyers. RC2 case 30.,Illegal Activities,Normal/Ignore,Allow,False
WEAPONS_DOCUMENTS_AND_COUNTERFEIT_TRANSACTIONS-031,weapons_documents_and_counterfeit_transactions,An advertiser makes an unlicensed firearm available and says contact me. RC2 case 31.,Illegal Activities,Normal/Ignore,Allow,False
WEAPONS_DOCUMENTS_AND_COUNTERFEIT_TRANSACTIONS-032,weapons_documents_and_counterfeit_transactions,An advertiser makes a prohibited weapon available and says contact me. RC2 case 32.,Illegal Activities,Normal/Ignore,Allow,False
WEAPONS_DOCUMENTS_AND_COUNTERFEIT_TRANSACTIONS-033,weapons_documents_and_counterfeit_transactions,An advertiser makes a forged passport available and says contact me. RC2 case 33.,Illegal Activities,Normal/Ignore,Allow,False
WEAPONS_DOCUMENTS_AND_COUNTERFEIT_TRANSACTIONS-034,weapons_documents_and_counterfeit_transactions,An advertiser makes a fake identity document available and says contact me. RC2 case 34.,Illegal Activities,Normal/Ignore,Allow,False
WEAPONS_DOCUMENTS_AND_COUNTERFEIT_TRANSACTIONS-035,weapons_documents_and_counterfeit_transactions,An advertiser makes counterfeit currency available and says contact me. RC2 case 35.,Illegal Activities,Normal/Ignore,Allow,False
WEAPONS_DOCUMENTS_AND_COUNTERFEIT_TRANSACTIONS-036,weapons_documents_and_counterfeit_transactions,A commercial listing offers an unlicensed firearm; shipment is available. RC2 case 36.,Illegal Activities,Normal/Ignore,Allow,False
WEAPONS_DOCUMENTS_AND_COUNTERFEIT_TRANSACTIONS-037,weapons_documents_and_counterfeit_transactions,A commercial listing offers a prohibited weapon; shipment is available. RC2 case 37.,Illegal Activities,Normal/Ignore,Allow,False
WEAPONS_DOCUMENTS_AND_COUNTERFEIT_TRANSACTIONS-038,weapons_documents_and_counterfeit_transactions,A commercial listing offers a forged passport; shipment is available. RC2 case 38.,Illegal Activities,Normal/Ignore,Allow,False
WEAPONS_DOCUMENTS_AND_COUNTERFEIT_TRANSACTIONS-039,weapons_documents_and_counterfeit_transactions,A commercial listing offers a fake identity document; shipment is available. RC2 case 39.,Illegal Activities,Normal/Ignore,Allow,False
WEAPONS_DOCUMENTS_AND_COUNTERFEIT_TRANSACTIONS-040,weapons_documents_and_counterfeit_transactions,A commercial listing offers counterfeit currency; shipment is available. RC2 case 40.,Illegal Activities,Normal/Ignore,Allow,False
GAMBLING_AND_FINANCIAL_FACILITATION-001,gambling_and_financial_facilitation,This post promotes illegal betting and tells readers to sign up to wager. RC2 case 1.,Illegal Activities,Normal/Ignore,Allow,False
GAMBLING_AND_FINANCIAL_FACILITATION-002,gambling_and_financial_facilitation,This post promotes unlicensed gambling and tells readers to sign up to wager. RC2 case 2.,Illegal Activities,Normal/Ignore,Allow,False
GAMBLING_AND_FINANCIAL_FACILITATION-003,gambling_and_financial_facilitation,This post promotes unlawful wagering and tells readers to sign up to wager. RC2 case 3.,Illegal Activities,Normal/Ignore,Allow,False
GAMBLING_AND_FINANCIAL_FACILITATION-004,gambling_and_financial_facilitation,This post promotes a money laundering service and tells readers to sign up to wager. RC2 case 4.,Illegal Activities,Normal/Ignore,Allow,False
GAMBLING_AND_FINANCIAL_FACILITATION-005,gambling_and_financial_facilitation,This post promotes counterfeit banknotes and tells readers to sign up to wager. RC2 case 5.,Illegal Activities,Normal/Ignore,Allow,False
GAMBLING_AND_FINANCIAL_FACILITATION-006,gambling_and_financial_facilitation,The account advertises illegal betting; payment is required for access. RC2 case 6.,Illegal Activities,Normal/Ignore,Allow,False
GAMBLING_AND_FINANCIAL_FACILITATION-007,gambling_and_financial_facilitation,The account advertises unlicensed gambling; payment is required for access. RC2 case 7.,Illegal Activities,Normal/Ignore,Allow,False
GAMBLING_AND_FINANCIAL_FACILITATION-008,gambling_and_financial_facilitation,The account advertises unlawful wagering; payment is required for access. RC2 case 8.,Illegal Activities,Normal/Ignore,Allow,False
GAMBLING_AND_FINANCIAL_FACILITATION-009,gambling_and_financial_facilitation,The account advertises a money laundering service; payment is required for access. RC2 case 9.,Illegal Activities,Normal/Ignore,Allow,False
GAMBLING_AND_FINANCIAL_FACILITATION-010,gambling_and_financial_facilitation,The account advertises counterfeit banknotes; payment is required for access. RC2 case 10.,Illegal Activities,Normal/Ignore,Allow,False
GAMBLING_AND_FINANCIAL_FACILITATION-011,gambling_and_financial_facilitation,A current offer provides access to illegal betting after payment. RC2 case 11.,Illegal Activities,Normal/Ignore,Allow,False
GAMBLING_AND_FINANCIAL_FACILITATION-012,gambling_and_financial_facilitation,A current offer provides access to unlicensed gambling after payment. RC2 case 12.,Illegal Activities,Normal/Ignore,Allow,False
GAMBLING_AND_FINANCIAL_FACILITATION-013,gambling_and_financial_facilitation,A current offer provides access to unlawful wagering after payment. RC2 case 13.,Illegal Activities,Normal/Ignore,Allow,False
GAMBLING_AND_FINANCIAL_FACILITATION-014,gambling_and_financial_facilitation,A current offer provides access to a money laundering service after payment. RC2 case 14.,Illegal Activities,Normal/Ignore,Allow,False
GAMBLING_AND_FINANCIAL_FACILITATION-015,gambling_and_financial_facilitation,A current offer provides access to counterfeit banknotes after payment. RC2 case 15.,Illegal Activities,Normal/Ignore,Allow,False
GAMBLING_AND_FINANCIAL_FACILITATION-016,gambling_and_financial_facilitation,The seller markets illegal betting and asks customers to contact me. RC2 case 16.,Illegal Activities,Normal/Ignore,Allow,False
GAMBLING_AND_FINANCIAL_FACILITATION-017,gambling_and_financial_facilitation,The seller markets unlicensed gambling and asks customers to contact me. RC2 case 17.,Illegal Activities,Normal/Ignore,Allow,False
GAMBLING_AND_FINANCIAL_FACILITATION-018,gambling_and_financial_facilitation,The seller markets unlawful wagering and asks customers to contact me. RC2 case 18.,Illegal Activities,Normal/Ignore,Allow,False
GAMBLING_AND_FINANCIAL_FACILITATION-019,gambling_and_financial_facilitation,The seller markets a money laundering service and asks customers to contact me. RC2 case 19.,Illegal Activities,Normal/Ignore,Allow,False
GAMBLING_AND_FINANCIAL_FACILITATION-020,gambling_and_financial_facilitation,The seller markets counterfeit banknotes and asks customers to contact me. RC2 case 20.,Illegal Activities,Normal/Ignore,Allow,False
GAMBLING_AND_FINANCIAL_FACILITATION-021,gambling_and_financial_facilitation,A commercial listing offers illegal betting; direct message to order. RC2 case 21.,Illegal Activities,Normal/Ignore,Allow,False
GAMBLING_AND_FINANCIAL_FACILITATION-022,gambling_and_financial_facilitation,A commercial listing offers unlicensed gambling; direct message to order. RC2 case 22.,Illegal Activities,Normal/Ignore,Allow,False
GAMBLING_AND_FINANCIAL_FACILITATION-023,gambling_and_financial_facilitation,A commercial listing offers unlawful wagering; direct message to order. RC2 case 23.,Illegal Activities,Normal/Ignore,Allow,False
GAMBLING_AND_FINANCIAL_FACILITATION-024,gambling_and_financial_facilitation,A commercial listing offers a money laundering service; direct message to order. RC2 case 24.,Illegal Activities,Normal/Ignore,Allow,False
GAMBLING_AND_FINANCIAL_FACILITATION-025,gambling_and_financial_facilitation,A commercial listing offers counterfeit banknotes; direct message to order. RC2 case 25.,Illegal Activities,Normal/Ignore,Allow,False
GAMBLING_AND_FINANCIAL_FACILITATION-026,gambling_and_financial_facilitation,This marketplace promotion tells buyers to join the betting for illegal betting. RC2 case 26.,Illegal Activities,Normal/Ignore,Allow,False
GAMBLING_AND_FINANCIAL_FACILITATION-027,gambling_and_financial_facilitation,This marketplace promotion tells buyers to join the betting for unlicensed gambling. RC2 case 27.,Illegal Activities,Normal/Ignore,Allow,False
GAMBLING_AND_FINANCIAL_FACILITATION-028,gambling_and_financial_facilitation,This marketplace promotion tells buyers to join the betting for unlawful wagering. RC2 case 28.,Illegal Activities,Normal/Ignore,Allow,False
GAMBLING_AND_FINANCIAL_FACILITATION-029,gambling_and_financial_facilitation,This marketplace promotion tells buyers to join the betting for a money laundering service. RC2 case 29.,Illegal Activities,Normal/Ignore,Allow,False
GAMBLING_AND_FINANCIAL_FACILITATION-030,gambling_and_financial_facilitation,This marketplace promotion tells buyers to join the betting for counterfeit banknotes. RC2 case 30.,Illegal Activities,Normal/Ignore,Allow,False
GAMBLING_AND_FINANCIAL_FACILITATION-031,gambling_and_financial_facilitation,The supplier arranges access to illegal betting and states a price per item. RC2 case 31.,Illegal Activities,Normal/Ignore,Allow,False
GAMBLING_AND_FINANCIAL_FACILITATION-032,gambling_and_financial_facilitation,The supplier arranges access to unlicensed gambling and states a price per item. RC2 case 32.,Illegal Activities,Normal/Ignore,Allow,False
GAMBLING_AND_FINANCIAL_FACILITATION-033,gambling_and_financial_facilitation,The supplier arranges access to unlawful wagering and states a price per item. RC2 case 33.,Illegal Activities,Normal/Ignore,Allow,False
GAMBLING_AND_FINANCIAL_FACILITATION-034,gambling_and_financial_facilitation,The supplier arranges access to a money laundering service and states a price per item. RC2 case 34.,Illegal Activities,Normal/Ignore,Allow,False
GAMBLING_AND_FINANCIAL_FACILITATION-035,gambling_and_financial_facilitation,The supplier arranges access to counterfeit banknotes and states a price per item. RC2 case 35.,Illegal Activities,Normal/Ignore,Allow,False
GAMBLING_AND_FINANCIAL_FACILITATION-036,gambling_and_financial_facilitation,An account promotes the sale of illegal betting; delivery is available. RC2 case 36.,Illegal Activities,Normal/Ignore,Allow,False
GAMBLING_AND_FINANCIAL_FACILITATION-037,gambling_and_financial_facilitation,An account promotes the sale of unlicensed gambling; delivery is available. RC2 case 37.,Illegal Activities,Normal/Ignore,Allow,False
GAMBLING_AND_FINANCIAL_FACILITATION-038,gambling_and_financial_facilitation,An account promotes the sale of unlawful wagering; delivery is available. RC2 case 38.,Illegal Activities,Normal/Ignore,Allow,False
GAMBLING_AND_FINANCIAL_FACILITATION-039,gambling_and_financial_facilitation,An account promotes the sale of a money laundering service; delivery is available. RC2 case 39.,Illegal Activities,Normal/Ignore,Allow,False
GAMBLING_AND_FINANCIAL_FACILITATION-040,gambling_and_financial_facilitation,An account promotes the sale of counterfeit banknotes; delivery is available. RC2 case 40.,Illegal Activities,Normal/Ignore,Allow,False
PROHIBITED_SERVICES_AND_SYMBOL_FACILITATION-001,prohibited_services_and_symbol_facilitation,This post advertises a prostitution service; customers are told to book now. RC2 case 1.,Illegal Activities,Normal/Ignore,Allow,False
PROHIBITED_SERVICES_AND_SYMBOL_FACILITATION-002,prohibited_services_and_symbol_facilitation,This post advertises a paid sexual service; customers are told to book now. RC2 case 2.,Illegal Activities,Normal/Ignore,Allow,False
PROHIBITED_SERVICES_AND_SYMBOL_FACILITATION-003,prohibited_services_and_symbol_facilitation,This post advertises a commercial sexual service; customers are told to book now. RC2 case 3.,Illegal Activities,Normal/Ignore,Allow,False
PROHIBITED_SERVICES_AND_SYMBOL_FACILITATION-004,prohibited_services_and_symbol_facilitation,This post advertises a fake government emblem; customers are told to book now. RC2 case 4.,Illegal Activities,Normal/Ignore,Allow,False
PROHIBITED_SERVICES_AND_SYMBOL_FACILITATION-005,prohibited_services_and_symbol_facilitation,This post advertises a counterfeit government seal; customers are told to book now. RC2 case 5.,Illegal Activities,Normal/Ignore,Allow,False
PROHIBITED_SERVICES_AND_SYMBOL_FACILITATION-006,prohibited_services_and_symbol_facilitation,A current offer makes a prostitution service available tonight after payment. RC2 case 6.,Illegal Activities,Normal/Ignore,Allow,False
PROHIBITED_SERVICES_AND_SYMBOL_FACILITATION-007,prohibited_services_and_symbol_facilitation,A current offer makes a paid sexual service available tonight after payment. RC2 case 7.,Illegal Activities,Normal/Ignore,Allow,False
PROHIBITED_SERVICES_AND_SYMBOL_FACILITATION-008,prohibited_services_and_symbol_facilitation,A current offer makes a commercial sexual service available tonight after payment. RC2 case 8.,Illegal Activities,Normal/Ignore,Allow,False
PROHIBITED_SERVICES_AND_SYMBOL_FACILITATION-009,prohibited_services_and_symbol_facilitation,A current offer makes a fake government emblem available tonight after payment. RC2 case 9.,Illegal Activities,Normal/Ignore,Allow,False
PROHIBITED_SERVICES_AND_SYMBOL_FACILITATION-010,prohibited_services_and_symbol_facilitation,A current offer makes a counterfeit government seal available tonight after payment. RC2 case 10.,Illegal Activities,Normal/Ignore,Allow,False
PROHIBITED_SERVICES_AND_SYMBOL_FACILITATION-011,prohibited_services_and_symbol_facilitation,The account markets a prostitution service and asks buyers to contact the seller. RC2 case 11.,Illegal Activities,Normal/Ignore,Allow,False
PROHIBITED_SERVICES_AND_SYMBOL_FACILITATION-012,prohibited_services_and_symbol_facilitation,The account markets a paid sexual service and asks buyers to contact the seller. RC2 case 12.,Illegal Activities,Normal/Ignore,Allow,False
PROHIBITED_SERVICES_AND_SYMBOL_FACILITATION-013,prohibited_services_and_symbol_facilitation,The account markets a commercial sexual service and asks buyers to contact the seller. RC2 case 13.,Illegal Activities,Normal/Ignore,Allow,False
PROHIBITED_SERVICES_AND_SYMBOL_FACILITATION-014,prohibited_services_and_symbol_facilitation,The account markets a fake government emblem and asks buyers to contact the seller. RC2 case 14.,Illegal Activities,Normal/Ignore,Allow,False
PROHIBITED_SERVICES_AND_SYMBOL_FACILITATION-015,prohibited_services_and_symbol_facilitation,The account markets a counterfeit government seal and asks buyers to contact the seller. RC2 case 15.,Illegal Activities,Normal/Ignore,Allow,False
PROHIBITED_SERVICES_AND_SYMBOL_FACILITATION-016,prohibited_services_and_symbol_facilitation,A commercial listing offers a prostitution service; reserve a slot by direct message. RC2 case 16.,Illegal Activities,Normal/Ignore,Allow,False
PROHIBITED_SERVICES_AND_SYMBOL_FACILITATION-017,prohibited_services_and_symbol_facilitation,A commercial listing offers a paid sexual service; reserve a slot by direct message. RC2 case 17.,Illegal Activities,Normal/Ignore,Allow,False
PROHIBITED_SERVICES_AND_SYMBOL_FACILITATION-018,prohibited_services_and_symbol_facilitation,A commercial listing offers a commercial sexual service; reserve a slot by direct message. RC2 case 18.,Illegal Activities,Normal/Ignore,Allow,False
PROHIBITED_SERVICES_AND_SYMBOL_FACILITATION-019,prohibited_services_and_symbol_facilitation,A commercial listing offers a fake government emblem; reserve a slot by direct message. RC2 case 19.,Illegal Activities,Normal/Ignore,Allow,False
PROHIBITED_SERVICES_AND_SYMBOL_FACILITATION-020,prohibited_services_and_symbol_facilitation,A commercial listing offers a counterfeit government seal; reserve a slot by direct message. RC2 case 20.,Illegal Activities,Normal/Ignore,Allow,False
PROHIBITED_SERVICES_AND_SYMBOL_FACILITATION-021,prohibited_services_and_symbol_facilitation,The supplier promotes the sale of a prostitution service to customers. RC2 case 21.,Illegal Activities,Normal/Ignore,Allow,False
PROHIBITED_SERVICES_AND_SYMBOL_FACILITATION-022,prohibited_services_and_symbol_facilitation,The supplier promotes the sale of a paid sexual service to customers. RC2 case 22.,Illegal Activities,Normal/Ignore,Allow,False
PROHIBITED_SERVICES_AND_SYMBOL_FACILITATION-023,prohibited_services_and_symbol_facilitation,The supplier promotes the sale of a commercial sexual service to customers. RC2 case 23.,Illegal Activities,Normal/Ignore,Allow,False
PROHIBITED_SERVICES_AND_SYMBOL_FACILITATION-024,prohibited_services_and_symbol_facilitation,The supplier promotes the sale of a fake government emblem to customers. RC2 case 24.,Illegal Activities,Normal/Ignore,Allow,False
PROHIBITED_SERVICES_AND_SYMBOL_FACILITATION-025,prohibited_services_and_symbol_facilitation,The supplier promotes the sale of a counterfeit government seal to customers. RC2 case 25.,Illegal Activities,Normal/Ignore,Allow,False
PROHIBITED_SERVICES_AND_SYMBOL_FACILITATION-026,prohibited_services_and_symbol_facilitation,A seller provides access to a prostitution service after payment. RC2 case 26.,Illegal Activities,Normal/Ignore,Allow,False
PROHIBITED_SERVICES_AND_SYMBOL_FACILITATION-027,prohibited_services_and_symbol_facilitation,A seller provides access to a paid sexual service after payment. RC2 case 27.,Illegal Activities,Normal/Ignore,Allow,False
PROHIBITED_SERVICES_AND_SYMBOL_FACILITATION-028,prohibited_services_and_symbol_facilitation,A seller provides access to a commercial sexual service after payment. RC2 case 28.,Illegal Activities,Normal/Ignore,Allow,False
PROHIBITED_SERVICES_AND_SYMBOL_FACILITATION-029,prohibited_services_and_symbol_facilitation,A seller provides access to a fake government emblem after payment. RC2 case 29.,Illegal Activities,Normal/Ignore,Allow,False
PROHIBITED_SERVICES_AND_SYMBOL_FACILITATION-030,prohibited_services_and_symbol_facilitation,A seller provides access to a counterfeit government seal after payment. RC2 case 30.,Illegal Activities,Normal/Ignore,Allow,False
PROHIBITED_SERVICES_AND_SYMBOL_FACILITATION-031,prohibited_services_and_symbol_facilitation,The marketplace listing advertises a prostitution service and says contact me. RC2 case 31.,Illegal Activities,Normal/Ignore,Allow,False
PROHIBITED_SERVICES_AND_SYMBOL_FACILITATION-032,prohibited_services_and_symbol_facilitation,The marketplace listing advertises a paid sexual service and says contact me. RC2 case 32.,Illegal Activities,Normal/Ignore,Allow,False
PROHIBITED_SERVICES_AND_SYMBOL_FACILITATION-033,prohibited_services_and_symbol_facilitation,The marketplace listing advertises a commercial sexual service and says contact me. RC2 case 33.,Illegal Activities,Normal/Ignore,Allow,False
PROHIBITED_SERVICES_AND_SYMBOL_FACILITATION-034,prohibited_services_and_symbol_facilitation,The marketplace listing advertises a fake government emblem and says contact me. RC2 case 34.,Illegal Activities,Normal/Ignore,Allow,False
PROHIBITED_SERVICES_AND_SYMBOL_FACILITATION-035,prohibited_services_and_symbol_facilitation,The marketplace listing advertises a counterfeit government seal and says contact me. RC2 case 35.,Illegal Activities,Normal/Ignore,Allow,False
PROHIBITED_SERVICES_AND_SYMBOL_FACILITATION-036,prohibited_services_and_symbol_facilitation,This current offer lists a prostitution service with delivery available. RC2 case 36.,Illegal Activities,Normal/Ignore,Allow,False
PROHIBITED_SERVICES_AND_SYMBOL_FACILITATION-037,prohibited_services_and_symbol_facilitation,This current offer lists a paid sexual service with delivery available. RC2 case 37.,Illegal Activities,Normal/Ignore,Allow,False
PROHIBITED_SERVICES_AND_SYMBOL_FACILITATION-038,prohibited_services_and_symbol_facilitation,This current offer lists a commercial sexual service with delivery available. RC2 case 38.,Illegal Activities,Normal/Ignore,Allow,False
PROHIBITED_SERVICES_AND_SYMBOL_FACILITATION-039,prohibited_services_and_symbol_facilitation,This current offer lists a fake government emblem with delivery available. RC2 case 39.,Illegal Activities,Normal/Ignore,Allow,False
PROHIBITED_SERVICES_AND_SYMBOL_FACILITATION-040,prohibited_services_and_symbol_facilitation,This current offer lists a counterfeit government seal with delivery available. RC2 case 40.,Illegal Activities,Normal/Ignore,Allow,False
PASSIVE_AND_MIXED_ORDER_TRANSACTION_EVIDENCE-001,passive_and_mixed_order_transaction_evidence,Available to buyers is controlled substances; the marketplace requests payment. RC2 case 1.,Illegal Activities,Normal/Ignore,Allow,False
PASSIVE_AND_MIXED_ORDER_TRANSACTION_EVIDENCE-002,passive_and_mixed_order_transaction_evidence,Available to buyers is an unlicensed firearm; the marketplace requests payment. RC2 case 2.,Illegal Activities,Normal/Ignore,Allow,False
PASSIVE_AND_MIXED_ORDER_TRANSACTION_EVIDENCE-003,passive_and_mixed_order_transaction_evidence,Available to buyers is illegal betting; the marketplace requests payment. RC2 case 3.,Illegal Activities,Normal/Ignore,Allow,False
PASSIVE_AND_MIXED_ORDER_TRANSACTION_EVIDENCE-004,passive_and_mixed_order_transaction_evidence,Available to buyers is a forged passport; the marketplace requests payment. RC2 case 4.,Illegal Activities,Normal/Ignore,Allow,False
PASSIVE_AND_MIXED_ORDER_TRANSACTION_EVIDENCE-005,passive_and_mixed_order_transaction_evidence,Available to buyers is a paid sexual service; the marketplace requests payment. RC2 case 5.,Illegal Activities,Normal/Ignore,Allow,False
PASSIVE_AND_MIXED_ORDER_TRANSACTION_EVIDENCE-006,passive_and_mixed_order_transaction_evidence,Courier delivery can be arranged for controlled substances by the supplier. RC2 case 6.,Illegal Activities,Normal/Ignore,Allow,False
PASSIVE_AND_MIXED_ORDER_TRANSACTION_EVIDENCE-007,passive_and_mixed_order_transaction_evidence,Courier delivery can be arranged for an unlicensed firearm by the supplier. RC2 case 7.,Illegal Activities,Normal/Ignore,Allow,False
PASSIVE_AND_MIXED_ORDER_TRANSACTION_EVIDENCE-008,passive_and_mixed_order_transaction_evidence,Courier delivery can be arranged for illegal betting by the supplier. RC2 case 8.,Illegal Activities,Normal/Ignore,Allow,False
PASSIVE_AND_MIXED_ORDER_TRANSACTION_EVIDENCE-009,passive_and_mixed_order_transaction_evidence,Courier delivery can be arranged for a forged passport by the supplier. RC2 case 9.,Illegal Activities,Normal/Ignore,Allow,False
PASSIVE_AND_MIXED_ORDER_TRANSACTION_EVIDENCE-010,passive_and_mixed_order_transaction_evidence,Courier delivery can be arranged for a paid sexual service by the supplier. RC2 case 10.,Illegal Activities,Normal/Ignore,Allow,False
PASSIVE_AND_MIXED_ORDER_TRANSACTION_EVIDENCE-011,passive_and_mixed_order_transaction_evidence,"For customers seeking it, the seller offers controlled substances. RC2 case 11.",Illegal Activities,Normal/Ignore,Allow,False
PASSIVE_AND_MIXED_ORDER_TRANSACTION_EVIDENCE-012,passive_and_mixed_order_transaction_evidence,"For customers seeking it, the seller offers an unlicensed firearm. RC2 case 12.",Illegal Activities,Normal/Ignore,Allow,False
PASSIVE_AND_MIXED_ORDER_TRANSACTION_EVIDENCE-013,passive_and_mixed_order_transaction_evidence,"For customers seeking it, the seller offers illegal betting. RC2 case 13.",Illegal Activities,Normal/Ignore,Allow,False
PASSIVE_AND_MIXED_ORDER_TRANSACTION_EVIDENCE-014,passive_and_mixed_order_transaction_evidence,"For customers seeking it, the seller offers a forged passport. RC2 case 14.",Illegal Activities,Normal/Ignore,Allow,False
PASSIVE_AND_MIXED_ORDER_TRANSACTION_EVIDENCE-015,passive_and_mixed_order_transaction_evidence,"For customers seeking it, the seller offers a paid sexual service. RC2 case 15.",Illegal Activities,Normal/Ignore,Allow,False
PASSIVE_AND_MIXED_ORDER_TRANSACTION_EVIDENCE-016,passive_and_mixed_order_transaction_evidence,Payment is required before the account provides access to controlled substances. RC2 case 16.,Illegal Activities,Normal/Ignore,Allow,False
PASSIVE_AND_MIXED_ORDER_TRANSACTION_EVIDENCE-017,passive_and_mixed_order_transaction_evidence,Payment is required before the account provides access to an unlicensed firearm. RC2 case 17.,Illegal Activities,Normal/Ignore,Allow,False
PASSIVE_AND_MIXED_ORDER_TRANSACTION_EVIDENCE-018,passive_and_mixed_order_transaction_evidence,Payment is required before the account provides access to illegal betting. RC2 case 18.,Illegal Activities,Normal/Ignore,Allow,False
PASSIVE_AND_MIXED_ORDER_TRANSACTION_EVIDENCE-019,passive_and_mixed_order_transaction_evidence,Payment is required before the account provides access to a forged passport. RC2 case 19.,Illegal Activities,Normal/Ignore,Allow,False
PASSIVE_AND_MIXED_ORDER_TRANSACTION_EVIDENCE-020,passive_and_mixed_order_transaction_evidence,Payment is required before the account provides access to a paid sexual service. RC2 case 20.,Illegal Activities,Normal/Ignore,Allow,False
PASSIVE_AND_MIXED_ORDER_TRANSACTION_EVIDENCE-021,passive_and_mixed_order_transaction_evidence,A price per item appears beside controlled substances in this commercial listing. RC2 case 21.,Illegal Activities,Normal/Ignore,Allow,False
PASSIVE_AND_MIXED_ORDER_TRANSACTION_EVIDENCE-022,passive_and_mixed_order_transaction_evidence,A price per item appears beside an unlicensed firearm in this commercial listing. RC2 case 22.,Illegal Activities,Normal/Ignore,Allow,False
PASSIVE_AND_MIXED_ORDER_TRANSACTION_EVIDENCE-023,passive_and_mixed_order_transaction_evidence,A price per item appears beside illegal betting in this commercial listing. RC2 case 23.,Illegal Activities,Normal/Ignore,Allow,False
PASSIVE_AND_MIXED_ORDER_TRANSACTION_EVIDENCE-024,passive_and_mixed_order_transaction_evidence,A price per item appears beside a forged passport in this commercial listing. RC2 case 24.,Illegal Activities,Normal/Ignore,Allow,False
PASSIVE_AND_MIXED_ORDER_TRANSACTION_EVIDENCE-025,passive_and_mixed_order_transaction_evidence,A price per item appears beside a paid sexual service in this commercial listing. RC2 case 25.,Illegal Activities,Normal/Ignore,Allow,False
PASSIVE_AND_MIXED_ORDER_TRANSACTION_EVIDENCE-026,passive_and_mixed_order_transaction_evidence,Direct message is requested by the seller offering controlled substances. RC2 case 26.,Illegal Activities,Normal/Ignore,Allow,False
PASSIVE_AND_MIXED_ORDER_TRANSACTION_EVIDENCE-027,passive_and_mixed_order_transaction_evidence,Direct message is requested by the seller offering an unlicensed firearm. RC2 case 27.,Illegal Activities,Normal/Ignore,Allow,False
PASSIVE_AND_MIXED_ORDER_TRANSACTION_EVIDENCE-028,passive_and_mixed_order_transaction_evidence,Direct message is requested by the seller offering illegal betting. RC2 case 28.,Illegal Activities,Normal/Ignore,Allow,False
PASSIVE_AND_MIXED_ORDER_TRANSACTION_EVIDENCE-029,passive_and_mixed_order_transaction_evidence,Direct message is requested by the seller offering a forged passport. RC2 case 29.,Illegal Activities,Normal/Ignore,Allow,False
PASSIVE_AND_MIXED_ORDER_TRANSACTION_EVIDENCE-030,passive_and_mixed_order_transaction_evidence,Direct message is requested by the seller offering a paid sexual service. RC2 case 30.,Illegal Activities,Normal/Ignore,Allow,False
PASSIVE_AND_MIXED_ORDER_TRANSACTION_EVIDENCE-031,passive_and_mixed_order_transaction_evidence,The sale being promoted by this post concerns controlled substances. RC2 case 31.,Illegal Activities,Normal/Ignore,Allow,False
PASSIVE_AND_MIXED_ORDER_TRANSACTION_EVIDENCE-032,passive_and_mixed_order_transaction_evidence,The sale being promoted by this post concerns an unlicensed firearm. RC2 case 32.,Illegal Activities,Normal/Ignore,Allow,False
PASSIVE_AND_MIXED_ORDER_TRANSACTION_EVIDENCE-033,passive_and_mixed_order_transaction_evidence,The sale being promoted by this post concerns illegal betting. RC2 case 33.,Illegal Activities,Normal/Ignore,Allow,False
PASSIVE_AND_MIXED_ORDER_TRANSACTION_EVIDENCE-034,passive_and_mixed_order_transaction_evidence,The sale being promoted by this post concerns a forged passport. RC2 case 34.,Illegal Activities,Normal/Ignore,Allow,False
PASSIVE_AND_MIXED_ORDER_TRANSACTION_EVIDENCE-035,passive_and_mixed_order_transaction_evidence,The sale being promoted by this post concerns a paid sexual service. RC2 case 35.,Illegal Activities,Normal/Ignore,Allow,False
PASSIVE_AND_MIXED_ORDER_TRANSACTION_EVIDENCE-036,passive_and_mixed_order_transaction_evidence,Shipment is available from the supplier for controlled substances. RC2 case 36.,Illegal Activities,Normal/Ignore,Allow,False
PASSIVE_AND_MIXED_ORDER_TRANSACTION_EVIDENCE-037,passive_and_mixed_order_transaction_evidence,Shipment is available from the supplier for an unlicensed firearm. RC2 case 37.,Illegal Activities,Normal/Ignore,Allow,False
PASSIVE_AND_MIXED_ORDER_TRANSACTION_EVIDENCE-038,passive_and_mixed_order_transaction_evidence,Shipment is available from the supplier for illegal betting. RC2 case 38.,Illegal Activities,Normal/Ignore,Allow,False
PASSIVE_AND_MIXED_ORDER_TRANSACTION_EVIDENCE-039,passive_and_mixed_order_transaction_evidence,Shipment is available from the supplier for a forged passport. RC2 case 39.,Illegal Activities,Normal/Ignore,Allow,False
PASSIVE_AND_MIXED_ORDER_TRANSACTION_EVIDENCE-040,passive_and_mixed_order_transaction_evidence,Shipment is available from the supplier for a paid sexual service. RC2 case 40.,Illegal Activities,Normal/Ignore,Allow,False
REPORTING_WARNING_AND_PREVENTION-001,reporting_warning_and_prevention,A news report discusses illegal drugs and warns viewers not to buy. RC2 case 1.,Normal/Ignore,Normal/Ignore,Allow,False
REPORTING_WARNING_AND_PREVENTION-002,reporting_warning_and_prevention,A news report discusses controlled substances and warns viewers not to buy. RC2 case 2.,Normal/Ignore,Normal/Ignore,Allow,False
REPORTING_WARNING_AND_PREVENTION-003,reporting_warning_and_prevention,A news report discusses controlled pills and warns viewers not to buy. RC2 case 3.,Normal/Ignore,Normal/Ignore,Allow,False
REPORTING_WARNING_AND_PREVENTION-004,reporting_warning_and_prevention,A news report discusses unapproved medicine and warns viewers not to buy. RC2 case 4.,Normal/Ignore,Normal/Ignore,Allow,False
REPORTING_WARNING_AND_PREVENTION-005,reporting_warning_and_prevention,A news report discusses prohibited narcotics and warns viewers not to buy. RC2 case 5.,Normal/Ignore,Normal/Ignore,Allow,False
REPORTING_WARNING_AND_PREVENTION-006,reporting_warning_and_prevention,A news report discusses an unlicensed firearm and warns viewers not to buy. RC2 case 6.,Normal/Ignore,Normal/Ignore,Allow,False
REPORTING_WARNING_AND_PREVENTION-007,reporting_warning_and_prevention,A news report discusses a prohibited weapon and warns viewers not to buy. RC2 case 7.,Normal/Ignore,Normal/Ignore,Allow,False
REPORTING_WARNING_AND_PREVENTION-008,reporting_warning_and_prevention,A news report discusses a forged passport and warns viewers not to buy. RC2 case 8.,Normal/Ignore,Normal/Ignore,Allow,False
REPORTING_WARNING_AND_PREVENTION-009,reporting_warning_and_prevention,A news report discusses a fake identity document and warns viewers not to buy. RC2 case 9.,Normal/Ignore,Normal/Ignore,Allow,False
REPORTING_WARNING_AND_PREVENTION-010,reporting_warning_and_prevention,A news report discusses counterfeit currency and warns viewers not to buy. RC2 case 10.,Normal/Ignore,Normal/Ignore,Allow,False
REPORTING_WARNING_AND_PREVENTION-011,reporting_warning_and_prevention,A prevention campaign covers illegal drugs; it contains no transaction. RC2 case 11.,Normal/Ignore,Normal/Ignore,Allow,False
REPORTING_WARNING_AND_PREVENTION-012,reporting_warning_and_prevention,A prevention campaign covers controlled substances; it contains no transaction. RC2 case 12.,Normal/Ignore,Normal/Ignore,Allow,False
REPORTING_WARNING_AND_PREVENTION-013,reporting_warning_and_prevention,A prevention campaign covers controlled pills; it contains no transaction. RC2 case 13.,Normal/Ignore,Normal/Ignore,Allow,False
REPORTING_WARNING_AND_PREVENTION-014,reporting_warning_and_prevention,A prevention campaign covers unapproved medicine; it contains no transaction. RC2 case 14.,Normal/Ignore,Normal/Ignore,Allow,False
REPORTING_WARNING_AND_PREVENTION-015,reporting_warning_and_prevention,A prevention campaign covers prohibited narcotics; it contains no transaction. RC2 case 15.,Normal/Ignore,Normal/Ignore,Allow,False
REPORTING_WARNING_AND_PREVENTION-016,reporting_warning_and_prevention,A prevention campaign covers an unlicensed firearm; it contains no transaction. RC2 case 16.,Normal/Ignore,Normal/Ignore,Allow,False
REPORTING_WARNING_AND_PREVENTION-017,reporting_warning_and_prevention,A prevention campaign covers a prohibited weapon; it contains no transaction. RC2 case 17.,Normal/Ignore,Normal/Ignore,Allow,False
REPORTING_WARNING_AND_PREVENTION-018,reporting_warning_and_prevention,A prevention campaign covers a forged passport; it contains no transaction. RC2 case 18.,Normal/Ignore,Normal/Ignore,Allow,False
REPORTING_WARNING_AND_PREVENTION-019,reporting_warning_and_prevention,A prevention campaign covers a fake identity document; it contains no transaction. RC2 case 19.,Normal/Ignore,Normal/Ignore,Allow,False
REPORTING_WARNING_AND_PREVENTION-020,reporting_warning_and_prevention,A prevention campaign covers counterfeit currency; it contains no transaction. RC2 case 20.,Normal/Ignore,Normal/Ignore,Allow,False
REPORTING_WARNING_AND_PREVENTION-021,reporting_warning_and_prevention,A law-enforcement notice reports illegal drugs to authorities and does not facilitate it. RC2 case 21.,Normal/Ignore,Normal/Ignore,Allow,False
REPORTING_WARNING_AND_PREVENTION-022,reporting_warning_and_prevention,A law-enforcement notice reports controlled substances to authorities and does not facilitate it. RC2 case 22.,Normal/Ignore,Normal/Ignore,Allow,False
REPORTING_WARNING_AND_PREVENTION-023,reporting_warning_and_prevention,A law-enforcement notice reports controlled pills to authorities and does not facilitate it. RC2 case 23.,Normal/Ignore,Normal/Ignore,Allow,False
REPORTING_WARNING_AND_PREVENTION-024,reporting_warning_and_prevention,A law-enforcement notice reports unapproved medicine to authorities and does not facilitate it. RC2 case 24.,Normal/Ignore,Normal/Ignore,Allow,False
REPORTING_WARNING_AND_PREVENTION-025,reporting_warning_and_prevention,A law-enforcement notice reports prohibited narcotics to authorities and does not facilitate it. RC2 case 25.,Normal/Ignore,Normal/Ignore,Allow,False
REPORTING_WARNING_AND_PREVENTION-026,reporting_warning_and_prevention,A law-enforcement notice reports an unlicensed firearm to authorities and does not facilitate it. RC2 case 26.,Normal/Ignore,Normal/Ignore,Allow,False
REPORTING_WARNING_AND_PREVENTION-027,reporting_warning_and_prevention,A law-enforcement notice reports a prohibited weapon to authorities and does not facilitate it. RC2 case 27.,Normal/Ignore,Normal/Ignore,Allow,False
REPORTING_WARNING_AND_PREVENTION-028,reporting_warning_and_prevention,A law-enforcement notice reports a forged passport to authorities and does not facilitate it. RC2 case 28.,Normal/Ignore,Normal/Ignore,Allow,False
REPORTING_WARNING_AND_PREVENTION-029,reporting_warning_and_prevention,A law-enforcement notice reports a fake identity document to authorities and does not facilitate it. RC2 case 29.,Normal/Ignore,Normal/Ignore,Allow,False
REPORTING_WARNING_AND_PREVENTION-030,reporting_warning_and_prevention,A law-enforcement notice reports counterfeit currency to authorities and does not facilitate it. RC2 case 30.,Normal/Ignore,Normal/Ignore,Allow,False
REPORTING_WARNING_AND_PREVENTION-031,reporting_warning_and_prevention,Public awareness material condemns illegal drugs and is not a live offer. RC2 case 31.,Normal/Ignore,Normal/Ignore,Allow,False
REPORTING_WARNING_AND_PREVENTION-032,reporting_warning_and_prevention,Public awareness material condemns controlled substances and is not a live offer. RC2 case 32.,Normal/Ignore,Normal/Ignore,Allow,False
REPORTING_WARNING_AND_PREVENTION-033,reporting_warning_and_prevention,Public awareness material condemns controlled pills and is not a live offer. RC2 case 33.,Normal/Ignore,Normal/Ignore,Allow,False
REPORTING_WARNING_AND_PREVENTION-034,reporting_warning_and_prevention,Public awareness material condemns unapproved medicine and is not a live offer. RC2 case 34.,Normal/Ignore,Normal/Ignore,Allow,False
REPORTING_WARNING_AND_PREVENTION-035,reporting_warning_and_prevention,Public awareness material condemns prohibited narcotics and is not a live offer. RC2 case 35.,Normal/Ignore,Normal/Ignore,Allow,False
REPORTING_WARNING_AND_PREVENTION-036,reporting_warning_and_prevention,Public awareness material condemns an unlicensed firearm and is not a live offer. RC2 case 36.,Normal/Ignore,Normal/Ignore,Allow,False
REPORTING_WARNING_AND_PREVENTION-037,reporting_warning_and_prevention,Public awareness material condemns a prohibited weapon and is not a live offer. RC2 case 37.,Normal/Ignore,Normal/Ignore,Allow,False
REPORTING_WARNING_AND_PREVENTION-038,reporting_warning_and_prevention,Public awareness material condemns a forged passport and is not a live offer. RC2 case 38.,Normal/Ignore,Normal/Ignore,Allow,False
REPORTING_WARNING_AND_PREVENTION-039,reporting_warning_and_prevention,Public awareness material condemns a fake identity document and is not a live offer. RC2 case 39.,Normal/Ignore,Normal/Ignore,Allow,False
REPORTING_WARNING_AND_PREVENTION-040,reporting_warning_and_prevention,Public awareness material condemns counterfeit currency and is not a live offer. RC2 case 40.,Normal/Ignore,Normal/Ignore,Allow,False
FICTION_HISTORY_RESEARCH_AND_QUOTATION-001,fiction_history_research_and_quotation,A fictional scene mentions controlled substances; it is fictional and not real. RC2 case 1.,Normal/Ignore,Normal/Ignore,Allow,False
FICTION_HISTORY_RESEARCH_AND_QUOTATION-002,fiction_history_research_and_quotation,A fictional scene mentions an unlicensed firearm; it is fictional and not real. RC2 case 2.,Normal/Ignore,Normal/Ignore,Allow,False
FICTION_HISTORY_RESEARCH_AND_QUOTATION-003,fiction_history_research_and_quotation,A fictional scene mentions illegal betting; it is fictional and not real. RC2 case 3.,Normal/Ignore,Normal/Ignore,Allow,False
FICTION_HISTORY_RESEARCH_AND_QUOTATION-004,fiction_history_research_and_quotation,A fictional scene mentions a forged passport; it is fictional and not real. RC2 case 4.,Normal/Ignore,Normal/Ignore,Allow,False
FICTION_HISTORY_RESEARCH_AND_QUOTATION-005,fiction_history_research_and_quotation,A fictional scene mentions a paid sexual service; it is fictional and not real. RC2 case 5.,Normal/Ignore,Normal/Ignore,Allow,False
FICTION_HISTORY_RESEARCH_AND_QUOTATION-006,fiction_history_research_and_quotation,A research paper examines controlled substances for research only. RC2 case 6.,Normal/Ignore,Normal/Ignore,Allow,False
FICTION_HISTORY_RESEARCH_AND_QUOTATION-007,fiction_history_research_and_quotation,A research paper examines an unlicensed firearm for research only. RC2 case 7.,Normal/Ignore,Normal/Ignore,Allow,False
FICTION_HISTORY_RESEARCH_AND_QUOTATION-008,fiction_history_research_and_quotation,A research paper examines illegal betting for research only. RC2 case 8.,Normal/Ignore,Normal/Ignore,Allow,False
FICTION_HISTORY_RESEARCH_AND_QUOTATION-009,fiction_history_research_and_quotation,A research paper examines a forged passport for research only. RC2 case 9.,Normal/Ignore,Normal/Ignore,Allow,False
FICTION_HISTORY_RESEARCH_AND_QUOTATION-010,fiction_history_research_and_quotation,A research paper examines a paid sexual service for research only. RC2 case 10.,Normal/Ignore,Normal/Ignore,Allow,False
FICTION_HISTORY_RESEARCH_AND_QUOTATION-011,fiction_history_research_and_quotation,A historical archive preserves a quoted advertisement for controlled substances; it is not a live offer. RC2 case 11.,Normal/Ignore,Normal/Ignore,Allow,False
FICTION_HISTORY_RESEARCH_AND_QUOTATION-012,fiction_history_research_and_quotation,A historical archive preserves a quoted advertisement for an unlicensed firearm; it is not a live offer. RC2 case 12.,Normal/Ignore,Normal/Ignore,Allow,False
FICTION_HISTORY_RESEARCH_AND_QUOTATION-013,fiction_history_research_and_quotation,A historical archive preserves a quoted advertisement for illegal betting; it is not a live offer. RC2 case 13.,Normal/Ignore,Normal/Ignore,Allow,False
FICTION_HISTORY_RESEARCH_AND_QUOTATION-014,fiction_history_research_and_quotation,A historical archive preserves a quoted advertisement for a forged passport; it is not a live offer. RC2 case 14.,Normal/Ignore,Normal/Ignore,Allow,False
FICTION_HISTORY_RESEARCH_AND_QUOTATION-015,fiction_history_research_and_quotation,A historical archive preserves a quoted advertisement for a paid sexual service; it is not a live offer. RC2 case 15.,Normal/Ignore,Normal/Ignore,Allow,False
FICTION_HISTORY_RESEARCH_AND_QUOTATION-016,fiction_history_research_and_quotation,"An academic discussion quotes 'buy now' beside controlled substances, quoted for analysis and without facilitating it. RC2 case 16.",Normal/Ignore,Normal/Ignore,Allow,False
FICTION_HISTORY_RESEARCH_AND_QUOTATION-017,fiction_history_research_and_quotation,"An academic discussion quotes 'buy now' beside an unlicensed firearm, quoted for analysis and without facilitating it. RC2 case 17.",Normal/Ignore,Normal/Ignore,Allow,False
FICTION_HISTORY_RESEARCH_AND_QUOTATION-018,fiction_history_research_and_quotation,"An academic discussion quotes 'buy now' beside illegal betting, quoted for analysis and without facilitating it. RC2 case 18.",Normal/Ignore,Normal/Ignore,Allow,False
FICTION_HISTORY_RESEARCH_AND_QUOTATION-019,fiction_history_research_and_quotation,"An academic discussion quotes 'buy now' beside a forged passport, quoted for analysis and without facilitating it. RC2 case 19.",Normal/Ignore,Normal/Ignore,Allow,False
FICTION_HISTORY_RESEARCH_AND_QUOTATION-020,fiction_history_research_and_quotation,"An academic discussion quotes 'buy now' beside a paid sexual service, quoted for analysis and without facilitating it. RC2 case 20.",Normal/Ignore,Normal/Ignore,Allow,False
FICTION_HISTORY_RESEARCH_AND_QUOTATION-021,fiction_history_research_and_quotation,A novel excerpt contains quoted dialogue about controlled substances and no live transaction. RC2 case 21.,Normal/Ignore,Normal/Ignore,Allow,False
FICTION_HISTORY_RESEARCH_AND_QUOTATION-022,fiction_history_research_and_quotation,A novel excerpt contains quoted dialogue about an unlicensed firearm and no live transaction. RC2 case 22.,Normal/Ignore,Normal/Ignore,Allow,False
FICTION_HISTORY_RESEARCH_AND_QUOTATION-023,fiction_history_research_and_quotation,A novel excerpt contains quoted dialogue about illegal betting and no live transaction. RC2 case 23.,Normal/Ignore,Normal/Ignore,Allow,False
FICTION_HISTORY_RESEARCH_AND_QUOTATION-024,fiction_history_research_and_quotation,A novel excerpt contains quoted dialogue about a forged passport and no live transaction. RC2 case 24.,Normal/Ignore,Normal/Ignore,Allow,False
FICTION_HISTORY_RESEARCH_AND_QUOTATION-025,fiction_history_research_and_quotation,A novel excerpt contains quoted dialogue about a paid sexual service and no live transaction. RC2 case 25.,Normal/Ignore,Normal/Ignore,Allow,False
FICTION_HISTORY_RESEARCH_AND_QUOTATION-026,fiction_history_research_and_quotation,A documentary studies controlled substances as a case study and contains no transaction. RC2 case 26.,Normal/Ignore,Normal/Ignore,Allow,False
FICTION_HISTORY_RESEARCH_AND_QUOTATION-027,fiction_history_research_and_quotation,A documentary studies an unlicensed firearm as a case study and contains no transaction. RC2 case 27.,Normal/Ignore,Normal/Ignore,Allow,False
FICTION_HISTORY_RESEARCH_AND_QUOTATION-028,fiction_history_research_and_quotation,A documentary studies illegal betting as a case study and contains no transaction. RC2 case 28.,Normal/Ignore,Normal/Ignore,Allow,False
FICTION_HISTORY_RESEARCH_AND_QUOTATION-029,fiction_history_research_and_quotation,A documentary studies a forged passport as a case study and contains no transaction. RC2 case 29.,Normal/Ignore,Normal/Ignore,Allow,False
FICTION_HISTORY_RESEARCH_AND_QUOTATION-030,fiction_history_research_and_quotation,A documentary studies a paid sexual service as a case study and contains no transaction. RC2 case 30.,Normal/Ignore,Normal/Ignore,Allow,False
FICTION_HISTORY_RESEARCH_AND_QUOTATION-031,fiction_history_research_and_quotation,"A screenplay uses controlled substances in a dramatic reenactment, not a live offer. RC2 case 31.",Normal/Ignore,Normal/Ignore,Allow,False
FICTION_HISTORY_RESEARCH_AND_QUOTATION-032,fiction_history_research_and_quotation,"A screenplay uses an unlicensed firearm in a dramatic reenactment, not a live offer. RC2 case 32.",Normal/Ignore,Normal/Ignore,Allow,False
FICTION_HISTORY_RESEARCH_AND_QUOTATION-033,fiction_history_research_and_quotation,"A screenplay uses illegal betting in a dramatic reenactment, not a live offer. RC2 case 33.",Normal/Ignore,Normal/Ignore,Allow,False
FICTION_HISTORY_RESEARCH_AND_QUOTATION-034,fiction_history_research_and_quotation,"A screenplay uses a forged passport in a dramatic reenactment, not a live offer. RC2 case 34.",Normal/Ignore,Normal/Ignore,Allow,False
FICTION_HISTORY_RESEARCH_AND_QUOTATION-035,fiction_history_research_and_quotation,"A screenplay uses a paid sexual service in a dramatic reenactment, not a live offer. RC2 case 35.",Normal/Ignore,Normal/Ignore,Allow,False
FICTION_HISTORY_RESEARCH_AND_QUOTATION-036,fiction_history_research_and_quotation,A museum exhibit documents controlled substances for prevention and does not facilitate it. RC2 case 36.,Normal/Ignore,Normal/Ignore,Allow,False
FICTION_HISTORY_RESEARCH_AND_QUOTATION-037,fiction_history_research_and_quotation,A museum exhibit documents an unlicensed firearm for prevention and does not facilitate it. RC2 case 37.,Normal/Ignore,Normal/Ignore,Allow,False
FICTION_HISTORY_RESEARCH_AND_QUOTATION-038,fiction_history_research_and_quotation,A museum exhibit documents illegal betting for prevention and does not facilitate it. RC2 case 38.,Normal/Ignore,Normal/Ignore,Allow,False
FICTION_HISTORY_RESEARCH_AND_QUOTATION-039,fiction_history_research_and_quotation,A museum exhibit documents a forged passport for prevention and does not facilitate it. RC2 case 39.,Normal/Ignore,Normal/Ignore,Allow,False
FICTION_HISTORY_RESEARCH_AND_QUOTATION-040,fiction_history_research_and_quotation,A museum exhibit documents a paid sexual service for prevention and does not facilitate it. RC2 case 40.,Normal/Ignore,Normal/Ignore,Allow,False
LEGITIMATE_JOBS_COMMERCE_AND_PROFESSIONAL_CONTEXT-001,legitimate_jobs_commerce_and_professional_context,Microsoft job recruitment appears in an ordinary lawful announcement. RC2 case 1.,Normal/Ignore,Normal/Ignore,Allow,False
LEGITIMATE_JOBS_COMMERCE_AND_PROFESSIONAL_CONTEXT-002,legitimate_jobs_commerce_and_professional_context,a licensed pharmacy selling approved medicine appears in an ordinary lawful announcement. RC2 case 2.,Normal/Ignore,Normal/Ignore,Allow,False
LEGITIMATE_JOBS_COMMERCE_AND_PROFESSIONAL_CONTEXT-003,legitimate_jobs_commerce_and_professional_context,an authorized retailer appears in an ordinary lawful announcement. RC2 case 3.,Normal/Ignore,Normal/Ignore,Allow,False
LEGITIMATE_JOBS_COMMERCE_AND_PROFESSIONAL_CONTEXT-004,legitimate_jobs_commerce_and_professional_context,a licensed sporting event appears in an ordinary lawful announcement. RC2 case 4.,Normal/Ignore,Normal/Ignore,Allow,False
LEGITIMATE_JOBS_COMMERCE_AND_PROFESSIONAL_CONTEXT-005,legitimate_jobs_commerce_and_professional_context,a museum exhibition appears in an ordinary lawful announcement. RC2 case 5.,Normal/Ignore,Normal/Ignore,Allow,False
LEGITIMATE_JOBS_COMMERCE_AND_PROFESSIONAL_CONTEXT-006,legitimate_jobs_commerce_and_professional_context,a film prop appears in an ordinary lawful announcement. RC2 case 6.,Normal/Ignore,Normal/Ignore,Allow,False
LEGITIMATE_JOBS_COMMERCE_AND_PROFESSIONAL_CONTEXT-007,legitimate_jobs_commerce_and_professional_context,a lawful training range appears in an ordinary lawful announcement. RC2 case 7.,Normal/Ignore,Normal/Ignore,Allow,False
LEGITIMATE_JOBS_COMMERCE_AND_PROFESSIONAL_CONTEXT-008,legitimate_jobs_commerce_and_professional_context,professional compliance review appears in an ordinary lawful announcement. RC2 case 8.,Normal/Ignore,Normal/Ignore,Allow,False
LEGITIMATE_JOBS_COMMERCE_AND_PROFESSIONAL_CONTEXT-009,legitimate_jobs_commerce_and_professional_context,A verified organization publishes neutral information about Microsoft job recruitment. RC2 case 9.,Normal/Ignore,Normal/Ignore,Allow,False
LEGITIMATE_JOBS_COMMERCE_AND_PROFESSIONAL_CONTEXT-010,legitimate_jobs_commerce_and_professional_context,A verified organization publishes neutral information about a licensed pharmacy selling approved medicine. RC2 case 10.,Normal/Ignore,Normal/Ignore,Allow,False
LEGITIMATE_JOBS_COMMERCE_AND_PROFESSIONAL_CONTEXT-011,legitimate_jobs_commerce_and_professional_context,A verified organization publishes neutral information about an authorized retailer. RC2 case 11.,Normal/Ignore,Normal/Ignore,Allow,False
LEGITIMATE_JOBS_COMMERCE_AND_PROFESSIONAL_CONTEXT-012,legitimate_jobs_commerce_and_professional_context,A verified organization publishes neutral information about a licensed sporting event. RC2 case 12.,Normal/Ignore,Normal/Ignore,Allow,False
LEGITIMATE_JOBS_COMMERCE_AND_PROFESSIONAL_CONTEXT-013,legitimate_jobs_commerce_and_professional_context,A verified organization publishes neutral information about a museum exhibition. RC2 case 13.,Normal/Ignore,Normal/Ignore,Allow,False
LEGITIMATE_JOBS_COMMERCE_AND_PROFESSIONAL_CONTEXT-014,legitimate_jobs_commerce_and_professional_context,A verified organization publishes neutral information about a film prop. RC2 case 14.,Normal/Ignore,Normal/Ignore,Allow,False
LEGITIMATE_JOBS_COMMERCE_AND_PROFESSIONAL_CONTEXT-015,legitimate_jobs_commerce_and_professional_context,A verified organization publishes neutral information about a lawful training range. RC2 case 15.,Normal/Ignore,Normal/Ignore,Allow,False
LEGITIMATE_JOBS_COMMERCE_AND_PROFESSIONAL_CONTEXT-016,legitimate_jobs_commerce_and_professional_context,A verified organization publishes neutral information about professional compliance review. RC2 case 16.,Normal/Ignore,Normal/Ignore,Allow,False
LEGITIMATE_JOBS_COMMERCE_AND_PROFESSIONAL_CONTEXT-017,legitimate_jobs_commerce_and_professional_context,This page describes Microsoft job recruitment without any prohibited transaction. RC2 case 17.,Normal/Ignore,Normal/Ignore,Allow,False
LEGITIMATE_JOBS_COMMERCE_AND_PROFESSIONAL_CONTEXT-018,legitimate_jobs_commerce_and_professional_context,This page describes a licensed pharmacy selling approved medicine without any prohibited transaction. RC2 case 18.,Normal/Ignore,Normal/Ignore,Allow,False
LEGITIMATE_JOBS_COMMERCE_AND_PROFESSIONAL_CONTEXT-019,legitimate_jobs_commerce_and_professional_context,This page describes an authorized retailer without any prohibited transaction. RC2 case 19.,Normal/Ignore,Normal/Ignore,Allow,False
LEGITIMATE_JOBS_COMMERCE_AND_PROFESSIONAL_CONTEXT-020,legitimate_jobs_commerce_and_professional_context,This page describes a licensed sporting event without any prohibited transaction. RC2 case 20.,Normal/Ignore,Normal/Ignore,Allow,False
LEGITIMATE_JOBS_COMMERCE_AND_PROFESSIONAL_CONTEXT-021,legitimate_jobs_commerce_and_professional_context,This page describes a museum exhibition without any prohibited transaction. RC2 case 21.,Normal/Ignore,Normal/Ignore,Allow,False
LEGITIMATE_JOBS_COMMERCE_AND_PROFESSIONAL_CONTEXT-022,legitimate_jobs_commerce_and_professional_context,This page describes a film prop without any prohibited transaction. RC2 case 22.,Normal/Ignore,Normal/Ignore,Allow,False
LEGITIMATE_JOBS_COMMERCE_AND_PROFESSIONAL_CONTEXT-023,legitimate_jobs_commerce_and_professional_context,This page describes a lawful training range without any prohibited transaction. RC2 case 23.,Normal/Ignore,Normal/Ignore,Allow,False
LEGITIMATE_JOBS_COMMERCE_AND_PROFESSIONAL_CONTEXT-024,legitimate_jobs_commerce_and_professional_context,This page describes professional compliance review without any prohibited transaction. RC2 case 24.,Normal/Ignore,Normal/Ignore,Allow,False
LEGITIMATE_JOBS_COMMERCE_AND_PROFESSIONAL_CONTEXT-025,legitimate_jobs_commerce_and_professional_context,The notice concerns Microsoft job recruitment in a regulated professional context. RC2 case 25.,Normal/Ignore,Normal/Ignore,Allow,False
LEGITIMATE_JOBS_COMMERCE_AND_PROFESSIONAL_CONTEXT-026,legitimate_jobs_commerce_and_professional_context,The notice concerns a licensed pharmacy selling approved medicine in a regulated professional context. RC2 case 26.,Normal/Ignore,Normal/Ignore,Allow,False
LEGITIMATE_JOBS_COMMERCE_AND_PROFESSIONAL_CONTEXT-027,legitimate_jobs_commerce_and_professional_context,The notice concerns an authorized retailer in a regulated professional context. RC2 case 27.,Normal/Ignore,Normal/Ignore,Allow,False
LEGITIMATE_JOBS_COMMERCE_AND_PROFESSIONAL_CONTEXT-028,legitimate_jobs_commerce_and_professional_context,The notice concerns a licensed sporting event in a regulated professional context. RC2 case 28.,Normal/Ignore,Normal/Ignore,Allow,False
LEGITIMATE_JOBS_COMMERCE_AND_PROFESSIONAL_CONTEXT-029,legitimate_jobs_commerce_and_professional_context,The notice concerns a museum exhibition in a regulated professional context. RC2 case 29.,Normal/Ignore,Normal/Ignore,Allow,False
LEGITIMATE_JOBS_COMMERCE_AND_PROFESSIONAL_CONTEXT-030,legitimate_jobs_commerce_and_professional_context,The notice concerns a film prop in a regulated professional context. RC2 case 30.,Normal/Ignore,Normal/Ignore,Allow,False
LEGITIMATE_JOBS_COMMERCE_AND_PROFESSIONAL_CONTEXT-031,legitimate_jobs_commerce_and_professional_context,The notice concerns a lawful training range in a regulated professional context. RC2 case 31.,Normal/Ignore,Normal/Ignore,Allow,False
LEGITIMATE_JOBS_COMMERCE_AND_PROFESSIONAL_CONTEXT-032,legitimate_jobs_commerce_and_professional_context,The notice concerns professional compliance review in a regulated professional context. RC2 case 32.,Normal/Ignore,Normal/Ignore,Allow,False
LEGITIMATE_JOBS_COMMERCE_AND_PROFESSIONAL_CONTEXT-033,legitimate_jobs_commerce_and_professional_context,An educational page explains Microsoft job recruitment. RC2 case 33.,Normal/Ignore,Normal/Ignore,Allow,False
LEGITIMATE_JOBS_COMMERCE_AND_PROFESSIONAL_CONTEXT-034,legitimate_jobs_commerce_and_professional_context,An educational page explains a licensed pharmacy selling approved medicine. RC2 case 34.,Normal/Ignore,Normal/Ignore,Allow,False
LEGITIMATE_JOBS_COMMERCE_AND_PROFESSIONAL_CONTEXT-035,legitimate_jobs_commerce_and_professional_context,An educational page explains an authorized retailer. RC2 case 35.,Normal/Ignore,Normal/Ignore,Allow,False
LEGITIMATE_JOBS_COMMERCE_AND_PROFESSIONAL_CONTEXT-036,legitimate_jobs_commerce_and_professional_context,An educational page explains a licensed sporting event. RC2 case 36.,Normal/Ignore,Normal/Ignore,Allow,False
LEGITIMATE_JOBS_COMMERCE_AND_PROFESSIONAL_CONTEXT-037,legitimate_jobs_commerce_and_professional_context,An educational page explains a museum exhibition. RC2 case 37.,Normal/Ignore,Normal/Ignore,Allow,False
LEGITIMATE_JOBS_COMMERCE_AND_PROFESSIONAL_CONTEXT-038,legitimate_jobs_commerce_and_professional_context,An educational page explains a film prop. RC2 case 38.,Normal/Ignore,Normal/Ignore,Allow,False
LEGITIMATE_JOBS_COMMERCE_AND_PROFESSIONAL_CONTEXT-039,legitimate_jobs_commerce_and_professional_context,An educational page explains a lawful training range. RC2 case 39.,Normal/Ignore,Normal/Ignore,Allow,False
LEGITIMATE_JOBS_COMMERCE_AND_PROFESSIONAL_CONTEXT-040,legitimate_jobs_commerce_and_professional_context,An educational page explains professional compliance review. RC2 case 40.,Normal/Ignore,Normal/Ignore,Allow,False
JURISDICTION_LICENSING_AND_STATUS_UNCERTAINTY-001,jurisdiction_licensing_and_status_uncertainty,A message merely mentions an online betting service; license status is unclear and no transaction is established. RC2 case 1.,Uncertain,Normal/Ignore,Allow,False
JURISDICTION_LICENSING_AND_STATUS_UNCERTAINTY-002,jurisdiction_licensing_and_status_uncertainty,A message merely mentions unlicensed gambling; license status is unclear and no transaction is established. RC2 case 2.,Uncertain,Normal/Ignore,Allow,False
JURISDICTION_LICENSING_AND_STATUS_UNCERTAINTY-003,jurisdiction_licensing_and_status_uncertainty,A message merely mentions a protected government name; license status is unclear and no transaction is established. RC2 case 3.,Uncertain,Normal/Ignore,Allow,False
JURISDICTION_LICENSING_AND_STATUS_UNCERTAINTY-004,jurisdiction_licensing_and_status_uncertainty,A message merely mentions unapproved medicine; license status is unclear and no transaction is established. RC2 case 4.,Uncertain,Normal/Ignore,Allow,False
JURISDICTION_LICENSING_AND_STATUS_UNCERTAINTY-005,jurisdiction_licensing_and_status_uncertainty,A message merely mentions a commercial sexual service; license status is unclear and no transaction is established. RC2 case 5.,Uncertain,Normal/Ignore,Allow,False
JURISDICTION_LICENSING_AND_STATUS_UNCERTAINTY-006,jurisdiction_licensing_and_status_uncertainty,"The page refers to an online betting service, but jurisdiction remains unknown. RC2 case 6.",Uncertain,Normal/Ignore,Allow,False
JURISDICTION_LICENSING_AND_STATUS_UNCERTAINTY-007,jurisdiction_licensing_and_status_uncertainty,"The page refers to unlicensed gambling, but jurisdiction remains unknown. RC2 case 7.",Uncertain,Normal/Ignore,Allow,False
JURISDICTION_LICENSING_AND_STATUS_UNCERTAINTY-008,jurisdiction_licensing_and_status_uncertainty,"The page refers to a protected government name, but jurisdiction remains unknown. RC2 case 8.",Uncertain,Normal/Ignore,Allow,False
JURISDICTION_LICENSING_AND_STATUS_UNCERTAINTY-009,jurisdiction_licensing_and_status_uncertainty,"The page refers to unapproved medicine, but jurisdiction remains unknown. RC2 case 9.",Uncertain,Normal/Ignore,Allow,False
JURISDICTION_LICENSING_AND_STATUS_UNCERTAINTY-010,jurisdiction_licensing_and_status_uncertainty,"The page refers to a commercial sexual service, but jurisdiction remains unknown. RC2 case 10.",Uncertain,Normal/Ignore,Allow,False
JURISDICTION_LICENSING_AND_STATUS_UNCERTAINTY-011,jurisdiction_licensing_and_status_uncertainty,A neutral reference names an online betting service; legal status is unresolved and context is incomplete. RC2 case 11.,Uncertain,Normal/Ignore,Allow,False
JURISDICTION_LICENSING_AND_STATUS_UNCERTAINTY-012,jurisdiction_licensing_and_status_uncertainty,A neutral reference names unlicensed gambling; legal status is unresolved and context is incomplete. RC2 case 12.,Uncertain,Normal/Ignore,Allow,False
JURISDICTION_LICENSING_AND_STATUS_UNCERTAINTY-013,jurisdiction_licensing_and_status_uncertainty,A neutral reference names a protected government name; legal status is unresolved and context is incomplete. RC2 case 13.,Uncertain,Normal/Ignore,Allow,False
JURISDICTION_LICENSING_AND_STATUS_UNCERTAINTY-014,jurisdiction_licensing_and_status_uncertainty,A neutral reference names unapproved medicine; legal status is unresolved and context is incomplete. RC2 case 14.,Uncertain,Normal/Ignore,Allow,False
JURISDICTION_LICENSING_AND_STATUS_UNCERTAINTY-015,jurisdiction_licensing_and_status_uncertainty,A neutral reference names a commercial sexual service; legal status is unresolved and context is incomplete. RC2 case 15.,Uncertain,Normal/Ignore,Allow,False
JURISDICTION_LICENSING_AND_STATUS_UNCERTAINTY-016,jurisdiction_licensing_and_status_uncertainty,The content mentions an online betting service; location is unknown and purpose is unclear. RC2 case 16.,Uncertain,Normal/Ignore,Allow,False
JURISDICTION_LICENSING_AND_STATUS_UNCERTAINTY-017,jurisdiction_licensing_and_status_uncertainty,The content mentions unlicensed gambling; location is unknown and purpose is unclear. RC2 case 17.,Uncertain,Normal/Ignore,Allow,False
JURISDICTION_LICENSING_AND_STATUS_UNCERTAINTY-018,jurisdiction_licensing_and_status_uncertainty,The content mentions a protected government name; location is unknown and purpose is unclear. RC2 case 18.,Uncertain,Normal/Ignore,Allow,False
JURISDICTION_LICENSING_AND_STATUS_UNCERTAINTY-019,jurisdiction_licensing_and_status_uncertainty,The content mentions unapproved medicine; location is unknown and purpose is unclear. RC2 case 19.,Uncertain,Normal/Ignore,Allow,False
JURISDICTION_LICENSING_AND_STATUS_UNCERTAINTY-020,jurisdiction_licensing_and_status_uncertainty,The content mentions a commercial sexual service; location is unknown and purpose is unclear. RC2 case 20.,Uncertain,Normal/Ignore,Allow,False
JURISDICTION_LICENSING_AND_STATUS_UNCERTAINTY-021,jurisdiction_licensing_and_status_uncertainty,"A post references an online betting service, but its status is unverified and cannot establish a transaction. RC2 case 21.",Uncertain,Normal/Ignore,Allow,False
JURISDICTION_LICENSING_AND_STATUS_UNCERTAINTY-022,jurisdiction_licensing_and_status_uncertainty,"A post references unlicensed gambling, but its status is unverified and cannot establish a transaction. RC2 case 22.",Uncertain,Normal/Ignore,Allow,False
JURISDICTION_LICENSING_AND_STATUS_UNCERTAINTY-023,jurisdiction_licensing_and_status_uncertainty,"A post references a protected government name, but its status is unverified and cannot establish a transaction. RC2 case 23.",Uncertain,Normal/Ignore,Allow,False
JURISDICTION_LICENSING_AND_STATUS_UNCERTAINTY-024,jurisdiction_licensing_and_status_uncertainty,"A post references unapproved medicine, but its status is unverified and cannot establish a transaction. RC2 case 24.",Uncertain,Normal/Ignore,Allow,False
JURISDICTION_LICENSING_AND_STATUS_UNCERTAINTY-025,jurisdiction_licensing_and_status_uncertainty,"A post references a commercial sexual service, but its status is unverified and cannot establish a transaction. RC2 case 25.",Uncertain,Normal/Ignore,Allow,False
JURISDICTION_LICENSING_AND_STATUS_UNCERTAINTY-026,jurisdiction_licensing_and_status_uncertainty,A message merely mentions an online betting service; license status is unclear and no transaction is established. RC2 case 26.,Uncertain,Normal/Ignore,Allow,False
JURISDICTION_LICENSING_AND_STATUS_UNCERTAINTY-027,jurisdiction_licensing_and_status_uncertainty,A message merely mentions unlicensed gambling; license status is unclear and no transaction is established. RC2 case 27.,Uncertain,Normal/Ignore,Allow,False
JURISDICTION_LICENSING_AND_STATUS_UNCERTAINTY-028,jurisdiction_licensing_and_status_uncertainty,A message merely mentions a protected government name; license status is unclear and no transaction is established. RC2 case 28.,Uncertain,Normal/Ignore,Allow,False
JURISDICTION_LICENSING_AND_STATUS_UNCERTAINTY-029,jurisdiction_licensing_and_status_uncertainty,A message merely mentions unapproved medicine; license status is unclear and no transaction is established. RC2 case 29.,Uncertain,Normal/Ignore,Allow,False
JURISDICTION_LICENSING_AND_STATUS_UNCERTAINTY-030,jurisdiction_licensing_and_status_uncertainty,A message merely mentions a commercial sexual service; license status is unclear and no transaction is established. RC2 case 30.,Uncertain,Normal/Ignore,Allow,False
JURISDICTION_LICENSING_AND_STATUS_UNCERTAINTY-031,jurisdiction_licensing_and_status_uncertainty,"The page refers to an online betting service, but jurisdiction remains unknown. RC2 case 31.",Uncertain,Normal/Ignore,Allow,False
JURISDICTION_LICENSING_AND_STATUS_UNCERTAINTY-032,jurisdiction_licensing_and_status_uncertainty,"The page refers to unlicensed gambling, but jurisdiction remains unknown. RC2 case 32.",Uncertain,Normal/Ignore,Allow,False
JURISDICTION_LICENSING_AND_STATUS_UNCERTAINTY-033,jurisdiction_licensing_and_status_uncertainty,"The page refers to a protected government name, but jurisdiction remains unknown. RC2 case 33.",Uncertain,Normal/Ignore,Allow,False
JURISDICTION_LICENSING_AND_STATUS_UNCERTAINTY-034,jurisdiction_licensing_and_status_uncertainty,"The page refers to unapproved medicine, but jurisdiction remains unknown. RC2 case 34.",Uncertain,Normal/Ignore,Allow,False
JURISDICTION_LICENSING_AND_STATUS_UNCERTAINTY-035,jurisdiction_licensing_and_status_uncertainty,"The page refers to a commercial sexual service, but jurisdiction remains unknown. RC2 case 35.",Uncertain,Normal/Ignore,Allow,False
JURISDICTION_LICENSING_AND_STATUS_UNCERTAINTY-036,jurisdiction_licensing_and_status_uncertainty,A neutral reference names an online betting service; legal status is unresolved and context is incomplete. RC2 case 36.,Uncertain,Normal/Ignore,Allow,False
JURISDICTION_LICENSING_AND_STATUS_UNCERTAINTY-037,jurisdiction_licensing_and_status_uncertainty,A neutral reference names unlicensed gambling; legal status is unresolved and context is incomplete. RC2 case 37.,Uncertain,Normal/Ignore,Allow,False
JURISDICTION_LICENSING_AND_STATUS_UNCERTAINTY-038,jurisdiction_licensing_and_status_uncertainty,A neutral reference names a protected government name; legal status is unresolved and context is incomplete. RC2 case 38.,Uncertain,Normal/Ignore,Allow,False
JURISDICTION_LICENSING_AND_STATUS_UNCERTAINTY-039,jurisdiction_licensing_and_status_uncertainty,A neutral reference names unapproved medicine; legal status is unresolved and context is incomplete. RC2 case 39.,Uncertain,Normal/Ignore,Allow,False
JURISDICTION_LICENSING_AND_STATUS_UNCERTAINTY-040,jurisdiction_licensing_and_status_uncertainty,A neutral reference names a commercial sexual service; legal status is unresolved and context is incomplete. RC2 case 40.,Uncertain,Normal/Ignore,Allow,False
ESTABLISHED_OWNER-001,established_category_owner_isolation,"An existing Spam, Scam & Phishing decision accompanies a current listing for illegal drugs. RC2 owner case 1.","Spam, Scam & Phishing","Spam, Scam & Phishing","Block, warn, or limit distribution",True
ESTABLISHED_OWNER-002,established_category_owner_isolation,An existing Publishing Private Information decision accompanies a current listing for a prohibited weapon. RC2 owner case 2.,Publishing Private Information,Publishing Private Information,Remove exposed information and send for human review,True
ESTABLISHED_OWNER-003,established_category_owner_isolation,An existing Terrorism & Extremism decision accompanies a current listing for illegal betting. RC2 owner case 3.,Terrorism & Extremism,Terrorism & Extremism,Block and escalate,True
ESTABLISHED_OWNER-004,established_category_owner_isolation,An existing Hate Speech & Discrimination decision accompanies a current listing for a forged passport. RC2 owner case 4.,Hate Speech & Discrimination,Hate Speech & Discrimination,Remove and escalate,True
ESTABLISHED_OWNER-005,established_category_owner_isolation,An existing Cyberbullying & Harassment decision accompanies a current listing for a paid sexual service. RC2 owner case 5.,Cyberbullying & Harassment,Cyberbullying & Harassment,"Limit, flag, and send for human review",True
ESTABLISHED_OWNER-006,established_category_owner_isolation,An existing Child Exploitation decision accompanies a current listing for illegal drugs. RC2 owner case 6.,Child Exploitation,Child Exploitation,Block and immediately escalate,True
ESTABLISHED_OWNER-007,established_category_owner_isolation,An existing Dangerous Content decision accompanies a current listing for a prohibited weapon. RC2 owner case 7.,Dangerous Content,Dangerous Content,Remove and send for human review,True
ESTABLISHED_OWNER-008,established_category_owner_isolation,"An existing Graphic, Obscene & Sexual Content decision accompanies a current listing for illegal betting. RC2 owner case 8.","Graphic, Obscene & Sexual Content","Graphic, Obscene & Sexual Content",Age-restrict or limit distribution,True
ESTABLISHED_OWNER-009,established_category_owner_isolation,"An existing Spam, Scam & Phishing decision accompanies a current listing for a forged passport. RC2 owner case 9.","Spam, Scam & Phishing","Spam, Scam & Phishing","Block, warn, or limit distribution",True
ESTABLISHED_OWNER-010,established_category_owner_isolation,An existing Publishing Private Information decision accompanies a current listing for a paid sexual service. RC2 owner case 10.,Publishing Private Information,Publishing Private Information,Remove exposed information and send for human review,True
ESTABLISHED_OWNER-011,established_category_owner_isolation,An existing Terrorism & Extremism decision accompanies a current listing for illegal drugs. RC2 owner case 11.,Terrorism & Extremism,Terrorism & Extremism,Block and escalate,True
ESTABLISHED_OWNER-012,established_category_owner_isolation,An existing Hate Speech & Discrimination decision accompanies a current listing for a prohibited weapon. RC2 owner case 12.,Hate Speech & Discrimination,Hate Speech & Discrimination,Remove and escalate,True
ESTABLISHED_OWNER-013,established_category_owner_isolation,An existing Cyberbullying & Harassment decision accompanies a current listing for illegal betting. RC2 owner case 13.,Cyberbullying & Harassment,Cyberbullying & Harassment,"Limit, flag, and send for human review",True
ESTABLISHED_OWNER-014,established_category_owner_isolation,An existing Child Exploitation decision accompanies a current listing for a forged passport. RC2 owner case 14.,Child Exploitation,Child Exploitation,Block and immediately escalate,True
ESTABLISHED_OWNER-015,established_category_owner_isolation,An existing Dangerous Content decision accompanies a current listing for a paid sexual service. RC2 owner case 15.,Dangerous Content,Dangerous Content,Remove and send for human review,True
ESTABLISHED_OWNER-016,established_category_owner_isolation,"An existing Graphic, Obscene & Sexual Content decision accompanies a current listing for illegal drugs. RC2 owner case 16.","Graphic, Obscene & Sexual Content","Graphic, Obscene & Sexual Content",Age-restrict or limit distribution,True
ESTABLISHED_OWNER-017,established_category_owner_isolation,"An existing Spam, Scam & Phishing decision accompanies a current listing for a prohibited weapon. RC2 owner case 17.","Spam, Scam & Phishing","Spam, Scam & Phishing","Block, warn, or limit distribution",True
ESTABLISHED_OWNER-018,established_category_owner_isolation,An existing Publishing Private Information decision accompanies a current listing for illegal betting. RC2 owner case 18.,Publishing Private Information,Publishing Private Information,Remove exposed information and send for human review,True
ESTABLISHED_OWNER-019,established_category_owner_isolation,An existing Terrorism & Extremism decision accompanies a current listing for a forged passport. RC2 owner case 19.,Terrorism & Extremism,Terrorism & Extremism,Block and escalate,True
ESTABLISHED_OWNER-020,established_category_owner_isolation,An existing Hate Speech & Discrimination decision accompanies a current listing for a paid sexual service. RC2 owner case 20.,Hate Speech & Discrimination,Hate Speech & Discrimination,Remove and escalate,True
ESTABLISHED_OWNER-021,established_category_owner_isolation,An existing Cyberbullying & Harassment decision accompanies a current listing for illegal drugs. RC2 owner case 21.,Cyberbullying & Harassment,Cyberbullying & Harassment,"Limit, flag, and send for human review",True
ESTABLISHED_OWNER-022,established_category_owner_isolation,An existing Child Exploitation decision accompanies a current listing for a prohibited weapon. RC2 owner case 22.,Child Exploitation,Child Exploitation,Block and immediately escalate,True
ESTABLISHED_OWNER-023,established_category_owner_isolation,An existing Dangerous Content decision accompanies a current listing for illegal betting. RC2 owner case 23.,Dangerous Content,Dangerous Content,Remove and send for human review,True
ESTABLISHED_OWNER-024,established_category_owner_isolation,"An existing Graphic, Obscene & Sexual Content decision accompanies a current listing for a forged passport. RC2 owner case 24.","Graphic, Obscene & Sexual Content","Graphic, Obscene & Sexual Content",Age-restrict or limit distribution,True
ESTABLISHED_OWNER-025,established_category_owner_isolation,"An existing Spam, Scam & Phishing decision accompanies a current listing for a paid sexual service. RC2 owner case 25.","Spam, Scam & Phishing","Spam, Scam & Phishing","Block, warn, or limit distribution",True
ESTABLISHED_OWNER-026,established_category_owner_isolation,An existing Publishing Private Information decision accompanies a current listing for illegal drugs. RC2 owner case 26.,Publishing Private Information,Publishing Private Information,Remove exposed information and send for human review,True
ESTABLISHED_OWNER-027,established_category_owner_isolation,An existing Terrorism & Extremism decision accompanies a current listing for a prohibited weapon. RC2 owner case 27.,Terrorism & Extremism,Terrorism & Extremism,Block and escalate,True
ESTABLISHED_OWNER-028,established_category_owner_isolation,An existing Hate Speech & Discrimination decision accompanies a current listing for illegal betting. RC2 owner case 28.,Hate Speech & Discrimination,Hate Speech & Discrimination,Remove and escalate,True
ESTABLISHED_OWNER-029,established_category_owner_isolation,An existing Cyberbullying & Harassment decision accompanies a current listing for a forged passport. RC2 owner case 29.,Cyberbullying & Harassment,Cyberbullying & Harassment,"Limit, flag, and send for human review",True
ESTABLISHED_OWNER-030,established_category_owner_isolation,An existing Child Exploitation decision accompanies a current listing for a paid sexual service. RC2 owner case 30.,Child Exploitation,Child Exploitation,Block and immediately escalate,True
ESTABLISHED_OWNER-031,established_category_owner_isolation,An existing Dangerous Content decision accompanies a current listing for illegal drugs. RC2 owner case 31.,Dangerous Content,Dangerous Content,Remove and send for human review,True
ESTABLISHED_OWNER-032,established_category_owner_isolation,"An existing Graphic, Obscene & Sexual Content decision accompanies a current listing for a prohibited weapon. RC2 owner case 32.","Graphic, Obscene & Sexual Content","Graphic, Obscene & Sexual Content",Age-restrict or limit distribution,True
ESTABLISHED_OWNER-033,established_category_owner_isolation,"An existing Spam, Scam & Phishing decision accompanies a current listing for illegal betting. RC2 owner case 33.","Spam, Scam & Phishing","Spam, Scam & Phishing","Block, warn, or limit distribution",True
ESTABLISHED_OWNER-034,established_category_owner_isolation,An existing Publishing Private Information decision accompanies a current listing for a forged passport. RC2 owner case 34.,Publishing Private Information,Publishing Private Information,Remove exposed information and send for human review,True
ESTABLISHED_OWNER-035,established_category_owner_isolation,An existing Terrorism & Extremism decision accompanies a current listing for a paid sexual service. RC2 owner case 35.,Terrorism & Extremism,Terrorism & Extremism,Block and escalate,True
ESTABLISHED_OWNER-036,established_category_owner_isolation,An existing Hate Speech & Discrimination decision accompanies a current listing for illegal drugs. RC2 owner case 36.,Hate Speech & Discrimination,Hate Speech & Discrimination,Remove and escalate,True
ESTABLISHED_OWNER-037,established_category_owner_isolation,An existing Cyberbullying & Harassment decision accompanies a current listing for a prohibited weapon. RC2 owner case 37.,Cyberbullying & Harassment,Cyberbullying & Harassment,"Limit, flag, and send for human review",True
ESTABLISHED_OWNER-038,established_category_owner_isolation,An existing Child Exploitation decision accompanies a current listing for illegal betting. RC2 owner case 38.,Child Exploitation,Child Exploitation,Block and immediately escalate,True
ESTABLISHED_OWNER-039,established_category_owner_isolation,An existing Dangerous Content decision accompanies a current listing for a forged passport. RC2 owner case 39.,Dangerous Content,Dangerous Content,Remove and send for human review,True
ESTABLISHED_OWNER-040,established_category_owner_isolation,"An existing Graphic, Obscene & Sexual Content decision accompanies a current listing for a paid sexual service. RC2 owner case 40.","Graphic, Obscene & Sexual Content","Graphic, Obscene & Sexual Content",Age-restrict or limit distribution,True
CHILD-OWNER-001,child_safety_owner_boundary,A child or minor is linked to a sexual private image; the separate child-safety owner is already active. RC2 child case 1.,Child Exploitation,Child Exploitation,Block and immediately escalate,True
CHILD-OWNER-002,child_safety_owner_boundary,A child or minor is linked to a sexual private image; the separate child-safety owner is already active. RC2 child case 2.,Child Exploitation,Child Exploitation,Block and immediately escalate,True
CHILD-OWNER-003,child_safety_owner_boundary,A child or minor is linked to a sexual private image; the separate child-safety owner is already active. RC2 child case 3.,Child Exploitation,Child Exploitation,Block and immediately escalate,True
CHILD-OWNER-004,child_safety_owner_boundary,A child or minor is linked to a sexual private image; the separate child-safety owner is already active. RC2 child case 4.,Child Exploitation,Child Exploitation,Block and immediately escalate,True
CHILD-OWNER-005,child_safety_owner_boundary,A child or minor is linked to a sexual private image; the separate child-safety owner is already active. RC2 child case 5.,Child Exploitation,Child Exploitation,Block and immediately escalate,True
CHILD-OWNER-006,child_safety_owner_boundary,A child or minor is linked to a sexual private image; the separate child-safety owner is already active. RC2 child case 6.,Child Exploitation,Child Exploitation,Block and immediately escalate,True
CHILD-OWNER-007,child_safety_owner_boundary,A child or minor is linked to a sexual private image; the separate child-safety owner is already active. RC2 child case 7.,Child Exploitation,Child Exploitation,Block and immediately escalate,True
CHILD-OWNER-008,child_safety_owner_boundary,A child or minor is linked to a sexual private image; the separate child-safety owner is already active. RC2 child case 8.,Child Exploitation,Child Exploitation,Block and immediately escalate,True
CHILD-OWNER-009,child_safety_owner_boundary,A child or minor is linked to a sexual private image; the separate child-safety owner is already active. RC2 child case 9.,Child Exploitation,Child Exploitation,Block and immediately escalate,True
CHILD-OWNER-010,child_safety_owner_boundary,A child or minor is linked to a sexual private image; the separate child-safety owner is already active. RC2 child case 10.,Child Exploitation,Child Exploitation,Block and immediately escalate,True
CHILD-OWNER-011,child_safety_owner_boundary,A child or minor is linked to a sexual private image; the separate child-safety owner is already active. RC2 child case 11.,Child Exploitation,Child Exploitation,Block and immediately escalate,True
CHILD-OWNER-012,child_safety_owner_boundary,A child or minor is linked to a sexual private image; the separate child-safety owner is already active. RC2 child case 12.,Child Exploitation,Child Exploitation,Block and immediately escalate,True
CHILD-OWNER-013,child_safety_owner_boundary,A child or minor is linked to a sexual private image; the separate child-safety owner is already active. RC2 child case 13.,Child Exploitation,Child Exploitation,Block and immediately escalate,True
CHILD-OWNER-014,child_safety_owner_boundary,A child or minor is linked to a sexual private image; the separate child-safety owner is already active. RC2 child case 14.,Child Exploitation,Child Exploitation,Block and immediately escalate,True
CHILD-OWNER-015,child_safety_owner_boundary,A child or minor is linked to a sexual private image; the separate child-safety owner is already active. RC2 child case 15.,Child Exploitation,Child Exploitation,Block and immediately escalate,True
CHILD-OWNER-016,child_safety_owner_boundary,A child or minor is linked to a sexual private image; the separate child-safety owner is already active. RC2 child case 16.,Child Exploitation,Child Exploitation,Block and immediately escalate,True
CHILD-OWNER-017,child_safety_owner_boundary,A child or minor is linked to a sexual private image; the separate child-safety owner is already active. RC2 child case 17.,Child Exploitation,Child Exploitation,Block and immediately escalate,True
CHILD-OWNER-018,child_safety_owner_boundary,A child or minor is linked to a sexual private image; the separate child-safety owner is already active. RC2 child case 18.,Child Exploitation,Child Exploitation,Block and immediately escalate,True
CHILD-OWNER-019,child_safety_owner_boundary,A child or minor is linked to a sexual private image; the separate child-safety owner is already active. RC2 child case 19.,Child Exploitation,Child Exploitation,Block and immediately escalate,True
CHILD-OWNER-020,child_safety_owner_boundary,A child or minor is linked to a sexual private image; the separate child-safety owner is already active. RC2 child case 20.,Child Exploitation,Child Exploitation,Block and immediately escalate,True
CHILD-OWNER-021,child_safety_owner_boundary,A child or minor is linked to a sexual private image; the separate child-safety owner is already active. RC2 child case 21.,Child Exploitation,Child Exploitation,Block and immediately escalate,True
CHILD-OWNER-022,child_safety_owner_boundary,A child or minor is linked to a sexual private image; the separate child-safety owner is already active. RC2 child case 22.,Child Exploitation,Child Exploitation,Block and immediately escalate,True
CHILD-OWNER-023,child_safety_owner_boundary,A child or minor is linked to a sexual private image; the separate child-safety owner is already active. RC2 child case 23.,Child Exploitation,Child Exploitation,Block and immediately escalate,True
CHILD-OWNER-024,child_safety_owner_boundary,A child or minor is linked to a sexual private image; the separate child-safety owner is already active. RC2 child case 24.,Child Exploitation,Child Exploitation,Block and immediately escalate,True
CHILD-OWNER-025,child_safety_owner_boundary,A child or minor is linked to a sexual private image; the separate child-safety owner is already active. RC2 child case 25.,Child Exploitation,Child Exploitation,Block and immediately escalate,True
CHILD-OWNER-026,child_safety_owner_boundary,A child or minor is linked to a sexual private image; the separate child-safety owner is already active. RC2 child case 26.,Child Exploitation,Child Exploitation,Block and immediately escalate,True
CHILD-OWNER-027,child_safety_owner_boundary,A child or minor is linked to a sexual private image; the separate child-safety owner is already active. RC2 child case 27.,Child Exploitation,Child Exploitation,Block and immediately escalate,True
CHILD-OWNER-028,child_safety_owner_boundary,A child or minor is linked to a sexual private image; the separate child-safety owner is already active. RC2 child case 28.,Child Exploitation,Child Exploitation,Block and immediately escalate,True
CHILD-OWNER-029,child_safety_owner_boundary,A child or minor is linked to a sexual private image; the separate child-safety owner is already active. RC2 child case 29.,Child Exploitation,Child Exploitation,Block and immediately escalate,True
CHILD-OWNER-030,child_safety_owner_boundary,A child or minor is linked to a sexual private image; the separate child-safety owner is already active. RC2 child case 30.,Child Exploitation,Child Exploitation,Block and immediately escalate,True
CHILD-OWNER-031,child_safety_owner_boundary,A child or minor is linked to a sexual private image; the separate child-safety owner is already active. RC2 child case 31.,Child Exploitation,Child Exploitation,Block and immediately escalate,True
CHILD-OWNER-032,child_safety_owner_boundary,A child or minor is linked to a sexual private image; the separate child-safety owner is already active. RC2 child case 32.,Child Exploitation,Child Exploitation,Block and immediately escalate,True
CHILD-OWNER-033,child_safety_owner_boundary,A child or minor is linked to a sexual private image; the separate child-safety owner is already active. RC2 child case 33.,Child Exploitation,Child Exploitation,Block and immediately escalate,True
CHILD-OWNER-034,child_safety_owner_boundary,A child or minor is linked to a sexual private image; the separate child-safety owner is already active. RC2 child case 34.,Child Exploitation,Child Exploitation,Block and immediately escalate,True
CHILD-OWNER-035,child_safety_owner_boundary,A child or minor is linked to a sexual private image; the separate child-safety owner is already active. RC2 child case 35.,Child Exploitation,Child Exploitation,Block and immediately escalate,True
CHILD-OWNER-036,child_safety_owner_boundary,A child or minor is linked to a sexual private image; the separate child-safety owner is already active. RC2 child case 36.,Child Exploitation,Child Exploitation,Block and immediately escalate,True
CHILD-OWNER-037,child_safety_owner_boundary,A child or minor is linked to a sexual private image; the separate child-safety owner is already active. RC2 child case 37.,Child Exploitation,Child Exploitation,Block and immediately escalate,True
CHILD-OWNER-038,child_safety_owner_boundary,A child or minor is linked to a sexual private image; the separate child-safety owner is already active. RC2 child case 38.,Child Exploitation,Child Exploitation,Block and immediately escalate,True
CHILD-OWNER-039,child_safety_owner_boundary,A child or minor is linked to a sexual private image; the separate child-safety owner is already active. RC2 child case 39.,Child Exploitation,Child Exploitation,Block and immediately escalate,True
CHILD-OWNER-040,child_safety_owner_boundary,A child or minor is linked to a sexual private image; the separate child-safety owner is already active. RC2 child case 40.,Child Exploitation,Child Exploitation,Block and immediately escalate,True
ORDINARY_UNRELATED_SAFE_CONTEXT-001,ordinary_unrelated_safe_context,This community notice announces a software engineering vacancy. RC2 case 1.,Normal/Ignore,Normal/Ignore,Allow,False
ORDINARY_UNRELATED_SAFE_CONTEXT-002,ordinary_unrelated_safe_context,This community notice announces a cooking class. RC2 case 2.,Normal/Ignore,Normal/Ignore,Allow,False
ORDINARY_UNRELATED_SAFE_CONTEXT-003,ordinary_unrelated_safe_context,This community notice announces a charity fundraiser. RC2 case 3.,Normal/Ignore,Normal/Ignore,Allow,False
ORDINARY_UNRELATED_SAFE_CONTEXT-004,ordinary_unrelated_safe_context,This community notice announces a music lesson. RC2 case 4.,Normal/Ignore,Normal/Ignore,Allow,False
ORDINARY_UNRELATED_SAFE_CONTEXT-005,ordinary_unrelated_safe_context,This community notice announces a public library event. RC2 case 5.,Normal/Ignore,Normal/Ignore,Allow,False
ORDINARY_UNRELATED_SAFE_CONTEXT-006,ordinary_unrelated_safe_context,A local organization publishes details about a software engineering vacancy. RC2 case 6.,Normal/Ignore,Normal/Ignore,Allow,False
ORDINARY_UNRELATED_SAFE_CONTEXT-007,ordinary_unrelated_safe_context,A local organization publishes details about a cooking class. RC2 case 7.,Normal/Ignore,Normal/Ignore,Allow,False
ORDINARY_UNRELATED_SAFE_CONTEXT-008,ordinary_unrelated_safe_context,A local organization publishes details about a charity fundraiser. RC2 case 8.,Normal/Ignore,Normal/Ignore,Allow,False
ORDINARY_UNRELATED_SAFE_CONTEXT-009,ordinary_unrelated_safe_context,A local organization publishes details about a music lesson. RC2 case 9.,Normal/Ignore,Normal/Ignore,Allow,False
ORDINARY_UNRELATED_SAFE_CONTEXT-010,ordinary_unrelated_safe_context,A local organization publishes details about a public library event. RC2 case 10.,Normal/Ignore,Normal/Ignore,Allow,False
ORDINARY_UNRELATED_SAFE_CONTEXT-011,ordinary_unrelated_safe_context,The page contains an ordinary description of a software engineering vacancy. RC2 case 11.,Normal/Ignore,Normal/Ignore,Allow,False
ORDINARY_UNRELATED_SAFE_CONTEXT-012,ordinary_unrelated_safe_context,The page contains an ordinary description of a cooking class. RC2 case 12.,Normal/Ignore,Normal/Ignore,Allow,False
ORDINARY_UNRELATED_SAFE_CONTEXT-013,ordinary_unrelated_safe_context,The page contains an ordinary description of a charity fundraiser. RC2 case 13.,Normal/Ignore,Normal/Ignore,Allow,False
ORDINARY_UNRELATED_SAFE_CONTEXT-014,ordinary_unrelated_safe_context,The page contains an ordinary description of a music lesson. RC2 case 14.,Normal/Ignore,Normal/Ignore,Allow,False
ORDINARY_UNRELATED_SAFE_CONTEXT-015,ordinary_unrelated_safe_context,The page contains an ordinary description of a public library event. RC2 case 15.,Normal/Ignore,Normal/Ignore,Allow,False
ORDINARY_UNRELATED_SAFE_CONTEXT-016,ordinary_unrelated_safe_context,A verified public calendar lists a software engineering vacancy. RC2 case 16.,Normal/Ignore,Normal/Ignore,Allow,False
ORDINARY_UNRELATED_SAFE_CONTEXT-017,ordinary_unrelated_safe_context,A verified public calendar lists a cooking class. RC2 case 17.,Normal/Ignore,Normal/Ignore,Allow,False
ORDINARY_UNRELATED_SAFE_CONTEXT-018,ordinary_unrelated_safe_context,A verified public calendar lists a charity fundraiser. RC2 case 18.,Normal/Ignore,Normal/Ignore,Allow,False
ORDINARY_UNRELATED_SAFE_CONTEXT-019,ordinary_unrelated_safe_context,A verified public calendar lists a music lesson. RC2 case 19.,Normal/Ignore,Normal/Ignore,Allow,False
ORDINARY_UNRELATED_SAFE_CONTEXT-020,ordinary_unrelated_safe_context,A verified public calendar lists a public library event. RC2 case 20.,Normal/Ignore,Normal/Ignore,Allow,False
ORDINARY_UNRELATED_SAFE_CONTEXT-021,ordinary_unrelated_safe_context,This community notice announces a software engineering vacancy. RC2 case 21.,Normal/Ignore,Normal/Ignore,Allow,False
ORDINARY_UNRELATED_SAFE_CONTEXT-022,ordinary_unrelated_safe_context,This community notice announces a cooking class. RC2 case 22.,Normal/Ignore,Normal/Ignore,Allow,False
ORDINARY_UNRELATED_SAFE_CONTEXT-023,ordinary_unrelated_safe_context,This community notice announces a charity fundraiser. RC2 case 23.,Normal/Ignore,Normal/Ignore,Allow,False
ORDINARY_UNRELATED_SAFE_CONTEXT-024,ordinary_unrelated_safe_context,This community notice announces a music lesson. RC2 case 24.,Normal/Ignore,Normal/Ignore,Allow,False
ORDINARY_UNRELATED_SAFE_CONTEXT-025,ordinary_unrelated_safe_context,This community notice announces a public library event. RC2 case 25.,Normal/Ignore,Normal/Ignore,Allow,False
ORDINARY_UNRELATED_SAFE_CONTEXT-026,ordinary_unrelated_safe_context,A local organization publishes details about a software engineering vacancy. RC2 case 26.,Normal/Ignore,Normal/Ignore,Allow,False
ORDINARY_UNRELATED_SAFE_CONTEXT-027,ordinary_unrelated_safe_context,A local organization publishes details about a cooking class. RC2 case 27.,Normal/Ignore,Normal/Ignore,Allow,False
ORDINARY_UNRELATED_SAFE_CONTEXT-028,ordinary_unrelated_safe_context,A local organization publishes details about a charity fundraiser. RC2 case 28.,Normal/Ignore,Normal/Ignore,Allow,False
ORDINARY_UNRELATED_SAFE_CONTEXT-029,ordinary_unrelated_safe_context,A local organization publishes details about a music lesson. RC2 case 29.,Normal/Ignore,Normal/Ignore,Allow,False
ORDINARY_UNRELATED_SAFE_CONTEXT-030,ordinary_unrelated_safe_context,A local organization publishes details about a public library event. RC2 case 30.,Normal/Ignore,Normal/Ignore,Allow,False
ORDINARY_UNRELATED_SAFE_CONTEXT-031,ordinary_unrelated_safe_context,The page contains an ordinary description of a software engineering vacancy. RC2 case 31.,Normal/Ignore,Normal/Ignore,Allow,False
ORDINARY_UNRELATED_SAFE_CONTEXT-032,ordinary_unrelated_safe_context,The page contains an ordinary description of a cooking class. RC2 case 32.,Normal/Ignore,Normal/Ignore,Allow,False
ORDINARY_UNRELATED_SAFE_CONTEXT-033,ordinary_unrelated_safe_context,The page contains an ordinary description of a charity fundraiser. RC2 case 33.,Normal/Ignore,Normal/Ignore,Allow,False
ORDINARY_UNRELATED_SAFE_CONTEXT-034,ordinary_unrelated_safe_context,The page contains an ordinary description of a music lesson. RC2 case 34.,Normal/Ignore,Normal/Ignore,Allow,False
ORDINARY_UNRELATED_SAFE_CONTEXT-035,ordinary_unrelated_safe_context,The page contains an ordinary description of a public library event. RC2 case 35.,Normal/Ignore,Normal/Ignore,Allow,False
ORDINARY_UNRELATED_SAFE_CONTEXT-036,ordinary_unrelated_safe_context,A verified public calendar lists a software engineering vacancy. RC2 case 36.,Normal/Ignore,Normal/Ignore,Allow,False
ORDINARY_UNRELATED_SAFE_CONTEXT-037,ordinary_unrelated_safe_context,A verified public calendar lists a cooking class. RC2 case 37.,Normal/Ignore,Normal/Ignore,Allow,False
ORDINARY_UNRELATED_SAFE_CONTEXT-038,ordinary_unrelated_safe_context,A verified public calendar lists a charity fundraiser. RC2 case 38.,Normal/Ignore,Normal/Ignore,Allow,False
ORDINARY_UNRELATED_SAFE_CONTEXT-039,ordinary_unrelated_safe_context,A verified public calendar lists a music lesson. RC2 case 39.,Normal/Ignore,Normal/Ignore,Allow,False
ORDINARY_UNRELATED_SAFE_CONTEXT-040,ordinary_unrelated_safe_context,A verified public calendar lists a public library event. RC2 case 40.,Normal/Ignore,Normal/Ignore,Allow,False
