record_id,group,text,expected_category,existing_category,existing_action,existing_review
UNAUTHORIZED_AUDIOVISUAL_DISTRIBUTION-001,unauthorized_audiovisual_distribution,This account uploads the full copyrighted film without permission; development case 1.,Intellectual Property Infringement,Normal/Ignore,Allow,False
UNAUTHORIZED_AUDIOVISUAL_DISTRIBUTION-002,unauthorized_audiovisual_distribution,Evidence indicates this site streams the full television episode without authorization; development case 2.,Intellectual Property Infringement,Normal/Ignore,Allow,False
UNAUTHORIZED_AUDIOVISUAL_DISTRIBUTION-003,unauthorized_audiovisual_distribution,This user provides unauthorized downloads of a copyrighted song; rights holder did not authorize it; development case 3.,Intellectual Property Infringement,Normal/Ignore,Allow,False
UNAUTHORIZED_AUDIOVISUAL_DISTRIBUTION-004,unauthorized_audiovisual_distribution,A verified rights-holder notice says this post rebroadcasts the full music album with no distribution licence; development case 4.,Intellectual Property Infringement,Normal/Ignore,Allow,False
UNAUTHORIZED_AUDIOVISUAL_DISTRIBUTION-005,unauthorized_audiovisual_distribution,This account uploads the full copyrighted film without permission; development case 5.,Intellectual Property Infringement,Normal/Ignore,Allow,False
UNAUTHORIZED_AUDIOVISUAL_DISTRIBUTION-006,unauthorized_audiovisual_distribution,Evidence indicates this site streams the full television episode without authorization; development case 6.,Intellectual Property Infringement,Normal/Ignore,Allow,False
UNAUTHORIZED_AUDIOVISUAL_DISTRIBUTION-007,unauthorized_audiovisual_distribution,This user provides unauthorized downloads of a copyrighted song; rights holder did not authorize it; development case 7.,Intellectual Property Infringement,Normal/Ignore,Allow,False
UNAUTHORIZED_AUDIOVISUAL_DISTRIBUTION-008,unauthorized_audiovisual_distribution,A verified rights-holder notice says this post rebroadcasts the full music album with no distribution licence; development case 8.,Intellectual Property Infringement,Normal/Ignore,Allow,False
UNAUTHORIZED_AUDIOVISUAL_DISTRIBUTION-009,unauthorized_audiovisual_distribution,This account uploads the full copyrighted film without permission; development case 9.,Intellectual Property Infringement,Normal/Ignore,Allow,False
UNAUTHORIZED_AUDIOVISUAL_DISTRIBUTION-010,unauthorized_audiovisual_distribution,Evidence indicates this site streams the full television episode without authorization; development case 10.,Intellectual Property Infringement,Normal/Ignore,Allow,False
UNAUTHORIZED_AUDIOVISUAL_DISTRIBUTION-011,unauthorized_audiovisual_distribution,This user provides unauthorized downloads of a copyrighted song; rights holder did not authorize it; development case 11.,Intellectual Property Infringement,Normal/Ignore,Allow,False
UNAUTHORIZED_AUDIOVISUAL_DISTRIBUTION-012,unauthorized_audiovisual_distribution,A verified rights-holder notice says this post rebroadcasts the full music album with no distribution licence; development case 12.,Intellectual Property Infringement,Normal/Ignore,Allow,False
UNAUTHORIZED_AUDIOVISUAL_DISTRIBUTION-013,unauthorized_audiovisual_distribution,This account uploads the full copyrighted film without permission; development case 13.,Intellectual Property Infringement,Normal/Ignore,Allow,False
UNAUTHORIZED_AUDIOVISUAL_DISTRIBUTION-014,unauthorized_audiovisual_distribution,Evidence indicates this site streams the full television episode without authorization; development case 14.,Intellectual Property Infringement,Normal/Ignore,Allow,False
UNAUTHORIZED_AUDIOVISUAL_DISTRIBUTION-015,unauthorized_audiovisual_distribution,This user provides unauthorized downloads of a copyrighted song; rights holder did not authorize it; development case 15.,Intellectual Property Infringement,Normal/Ignore,Allow,False
UNAUTHORIZED_AUDIOVISUAL_DISTRIBUTION-016,unauthorized_audiovisual_distribution,A verified rights-holder notice says this post rebroadcasts the full music album with no distribution licence; development case 16.,Intellectual Property Infringement,Normal/Ignore,Allow,False
UNAUTHORIZED_AUDIOVISUAL_DISTRIBUTION-017,unauthorized_audiovisual_distribution,This account uploads the full copyrighted film without permission; development case 17.,Intellectual Property Infringement,Normal/Ignore,Allow,False
UNAUTHORIZED_AUDIOVISUAL_DISTRIBUTION-018,unauthorized_audiovisual_distribution,Evidence indicates this site streams the full television episode without authorization; development case 18.,Intellectual Property Infringement,Normal/Ignore,Allow,False
UNAUTHORIZED_AUDIOVISUAL_DISTRIBUTION-019,unauthorized_audiovisual_distribution,This user provides unauthorized downloads of a copyrighted song; rights holder did not authorize it; development case 19.,Intellectual Property Infringement,Normal/Ignore,Allow,False
UNAUTHORIZED_AUDIOVISUAL_DISTRIBUTION-020,unauthorized_audiovisual_distribution,A verified rights-holder notice says this post rebroadcasts the full music album with no distribution licence; development case 20.,Intellectual Property Infringement,Normal/Ignore,Allow,False
UNAUTHORIZED_AUDIOVISUAL_DISTRIBUTION-021,unauthorized_audiovisual_distribution,This account uploads the full copyrighted film without permission; development case 21.,Intellectual Property Infringement,Normal/Ignore,Allow,False
UNAUTHORIZED_AUDIOVISUAL_DISTRIBUTION-022,unauthorized_audiovisual_distribution,Evidence indicates this site streams the full television episode without authorization; development case 22.,Intellectual Property Infringement,Normal/Ignore,Allow,False
UNAUTHORIZED_AUDIOVISUAL_DISTRIBUTION-023,unauthorized_audiovisual_distribution,This user provides unauthorized downloads of a copyrighted song; rights holder did not authorize it; development case 23.,Intellectual Property Infringement,Normal/Ignore,Allow,False
UNAUTHORIZED_AUDIOVISUAL_DISTRIBUTION-024,unauthorized_audiovisual_distribution,A verified rights-holder notice says this post rebroadcasts the full music album with no distribution licence; development case 24.,Intellectual Property Infringement,Normal/Ignore,Allow,False
UNAUTHORIZED_AUDIOVISUAL_DISTRIBUTION-025,unauthorized_audiovisual_distribution,This account uploads the full copyrighted film without permission; development case 25.,Intellectual Property Infringement,Normal/Ignore,Allow,False
UNAUTHORIZED_AUDIOVISUAL_DISTRIBUTION-026,unauthorized_audiovisual_distribution,Evidence indicates this site streams the full television episode without authorization; development case 26.,Intellectual Property Infringement,Normal/Ignore,Allow,False
UNAUTHORIZED_AUDIOVISUAL_DISTRIBUTION-027,unauthorized_audiovisual_distribution,This user provides unauthorized downloads of a copyrighted song; rights holder did not authorize it; development case 27.,Intellectual Property Infringement,Normal/Ignore,Allow,False
UNAUTHORIZED_AUDIOVISUAL_DISTRIBUTION-028,unauthorized_audiovisual_distribution,A verified rights-holder notice says this post rebroadcasts the full music album with no distribution licence; development case 28.,Intellectual Property Infringement,Normal/Ignore,Allow,False
UNAUTHORIZED_AUDIOVISUAL_DISTRIBUTION-029,unauthorized_audiovisual_distribution,This account uploads the full copyrighted film without permission; development case 29.,Intellectual Property Infringement,Normal/Ignore,Allow,False
UNAUTHORIZED_AUDIOVISUAL_DISTRIBUTION-030,unauthorized_audiovisual_distribution,Evidence indicates this site streams the full television episode without authorization; development case 30.,Intellectual Property Infringement,Normal/Ignore,Allow,False
UNAUTHORIZED_AUDIOVISUAL_DISTRIBUTION-031,unauthorized_audiovisual_distribution,This user provides unauthorized downloads of a copyrighted song; rights holder did not authorize it; development case 31.,Intellectual Property Infringement,Normal/Ignore,Allow,False
UNAUTHORIZED_AUDIOVISUAL_DISTRIBUTION-032,unauthorized_audiovisual_distribution,A verified rights-holder notice says this post rebroadcasts the full music album with no distribution licence; development case 32.,Intellectual Property Infringement,Normal/Ignore,Allow,False
UNAUTHORIZED_AUDIOVISUAL_DISTRIBUTION-033,unauthorized_audiovisual_distribution,This account uploads the full copyrighted film without permission; development case 33.,Intellectual Property Infringement,Normal/Ignore,Allow,False
UNAUTHORIZED_AUDIOVISUAL_DISTRIBUTION-034,unauthorized_audiovisual_distribution,Evidence indicates this site streams the full television episode without authorization; development case 34.,Intellectual Property Infringement,Normal/Ignore,Allow,False
UNAUTHORIZED_AUDIOVISUAL_DISTRIBUTION-035,unauthorized_audiovisual_distribution,This user provides unauthorized downloads of a copyrighted song; rights holder did not authorize it; development case 35.,Intellectual Property Infringement,Normal/Ignore,Allow,False
UNAUTHORIZED_AUDIOVISUAL_DISTRIBUTION-036,unauthorized_audiovisual_distribution,A verified rights-holder notice says this post rebroadcasts the full music album with no distribution licence; development case 36.,Intellectual Property Infringement,Normal/Ignore,Allow,False
UNAUTHORIZED_AUDIOVISUAL_DISTRIBUTION-037,unauthorized_audiovisual_distribution,This account uploads the full copyrighted film without permission; development case 37.,Intellectual Property Infringement,Normal/Ignore,Allow,False
UNAUTHORIZED_AUDIOVISUAL_DISTRIBUTION-038,unauthorized_audiovisual_distribution,Evidence indicates this site streams the full television episode without authorization; development case 38.,Intellectual Property Infringement,Normal/Ignore,Allow,False
UNAUTHORIZED_AUDIOVISUAL_DISTRIBUTION-039,unauthorized_audiovisual_distribution,This user provides unauthorized downloads of a copyrighted song; rights holder did not authorize it; development case 39.,Intellectual Property Infringement,Normal/Ignore,Allow,False
UNAUTHORIZED_AUDIOVISUAL_DISTRIBUTION-040,unauthorized_audiovisual_distribution,A verified rights-holder notice says this post rebroadcasts the full music album with no distribution licence; development case 40.,Intellectual Property Infringement,Normal/Ignore,Allow,False
UNAUTHORIZED_AUDIOVISUAL_DISTRIBUTION-041,unauthorized_audiovisual_distribution,This account uploads the full copyrighted film without permission; development case 41.,Intellectual Property Infringement,Normal/Ignore,Allow,False
UNAUTHORIZED_AUDIOVISUAL_DISTRIBUTION-042,unauthorized_audiovisual_distribution,Evidence indicates this site streams the full television episode without authorization; development case 42.,Intellectual Property Infringement,Normal/Ignore,Allow,False
UNAUTHORIZED_AUDIOVISUAL_DISTRIBUTION-043,unauthorized_audiovisual_distribution,This user provides unauthorized downloads of a copyrighted song; rights holder did not authorize it; development case 43.,Intellectual Property Infringement,Normal/Ignore,Allow,False
UNAUTHORIZED_AUDIOVISUAL_DISTRIBUTION-044,unauthorized_audiovisual_distribution,A verified rights-holder notice says this post rebroadcasts the full music album with no distribution licence; development case 44.,Intellectual Property Infringement,Normal/Ignore,Allow,False
UNAUTHORIZED_AUDIOVISUAL_DISTRIBUTION-045,unauthorized_audiovisual_distribution,This account uploads the full copyrighted film without permission; development case 45.,Intellectual Property Infringement,Normal/Ignore,Allow,False
UNAUTHORIZED_AUDIOVISUAL_DISTRIBUTION-046,unauthorized_audiovisual_distribution,Evidence indicates this site streams the full television episode without authorization; development case 46.,Intellectual Property Infringement,Normal/Ignore,Allow,False
UNAUTHORIZED_AUDIOVISUAL_DISTRIBUTION-047,unauthorized_audiovisual_distribution,This user provides unauthorized downloads of a copyrighted song; rights holder did not authorize it; development case 47.,Intellectual Property Infringement,Normal/Ignore,Allow,False
UNAUTHORIZED_AUDIOVISUAL_DISTRIBUTION-048,unauthorized_audiovisual_distribution,A verified rights-holder notice says this post rebroadcasts the full music album with no distribution licence; development case 48.,Intellectual Property Infringement,Normal/Ignore,Allow,False
UNAUTHORIZED_AUDIOVISUAL_DISTRIBUTION-049,unauthorized_audiovisual_distribution,This account uploads the full copyrighted film without permission; development case 49.,Intellectual Property Infringement,Normal/Ignore,Allow,False
UNAUTHORIZED_AUDIOVISUAL_DISTRIBUTION-050,unauthorized_audiovisual_distribution,Evidence indicates this site streams the full television episode without authorization; development case 50.,Intellectual Property Infringement,Normal/Ignore,Allow,False
UNAUTHORIZED_PUBLICATION_DISTRIBUTION-001,unauthorized_publication_distribution,This upload reproduces the entire copyrighted book without permission; development case 1.,Intellectual Property Infringement,Normal/Ignore,Allow,False
UNAUTHORIZED_PUBLICATION_DISTRIBUTION-002,unauthorized_publication_distribution,This account distributes full copies of a ebook without authorization; development case 2.,Intellectual Property Infringement,Normal/Ignore,Allow,False
UNAUTHORIZED_PUBLICATION_DISTRIBUTION-003,unauthorized_publication_distribution,Evidence indicates this site bypasses the paywall and republishes a audiobook; rights holder did not authorize it; development case 3.,Intellectual Property Infringement,Normal/Ignore,Allow,False
UNAUTHORIZED_PUBLICATION_DISTRIBUTION-004,unauthorized_publication_distribution,This user sells copies of a paywalled article under an unlicensed copy notice; development case 4.,Intellectual Property Infringement,Normal/Ignore,Allow,False
UNAUTHORIZED_PUBLICATION_DISTRIBUTION-005,unauthorized_publication_distribution,This upload reproduces the entire copyrighted book without permission; development case 5.,Intellectual Property Infringement,Normal/Ignore,Allow,False
UNAUTHORIZED_PUBLICATION_DISTRIBUTION-006,unauthorized_publication_distribution,This account distributes full copies of a ebook without authorization; development case 6.,Intellectual Property Infringement,Normal/Ignore,Allow,False
UNAUTHORIZED_PUBLICATION_DISTRIBUTION-007,unauthorized_publication_distribution,Evidence indicates this site bypasses the paywall and republishes a audiobook; rights holder did not authorize it; development case 7.,Intellectual Property Infringement,Normal/Ignore,Allow,False
UNAUTHORIZED_PUBLICATION_DISTRIBUTION-008,unauthorized_publication_distribution,This user sells copies of a paywalled article under an unlicensed copy notice; development case 8.,Intellectual Property Infringement,Normal/Ignore,Allow,False
UNAUTHORIZED_PUBLICATION_DISTRIBUTION-009,unauthorized_publication_distribution,This upload reproduces the entire copyrighted book without permission; development case 9.,Intellectual Property Infringement,Normal/Ignore,Allow,False
UNAUTHORIZED_PUBLICATION_DISTRIBUTION-010,unauthorized_publication_distribution,This account distributes full copies of a ebook without authorization; development case 10.,Intellectual Property Infringement,Normal/Ignore,Allow,False
UNAUTHORIZED_PUBLICATION_DISTRIBUTION-011,unauthorized_publication_distribution,Evidence indicates this site bypasses the paywall and republishes a audiobook; rights holder did not authorize it; development case 11.,Intellectual Property Infringement,Normal/Ignore,Allow,False
UNAUTHORIZED_PUBLICATION_DISTRIBUTION-012,unauthorized_publication_distribution,This user sells copies of a paywalled article under an unlicensed copy notice; development case 12.,Intellectual Property Infringement,Normal/Ignore,Allow,False
UNAUTHORIZED_PUBLICATION_DISTRIBUTION-013,unauthorized_publication_distribution,This upload reproduces the entire copyrighted book without permission; development case 13.,Intellectual Property Infringement,Normal/Ignore,Allow,False
UNAUTHORIZED_PUBLICATION_DISTRIBUTION-014,unauthorized_publication_distribution,This account distributes full copies of a ebook without authorization; development case 14.,Intellectual Property Infringement,Normal/Ignore,Allow,False
UNAUTHORIZED_PUBLICATION_DISTRIBUTION-015,unauthorized_publication_distribution,Evidence indicates this site bypasses the paywall and republishes a audiobook; rights holder did not authorize it; development case 15.,Intellectual Property Infringement,Normal/Ignore,Allow,False
UNAUTHORIZED_PUBLICATION_DISTRIBUTION-016,unauthorized_publication_distribution,This user sells copies of a paywalled article under an unlicensed copy notice; development case 16.,Intellectual Property Infringement,Normal/Ignore,Allow,False
UNAUTHORIZED_PUBLICATION_DISTRIBUTION-017,unauthorized_publication_distribution,This upload reproduces the entire copyrighted book without permission; development case 17.,Intellectual Property Infringement,Normal/Ignore,Allow,False
UNAUTHORIZED_PUBLICATION_DISTRIBUTION-018,unauthorized_publication_distribution,This account distributes full copies of a ebook without authorization; development case 18.,Intellectual Property Infringement,Normal/Ignore,Allow,False
UNAUTHORIZED_PUBLICATION_DISTRIBUTION-019,unauthorized_publication_distribution,Evidence indicates this site bypasses the paywall and republishes a audiobook; rights holder did not authorize it; development case 19.,Intellectual Property Infringement,Normal/Ignore,Allow,False
UNAUTHORIZED_PUBLICATION_DISTRIBUTION-020,unauthorized_publication_distribution,This user sells copies of a paywalled article under an unlicensed copy notice; development case 20.,Intellectual Property Infringement,Normal/Ignore,Allow,False
UNAUTHORIZED_PUBLICATION_DISTRIBUTION-021,unauthorized_publication_distribution,This upload reproduces the entire copyrighted book without permission; development case 21.,Intellectual Property Infringement,Normal/Ignore,Allow,False
UNAUTHORIZED_PUBLICATION_DISTRIBUTION-022,unauthorized_publication_distribution,This account distributes full copies of a ebook without authorization; development case 22.,Intellectual Property Infringement,Normal/Ignore,Allow,False
UNAUTHORIZED_PUBLICATION_DISTRIBUTION-023,unauthorized_publication_distribution,Evidence indicates this site bypasses the paywall and republishes a audiobook; rights holder did not authorize it; development case 23.,Intellectual Property Infringement,Normal/Ignore,Allow,False
UNAUTHORIZED_PUBLICATION_DISTRIBUTION-024,unauthorized_publication_distribution,This user sells copies of a paywalled article under an unlicensed copy notice; development case 24.,Intellectual Property Infringement,Normal/Ignore,Allow,False
UNAUTHORIZED_PUBLICATION_DISTRIBUTION-025,unauthorized_publication_distribution,This upload reproduces the entire copyrighted book without permission; development case 25.,Intellectual Property Infringement,Normal/Ignore,Allow,False
UNAUTHORIZED_PUBLICATION_DISTRIBUTION-026,unauthorized_publication_distribution,This account distributes full copies of a ebook without authorization; development case 26.,Intellectual Property Infringement,Normal/Ignore,Allow,False
UNAUTHORIZED_PUBLICATION_DISTRIBUTION-027,unauthorized_publication_distribution,Evidence indicates this site bypasses the paywall and republishes a audiobook; rights holder did not authorize it; development case 27.,Intellectual Property Infringement,Normal/Ignore,Allow,False
UNAUTHORIZED_PUBLICATION_DISTRIBUTION-028,unauthorized_publication_distribution,This user sells copies of a paywalled article under an unlicensed copy notice; development case 28.,Intellectual Property Infringement,Normal/Ignore,Allow,False
UNAUTHORIZED_PUBLICATION_DISTRIBUTION-029,unauthorized_publication_distribution,This upload reproduces the entire copyrighted book without permission; development case 29.,Intellectual Property Infringement,Normal/Ignore,Allow,False
UNAUTHORIZED_PUBLICATION_DISTRIBUTION-030,unauthorized_publication_distribution,This account distributes full copies of a ebook without authorization; development case 30.,Intellectual Property Infringement,Normal/Ignore,Allow,False
UNAUTHORIZED_PUBLICATION_DISTRIBUTION-031,unauthorized_publication_distribution,Evidence indicates this site bypasses the paywall and republishes a audiobook; rights holder did not authorize it; development case 31.,Intellectual Property Infringement,Normal/Ignore,Allow,False
UNAUTHORIZED_PUBLICATION_DISTRIBUTION-032,unauthorized_publication_distribution,This user sells copies of a paywalled article under an unlicensed copy notice; development case 32.,Intellectual Property Infringement,Normal/Ignore,Allow,False
UNAUTHORIZED_PUBLICATION_DISTRIBUTION-033,unauthorized_publication_distribution,This upload reproduces the entire copyrighted book without permission; development case 33.,Intellectual Property Infringement,Normal/Ignore,Allow,False
UNAUTHORIZED_PUBLICATION_DISTRIBUTION-034,unauthorized_publication_distribution,This account distributes full copies of a ebook without authorization; development case 34.,Intellectual Property Infringement,Normal/Ignore,Allow,False
UNAUTHORIZED_PUBLICATION_DISTRIBUTION-035,unauthorized_publication_distribution,Evidence indicates this site bypasses the paywall and republishes a audiobook; rights holder did not authorize it; development case 35.,Intellectual Property Infringement,Normal/Ignore,Allow,False
UNAUTHORIZED_PUBLICATION_DISTRIBUTION-036,unauthorized_publication_distribution,This user sells copies of a paywalled article under an unlicensed copy notice; development case 36.,Intellectual Property Infringement,Normal/Ignore,Allow,False
UNAUTHORIZED_PUBLICATION_DISTRIBUTION-037,unauthorized_publication_distribution,This upload reproduces the entire copyrighted book without permission; development case 37.,Intellectual Property Infringement,Normal/Ignore,Allow,False
UNAUTHORIZED_PUBLICATION_DISTRIBUTION-038,unauthorized_publication_distribution,This account distributes full copies of a ebook without authorization; development case 38.,Intellectual Property Infringement,Normal/Ignore,Allow,False
UNAUTHORIZED_PUBLICATION_DISTRIBUTION-039,unauthorized_publication_distribution,Evidence indicates this site bypasses the paywall and republishes a audiobook; rights holder did not authorize it; development case 39.,Intellectual Property Infringement,Normal/Ignore,Allow,False
UNAUTHORIZED_PUBLICATION_DISTRIBUTION-040,unauthorized_publication_distribution,This user sells copies of a paywalled article under an unlicensed copy notice; development case 40.,Intellectual Property Infringement,Normal/Ignore,Allow,False
UNAUTHORIZED_PUBLICATION_DISTRIBUTION-041,unauthorized_publication_distribution,This upload reproduces the entire copyrighted book without permission; development case 41.,Intellectual Property Infringement,Normal/Ignore,Allow,False
UNAUTHORIZED_PUBLICATION_DISTRIBUTION-042,unauthorized_publication_distribution,This account distributes full copies of a ebook without authorization; development case 42.,Intellectual Property Infringement,Normal/Ignore,Allow,False
UNAUTHORIZED_PUBLICATION_DISTRIBUTION-043,unauthorized_publication_distribution,Evidence indicates this site bypasses the paywall and republishes a audiobook; rights holder did not authorize it; development case 43.,Intellectual Property Infringement,Normal/Ignore,Allow,False
UNAUTHORIZED_PUBLICATION_DISTRIBUTION-044,unauthorized_publication_distribution,This user sells copies of a paywalled article under an unlicensed copy notice; development case 44.,Intellectual Property Infringement,Normal/Ignore,Allow,False
UNAUTHORIZED_PUBLICATION_DISTRIBUTION-045,unauthorized_publication_distribution,This upload reproduces the entire copyrighted book without permission; development case 45.,Intellectual Property Infringement,Normal/Ignore,Allow,False
UNAUTHORIZED_PUBLICATION_DISTRIBUTION-046,unauthorized_publication_distribution,This account distributes full copies of a ebook without authorization; development case 46.,Intellectual Property Infringement,Normal/Ignore,Allow,False
UNAUTHORIZED_PUBLICATION_DISTRIBUTION-047,unauthorized_publication_distribution,Evidence indicates this site bypasses the paywall and republishes a audiobook; rights holder did not authorize it; development case 47.,Intellectual Property Infringement,Normal/Ignore,Allow,False
UNAUTHORIZED_PUBLICATION_DISTRIBUTION-048,unauthorized_publication_distribution,This user sells copies of a paywalled article under an unlicensed copy notice; development case 48.,Intellectual Property Infringement,Normal/Ignore,Allow,False
UNAUTHORIZED_PUBLICATION_DISTRIBUTION-049,unauthorized_publication_distribution,This upload reproduces the entire copyrighted book without permission; development case 49.,Intellectual Property Infringement,Normal/Ignore,Allow,False
UNAUTHORIZED_PUBLICATION_DISTRIBUTION-050,unauthorized_publication_distribution,This account distributes full copies of a ebook without authorization; development case 50.,Intellectual Property Infringement,Normal/Ignore,Allow,False
UNAUTHORIZED_SOFTWARE_AND_ASSETS-001,unauthorized_software_and_assets,This account redistributes the package for commercial software without permission; development case 1.,Intellectual Property Infringement,Normal/Ignore,Allow,False
UNAUTHORIZED_SOFTWARE_AND_ASSETS-002,unauthorized_software_and_assets,This user publishes the source code from source code without authorization; development case 2.,Intellectual Property Infringement,Normal/Ignore,Allow,False
UNAUTHORIZED_SOFTWARE_AND_ASSETS-003,unauthorized_software_and_assets,Evidence indicates this upload removes the watermark and sells a video game as an unauthorized copy; development case 3.,Intellectual Property Infringement,Normal/Ignore,Allow,False
UNAUTHORIZED_SOFTWARE_AND_ASSETS-004,unauthorized_software_and_assets,This site provides unauthorized downloads of stock photograph; the licence expressly forbids redistribution; development case 4.,Intellectual Property Infringement,Normal/Ignore,Allow,False
UNAUTHORIZED_SOFTWARE_AND_ASSETS-005,unauthorized_software_and_assets,This account redistributes the package for commercial software without permission; development case 5.,Intellectual Property Infringement,Normal/Ignore,Allow,False
UNAUTHORIZED_SOFTWARE_AND_ASSETS-006,unauthorized_software_and_assets,This user publishes the source code from source code without authorization; development case 6.,Intellectual Property Infringement,Normal/Ignore,Allow,False
UNAUTHORIZED_SOFTWARE_AND_ASSETS-007,unauthorized_software_and_assets,Evidence indicates this upload removes the watermark and sells a video game as an unauthorized copy; development case 7.,Intellectual Property Infringement,Normal/Ignore,Allow,False
UNAUTHORIZED_SOFTWARE_AND_ASSETS-008,unauthorized_software_and_assets,This site provides unauthorized downloads of stock photograph; the licence expressly forbids redistribution; development case 8.,Intellectual Property Infringement,Normal/Ignore,Allow,False
UNAUTHORIZED_SOFTWARE_AND_ASSETS-009,unauthorized_software_and_assets,This account redistributes the package for commercial software without permission; development case 9.,Intellectual Property Infringement,Normal/Ignore,Allow,False
UNAUTHORIZED_SOFTWARE_AND_ASSETS-010,unauthorized_software_and_assets,This user publishes the source code from source code without authorization; development case 10.,Intellectual Property Infringement,Normal/Ignore,Allow,False
UNAUTHORIZED_SOFTWARE_AND_ASSETS-011,unauthorized_software_and_assets,Evidence indicates this upload removes the watermark and sells a video game as an unauthorized copy; development case 11.,Intellectual Property Infringement,Normal/Ignore,Allow,False
UNAUTHORIZED_SOFTWARE_AND_ASSETS-012,unauthorized_software_and_assets,This site provides unauthorized downloads of stock photograph; the licence expressly forbids redistribution; development case 12.,Intellectual Property Infringement,Normal/Ignore,Allow,False
UNAUTHORIZED_SOFTWARE_AND_ASSETS-013,unauthorized_software_and_assets,This account redistributes the package for commercial software without permission; development case 13.,Intellectual Property Infringement,Normal/Ignore,Allow,False
UNAUTHORIZED_SOFTWARE_AND_ASSETS-014,unauthorized_software_and_assets,This user publishes the source code from source code without authorization; development case 14.,Intellectual Property Infringement,Normal/Ignore,Allow,False
UNAUTHORIZED_SOFTWARE_AND_ASSETS-015,unauthorized_software_and_assets,Evidence indicates this upload removes the watermark and sells a video game as an unauthorized copy; development case 15.,Intellectual Property Infringement,Normal/Ignore,Allow,False
UNAUTHORIZED_SOFTWARE_AND_ASSETS-016,unauthorized_software_and_assets,This site provides unauthorized downloads of stock photograph; the licence expressly forbids redistribution; development case 16.,Intellectual Property Infringement,Normal/Ignore,Allow,False
UNAUTHORIZED_SOFTWARE_AND_ASSETS-017,unauthorized_software_and_assets,This account redistributes the package for commercial software without permission; development case 17.,Intellectual Property Infringement,Normal/Ignore,Allow,False
UNAUTHORIZED_SOFTWARE_AND_ASSETS-018,unauthorized_software_and_assets,This user publishes the source code from source code without authorization; development case 18.,Intellectual Property Infringement,Normal/Ignore,Allow,False
UNAUTHORIZED_SOFTWARE_AND_ASSETS-019,unauthorized_software_and_assets,Evidence indicates this upload removes the watermark and sells a video game as an unauthorized copy; development case 19.,Intellectual Property Infringement,Normal/Ignore,Allow,False
UNAUTHORIZED_SOFTWARE_AND_ASSETS-020,unauthorized_software_and_assets,This site provides unauthorized downloads of stock photograph; the licence expressly forbids redistribution; development case 20.,Intellectual Property Infringement,Normal/Ignore,Allow,False
UNAUTHORIZED_SOFTWARE_AND_ASSETS-021,unauthorized_software_and_assets,This account redistributes the package for commercial software without permission; development case 21.,Intellectual Property Infringement,Normal/Ignore,Allow,False
UNAUTHORIZED_SOFTWARE_AND_ASSETS-022,unauthorized_software_and_assets,This user publishes the source code from source code without authorization; development case 22.,Intellectual Property Infringement,Normal/Ignore,Allow,False
UNAUTHORIZED_SOFTWARE_AND_ASSETS-023,unauthorized_software_and_assets,Evidence indicates this upload removes the watermark and sells a video game as an unauthorized copy; development case 23.,Intellectual Property Infringement,Normal/Ignore,Allow,False
UNAUTHORIZED_SOFTWARE_AND_ASSETS-024,unauthorized_software_and_assets,This site provides unauthorized downloads of stock photograph; the licence expressly forbids redistribution; development case 24.,Intellectual Property Infringement,Normal/Ignore,Allow,False
UNAUTHORIZED_SOFTWARE_AND_ASSETS-025,unauthorized_software_and_assets,This account redistributes the package for commercial software without permission; development case 25.,Intellectual Property Infringement,Normal/Ignore,Allow,False
UNAUTHORIZED_SOFTWARE_AND_ASSETS-026,unauthorized_software_and_assets,This user publishes the source code from source code without authorization; development case 26.,Intellectual Property Infringement,Normal/Ignore,Allow,False
UNAUTHORIZED_SOFTWARE_AND_ASSETS-027,unauthorized_software_and_assets,Evidence indicates this upload removes the watermark and sells a video game as an unauthorized copy; development case 27.,Intellectual Property Infringement,Normal/Ignore,Allow,False
UNAUTHORIZED_SOFTWARE_AND_ASSETS-028,unauthorized_software_and_assets,This site provides unauthorized downloads of stock photograph; the licence expressly forbids redistribution; development case 28.,Intellectual Property Infringement,Normal/Ignore,Allow,False
UNAUTHORIZED_SOFTWARE_AND_ASSETS-029,unauthorized_software_and_assets,This account redistributes the package for commercial software without permission; development case 29.,Intellectual Property Infringement,Normal/Ignore,Allow,False
UNAUTHORIZED_SOFTWARE_AND_ASSETS-030,unauthorized_software_and_assets,This user publishes the source code from source code without authorization; development case 30.,Intellectual Property Infringement,Normal/Ignore,Allow,False
UNAUTHORIZED_SOFTWARE_AND_ASSETS-031,unauthorized_software_and_assets,Evidence indicates this upload removes the watermark and sells a video game as an unauthorized copy; development case 31.,Intellectual Property Infringement,Normal/Ignore,Allow,False
UNAUTHORIZED_SOFTWARE_AND_ASSETS-032,unauthorized_software_and_assets,This site provides unauthorized downloads of stock photograph; the licence expressly forbids redistribution; development case 32.,Intellectual Property Infringement,Normal/Ignore,Allow,False
UNAUTHORIZED_SOFTWARE_AND_ASSETS-033,unauthorized_software_and_assets,This account redistributes the package for commercial software without permission; development case 33.,Intellectual Property Infringement,Normal/Ignore,Allow,False
UNAUTHORIZED_SOFTWARE_AND_ASSETS-034,unauthorized_software_and_assets,This user publishes the source code from source code without authorization; development case 34.,Intellectual Property Infringement,Normal/Ignore,Allow,False
UNAUTHORIZED_SOFTWARE_AND_ASSETS-035,unauthorized_software_and_assets,Evidence indicates this upload removes the watermark and sells a video game as an unauthorized copy; development case 35.,Intellectual Property Infringement,Normal/Ignore,Allow,False
UNAUTHORIZED_SOFTWARE_AND_ASSETS-036,unauthorized_software_and_assets,This site provides unauthorized downloads of stock photograph; the licence expressly forbids redistribution; development case 36.,Intellectual Property Infringement,Normal/Ignore,Allow,False
UNAUTHORIZED_SOFTWARE_AND_ASSETS-037,unauthorized_software_and_assets,This account redistributes the package for commercial software without permission; development case 37.,Intellectual Property Infringement,Normal/Ignore,Allow,False
UNAUTHORIZED_SOFTWARE_AND_ASSETS-038,unauthorized_software_and_assets,This user publishes the source code from source code without authorization; development case 38.,Intellectual Property Infringement,Normal/Ignore,Allow,False
UNAUTHORIZED_SOFTWARE_AND_ASSETS-039,unauthorized_software_and_assets,Evidence indicates this upload removes the watermark and sells a video game as an unauthorized copy; development case 39.,Intellectual Property Infringement,Normal/Ignore,Allow,False
UNAUTHORIZED_SOFTWARE_AND_ASSETS-040,unauthorized_software_and_assets,This site provides unauthorized downloads of stock photograph; the licence expressly forbids redistribution; development case 40.,Intellectual Property Infringement,Normal/Ignore,Allow,False
UNAUTHORIZED_SOFTWARE_AND_ASSETS-041,unauthorized_software_and_assets,This account redistributes the package for commercial software without permission; development case 41.,Intellectual Property Infringement,Normal/Ignore,Allow,False
UNAUTHORIZED_SOFTWARE_AND_ASSETS-042,unauthorized_software_and_assets,This user publishes the source code from source code without authorization; development case 42.,Intellectual Property Infringement,Normal/Ignore,Allow,False
UNAUTHORIZED_SOFTWARE_AND_ASSETS-043,unauthorized_software_and_assets,Evidence indicates this upload removes the watermark and sells a video game as an unauthorized copy; development case 43.,Intellectual Property Infringement,Normal/Ignore,Allow,False
UNAUTHORIZED_SOFTWARE_AND_ASSETS-044,unauthorized_software_and_assets,This site provides unauthorized downloads of stock photograph; the licence expressly forbids redistribution; development case 44.,Intellectual Property Infringement,Normal/Ignore,Allow,False
UNAUTHORIZED_SOFTWARE_AND_ASSETS-045,unauthorized_software_and_assets,This account redistributes the package for commercial software without permission; development case 45.,Intellectual Property Infringement,Normal/Ignore,Allow,False
UNAUTHORIZED_SOFTWARE_AND_ASSETS-046,unauthorized_software_and_assets,This user publishes the source code from source code without authorization; development case 46.,Intellectual Property Infringement,Normal/Ignore,Allow,False
UNAUTHORIZED_SOFTWARE_AND_ASSETS-047,unauthorized_software_and_assets,Evidence indicates this upload removes the watermark and sells a video game as an unauthorized copy; development case 47.,Intellectual Property Infringement,Normal/Ignore,Allow,False
UNAUTHORIZED_SOFTWARE_AND_ASSETS-048,unauthorized_software_and_assets,This site provides unauthorized downloads of stock photograph; the licence expressly forbids redistribution; development case 48.,Intellectual Property Infringement,Normal/Ignore,Allow,False
UNAUTHORIZED_SOFTWARE_AND_ASSETS-049,unauthorized_software_and_assets,This account redistributes the package for commercial software without permission; development case 49.,Intellectual Property Infringement,Normal/Ignore,Allow,False
UNAUTHORIZED_SOFTWARE_AND_ASSETS-050,unauthorized_software_and_assets,This user publishes the source code from source code without authorization; development case 50.,Intellectual Property Infringement,Normal/Ignore,Allow,False
COUNTERFEIT_TRADEMARK_SALES-001,counterfeit_trademark_sales,This seller lists counterfeit trademarked product and falsely presents it as genuine; development case 1.,Intellectual Property Infringement,Normal/Ignore,Allow,False
COUNTERFEIT_TRADEMARK_SALES-002,counterfeit_trademark_sales,Evidence indicates this listing sells counterfeit branded goods without authorization; development case 2.,Intellectual Property Infringement,Normal/Ignore,Allow,False
COUNTERFEIT_TRADEMARK_SALES-003,counterfeit_trademark_sales,This account applies a fake logo to registered trademark and offers copies for sale without permission; development case 3.,Intellectual Property Infringement,Normal/Ignore,Allow,False
COUNTERFEIT_TRADEMARK_SALES-004,counterfeit_trademark_sales,A credible rights-holder report says this user imports counterfeit protected design; development case 4.,Intellectual Property Infringement,Normal/Ignore,Allow,False
COUNTERFEIT_TRADEMARK_SALES-005,counterfeit_trademark_sales,This seller lists counterfeit trademarked product and falsely presents it as genuine; development case 5.,Intellectual Property Infringement,Normal/Ignore,Allow,False
COUNTERFEIT_TRADEMARK_SALES-006,counterfeit_trademark_sales,Evidence indicates this listing sells counterfeit branded goods without authorization; development case 6.,Intellectual Property Infringement,Normal/Ignore,Allow,False
COUNTERFEIT_TRADEMARK_SALES-007,counterfeit_trademark_sales,This account applies a fake logo to registered trademark and offers copies for sale without permission; development case 7.,Intellectual Property Infringement,Normal/Ignore,Allow,False
COUNTERFEIT_TRADEMARK_SALES-008,counterfeit_trademark_sales,A credible rights-holder report says this user imports counterfeit protected design; development case 8.,Intellectual Property Infringement,Normal/Ignore,Allow,False
COUNTERFEIT_TRADEMARK_SALES-009,counterfeit_trademark_sales,This seller lists counterfeit trademarked product and falsely presents it as genuine; development case 9.,Intellectual Property Infringement,Normal/Ignore,Allow,False
COUNTERFEIT_TRADEMARK_SALES-010,counterfeit_trademark_sales,Evidence indicates this listing sells counterfeit branded goods without authorization; development case 10.,Intellectual Property Infringement,Normal/Ignore,Allow,False
COUNTERFEIT_TRADEMARK_SALES-011,counterfeit_trademark_sales,This account applies a fake logo to registered trademark and offers copies for sale without permission; development case 11.,Intellectual Property Infringement,Normal/Ignore,Allow,False
COUNTERFEIT_TRADEMARK_SALES-012,counterfeit_trademark_sales,A credible rights-holder report says this user imports counterfeit protected design; development case 12.,Intellectual Property Infringement,Normal/Ignore,Allow,False
COUNTERFEIT_TRADEMARK_SALES-013,counterfeit_trademark_sales,This seller lists counterfeit trademarked product and falsely presents it as genuine; development case 13.,Intellectual Property Infringement,Normal/Ignore,Allow,False
COUNTERFEIT_TRADEMARK_SALES-014,counterfeit_trademark_sales,Evidence indicates this listing sells counterfeit branded goods without authorization; development case 14.,Intellectual Property Infringement,Normal/Ignore,Allow,False
COUNTERFEIT_TRADEMARK_SALES-015,counterfeit_trademark_sales,This account applies a fake logo to registered trademark and offers copies for sale without permission; development case 15.,Intellectual Property Infringement,Normal/Ignore,Allow,False
COUNTERFEIT_TRADEMARK_SALES-016,counterfeit_trademark_sales,A credible rights-holder report says this user imports counterfeit protected design; development case 16.,Intellectual Property Infringement,Normal/Ignore,Allow,False
COUNTERFEIT_TRADEMARK_SALES-017,counterfeit_trademark_sales,This seller lists counterfeit trademarked product and falsely presents it as genuine; development case 17.,Intellectual Property Infringement,Normal/Ignore,Allow,False
COUNTERFEIT_TRADEMARK_SALES-018,counterfeit_trademark_sales,Evidence indicates this listing sells counterfeit branded goods without authorization; development case 18.,Intellectual Property Infringement,Normal/Ignore,Allow,False
COUNTERFEIT_TRADEMARK_SALES-019,counterfeit_trademark_sales,This account applies a fake logo to registered trademark and offers copies for sale without permission; development case 19.,Intellectual Property Infringement,Normal/Ignore,Allow,False
COUNTERFEIT_TRADEMARK_SALES-020,counterfeit_trademark_sales,A credible rights-holder report says this user imports counterfeit protected design; development case 20.,Intellectual Property Infringement,Normal/Ignore,Allow,False
COUNTERFEIT_TRADEMARK_SALES-021,counterfeit_trademark_sales,This seller lists counterfeit trademarked product and falsely presents it as genuine; development case 21.,Intellectual Property Infringement,Normal/Ignore,Allow,False
COUNTERFEIT_TRADEMARK_SALES-022,counterfeit_trademark_sales,Evidence indicates this listing sells counterfeit branded goods without authorization; development case 22.,Intellectual Property Infringement,Normal/Ignore,Allow,False
COUNTERFEIT_TRADEMARK_SALES-023,counterfeit_trademark_sales,This account applies a fake logo to registered trademark and offers copies for sale without permission; development case 23.,Intellectual Property Infringement,Normal/Ignore,Allow,False
COUNTERFEIT_TRADEMARK_SALES-024,counterfeit_trademark_sales,A credible rights-holder report says this user imports counterfeit protected design; development case 24.,Intellectual Property Infringement,Normal/Ignore,Allow,False
COUNTERFEIT_TRADEMARK_SALES-025,counterfeit_trademark_sales,This seller lists counterfeit trademarked product and falsely presents it as genuine; development case 25.,Intellectual Property Infringement,Normal/Ignore,Allow,False
COUNTERFEIT_TRADEMARK_SALES-026,counterfeit_trademark_sales,Evidence indicates this listing sells counterfeit branded goods without authorization; development case 26.,Intellectual Property Infringement,Normal/Ignore,Allow,False
COUNTERFEIT_TRADEMARK_SALES-027,counterfeit_trademark_sales,This account applies a fake logo to registered trademark and offers copies for sale without permission; development case 27.,Intellectual Property Infringement,Normal/Ignore,Allow,False
COUNTERFEIT_TRADEMARK_SALES-028,counterfeit_trademark_sales,A credible rights-holder report says this user imports counterfeit protected design; development case 28.,Intellectual Property Infringement,Normal/Ignore,Allow,False
COUNTERFEIT_TRADEMARK_SALES-029,counterfeit_trademark_sales,This seller lists counterfeit trademarked product and falsely presents it as genuine; development case 29.,Intellectual Property Infringement,Normal/Ignore,Allow,False
COUNTERFEIT_TRADEMARK_SALES-030,counterfeit_trademark_sales,Evidence indicates this listing sells counterfeit branded goods without authorization; development case 30.,Intellectual Property Infringement,Normal/Ignore,Allow,False
COUNTERFEIT_TRADEMARK_SALES-031,counterfeit_trademark_sales,This account applies a fake logo to registered trademark and offers copies for sale without permission; development case 31.,Intellectual Property Infringement,Normal/Ignore,Allow,False
COUNTERFEIT_TRADEMARK_SALES-032,counterfeit_trademark_sales,A credible rights-holder report says this user imports counterfeit protected design; development case 32.,Intellectual Property Infringement,Normal/Ignore,Allow,False
COUNTERFEIT_TRADEMARK_SALES-033,counterfeit_trademark_sales,This seller lists counterfeit trademarked product and falsely presents it as genuine; development case 33.,Intellectual Property Infringement,Normal/Ignore,Allow,False
COUNTERFEIT_TRADEMARK_SALES-034,counterfeit_trademark_sales,Evidence indicates this listing sells counterfeit branded goods without authorization; development case 34.,Intellectual Property Infringement,Normal/Ignore,Allow,False
COUNTERFEIT_TRADEMARK_SALES-035,counterfeit_trademark_sales,This account applies a fake logo to registered trademark and offers copies for sale without permission; development case 35.,Intellectual Property Infringement,Normal/Ignore,Allow,False
COUNTERFEIT_TRADEMARK_SALES-036,counterfeit_trademark_sales,A credible rights-holder report says this user imports counterfeit protected design; development case 36.,Intellectual Property Infringement,Normal/Ignore,Allow,False
COUNTERFEIT_TRADEMARK_SALES-037,counterfeit_trademark_sales,This seller lists counterfeit trademarked product and falsely presents it as genuine; development case 37.,Intellectual Property Infringement,Normal/Ignore,Allow,False
COUNTERFEIT_TRADEMARK_SALES-038,counterfeit_trademark_sales,Evidence indicates this listing sells counterfeit branded goods without authorization; development case 38.,Intellectual Property Infringement,Normal/Ignore,Allow,False
COUNTERFEIT_TRADEMARK_SALES-039,counterfeit_trademark_sales,This account applies a fake logo to registered trademark and offers copies for sale without permission; development case 39.,Intellectual Property Infringement,Normal/Ignore,Allow,False
COUNTERFEIT_TRADEMARK_SALES-040,counterfeit_trademark_sales,A credible rights-holder report says this user imports counterfeit protected design; development case 40.,Intellectual Property Infringement,Normal/Ignore,Allow,False
COUNTERFEIT_TRADEMARK_SALES-041,counterfeit_trademark_sales,This seller lists counterfeit trademarked product and falsely presents it as genuine; development case 41.,Intellectual Property Infringement,Normal/Ignore,Allow,False
COUNTERFEIT_TRADEMARK_SALES-042,counterfeit_trademark_sales,Evidence indicates this listing sells counterfeit branded goods without authorization; development case 42.,Intellectual Property Infringement,Normal/Ignore,Allow,False
COUNTERFEIT_TRADEMARK_SALES-043,counterfeit_trademark_sales,This account applies a fake logo to registered trademark and offers copies for sale without permission; development case 43.,Intellectual Property Infringement,Normal/Ignore,Allow,False
COUNTERFEIT_TRADEMARK_SALES-044,counterfeit_trademark_sales,A credible rights-holder report says this user imports counterfeit protected design; development case 44.,Intellectual Property Infringement,Normal/Ignore,Allow,False
COUNTERFEIT_TRADEMARK_SALES-045,counterfeit_trademark_sales,This seller lists counterfeit trademarked product and falsely presents it as genuine; development case 45.,Intellectual Property Infringement,Normal/Ignore,Allow,False
COUNTERFEIT_TRADEMARK_SALES-046,counterfeit_trademark_sales,Evidence indicates this listing sells counterfeit branded goods without authorization; development case 46.,Intellectual Property Infringement,Normal/Ignore,Allow,False
COUNTERFEIT_TRADEMARK_SALES-047,counterfeit_trademark_sales,This account applies a fake logo to registered trademark and offers copies for sale without permission; development case 47.,Intellectual Property Infringement,Normal/Ignore,Allow,False
COUNTERFEIT_TRADEMARK_SALES-048,counterfeit_trademark_sales,A credible rights-holder report says this user imports counterfeit protected design; development case 48.,Intellectual Property Infringement,Normal/Ignore,Allow,False
COUNTERFEIT_TRADEMARK_SALES-049,counterfeit_trademark_sales,This seller lists counterfeit trademarked product and falsely presents it as genuine; development case 49.,Intellectual Property Infringement,Normal/Ignore,Allow,False
COUNTERFEIT_TRADEMARK_SALES-050,counterfeit_trademark_sales,Evidence indicates this listing sells counterfeit branded goods without authorization; development case 50.,Intellectual Property Infringement,Normal/Ignore,Allow,False
UNCERTAIN_RIGHTS_LICENCE_OR_EVIDENCE-001,uncertain_rights_licence_or_evidence,"This upload shares full copies of copyrighted film, but authorization is unclear; development case 1.",Uncertain,Normal/Ignore,Allow,False
UNCERTAIN_RIGHTS_LICENCE_OR_EVIDENCE-002,uncertain_rights_licence_or_evidence,"This account distributes full copies of source code, while ownership is disputed; development case 2.",Uncertain,Normal/Ignore,Allow,False
UNCERTAIN_RIGHTS_LICENCE_OR_EVIDENCE-003,uncertain_rights_licence_or_evidence,Evidence is incomplete while this site provides unauthorized downloads of branded goods; development case 3.,Uncertain,Normal/Ignore,Allow,False
UNCERTAIN_RIGHTS_LICENCE_OR_EVIDENCE-004,uncertain_rights_licence_or_evidence,"Only a thumbnail is available for a listing of counterfeit ebook, and the rights-holder claim is unverified; development case 4.",Uncertain,Normal/Ignore,Allow,False
UNCERTAIN_RIGHTS_LICENCE_OR_EVIDENCE-005,uncertain_rights_licence_or_evidence,"This upload shares full copies of copyrighted film, but authorization is unclear; development case 5.",Uncertain,Normal/Ignore,Allow,False
UNCERTAIN_RIGHTS_LICENCE_OR_EVIDENCE-006,uncertain_rights_licence_or_evidence,"This account distributes full copies of source code, while ownership is disputed; development case 6.",Uncertain,Normal/Ignore,Allow,False
UNCERTAIN_RIGHTS_LICENCE_OR_EVIDENCE-007,uncertain_rights_licence_or_evidence,Evidence is incomplete while this site provides unauthorized downloads of branded goods; development case 7.,Uncertain,Normal/Ignore,Allow,False
UNCERTAIN_RIGHTS_LICENCE_OR_EVIDENCE-008,uncertain_rights_licence_or_evidence,"Only a thumbnail is available for a listing of counterfeit ebook, and the rights-holder claim is unverified; development case 8.",Uncertain,Normal/Ignore,Allow,False
UNCERTAIN_RIGHTS_LICENCE_OR_EVIDENCE-009,uncertain_rights_licence_or_evidence,"This upload shares full copies of copyrighted film, but authorization is unclear; development case 9.",Uncertain,Normal/Ignore,Allow,False
UNCERTAIN_RIGHTS_LICENCE_OR_EVIDENCE-010,uncertain_rights_licence_or_evidence,"This account distributes full copies of source code, while ownership is disputed; development case 10.",Uncertain,Normal/Ignore,Allow,False
UNCERTAIN_RIGHTS_LICENCE_OR_EVIDENCE-011,uncertain_rights_licence_or_evidence,Evidence is incomplete while this site provides unauthorized downloads of branded goods; development case 11.,Uncertain,Normal/Ignore,Allow,False
UNCERTAIN_RIGHTS_LICENCE_OR_EVIDENCE-012,uncertain_rights_licence_or_evidence,"Only a thumbnail is available for a listing of counterfeit ebook, and the rights-holder claim is unverified; development case 12.",Uncertain,Normal/Ignore,Allow,False
UNCERTAIN_RIGHTS_LICENCE_OR_EVIDENCE-013,uncertain_rights_licence_or_evidence,"This upload shares full copies of copyrighted film, but authorization is unclear; development case 13.",Uncertain,Normal/Ignore,Allow,False
UNCERTAIN_RIGHTS_LICENCE_OR_EVIDENCE-014,uncertain_rights_licence_or_evidence,"This account distributes full copies of source code, while ownership is disputed; development case 14.",Uncertain,Normal/Ignore,Allow,False
UNCERTAIN_RIGHTS_LICENCE_OR_EVIDENCE-015,uncertain_rights_licence_or_evidence,Evidence is incomplete while this site provides unauthorized downloads of branded goods; development case 15.,Uncertain,Normal/Ignore,Allow,False
UNCERTAIN_RIGHTS_LICENCE_OR_EVIDENCE-016,uncertain_rights_licence_or_evidence,"Only a thumbnail is available for a listing of counterfeit ebook, and the rights-holder claim is unverified; development case 16.",Uncertain,Normal/Ignore,Allow,False
UNCERTAIN_RIGHTS_LICENCE_OR_EVIDENCE-017,uncertain_rights_licence_or_evidence,"This upload shares full copies of copyrighted film, but authorization is unclear; development case 17.",Uncertain,Normal/Ignore,Allow,False
UNCERTAIN_RIGHTS_LICENCE_OR_EVIDENCE-018,uncertain_rights_licence_or_evidence,"This account distributes full copies of source code, while ownership is disputed; development case 18.",Uncertain,Normal/Ignore,Allow,False
UNCERTAIN_RIGHTS_LICENCE_OR_EVIDENCE-019,uncertain_rights_licence_or_evidence,Evidence is incomplete while this site provides unauthorized downloads of branded goods; development case 19.,Uncertain,Normal/Ignore,Allow,False
UNCERTAIN_RIGHTS_LICENCE_OR_EVIDENCE-020,uncertain_rights_licence_or_evidence,"Only a thumbnail is available for a listing of counterfeit ebook, and the rights-holder claim is unverified; development case 20.",Uncertain,Normal/Ignore,Allow,False
UNCERTAIN_RIGHTS_LICENCE_OR_EVIDENCE-021,uncertain_rights_licence_or_evidence,"This upload shares full copies of copyrighted film, but authorization is unclear; development case 21.",Uncertain,Normal/Ignore,Allow,False
UNCERTAIN_RIGHTS_LICENCE_OR_EVIDENCE-022,uncertain_rights_licence_or_evidence,"This account distributes full copies of source code, while ownership is disputed; development case 22.",Uncertain,Normal/Ignore,Allow,False
UNCERTAIN_RIGHTS_LICENCE_OR_EVIDENCE-023,uncertain_rights_licence_or_evidence,Evidence is incomplete while this site provides unauthorized downloads of branded goods; development case 23.,Uncertain,Normal/Ignore,Allow,False
UNCERTAIN_RIGHTS_LICENCE_OR_EVIDENCE-024,uncertain_rights_licence_or_evidence,"Only a thumbnail is available for a listing of counterfeit ebook, and the rights-holder claim is unverified; development case 24.",Uncertain,Normal/Ignore,Allow,False
UNCERTAIN_RIGHTS_LICENCE_OR_EVIDENCE-025,uncertain_rights_licence_or_evidence,"This upload shares full copies of copyrighted film, but authorization is unclear; development case 25.",Uncertain,Normal/Ignore,Allow,False
UNCERTAIN_RIGHTS_LICENCE_OR_EVIDENCE-026,uncertain_rights_licence_or_evidence,"This account distributes full copies of source code, while ownership is disputed; development case 26.",Uncertain,Normal/Ignore,Allow,False
UNCERTAIN_RIGHTS_LICENCE_OR_EVIDENCE-027,uncertain_rights_licence_or_evidence,Evidence is incomplete while this site provides unauthorized downloads of branded goods; development case 27.,Uncertain,Normal/Ignore,Allow,False
UNCERTAIN_RIGHTS_LICENCE_OR_EVIDENCE-028,uncertain_rights_licence_or_evidence,"Only a thumbnail is available for a listing of counterfeit ebook, and the rights-holder claim is unverified; development case 28.",Uncertain,Normal/Ignore,Allow,False
UNCERTAIN_RIGHTS_LICENCE_OR_EVIDENCE-029,uncertain_rights_licence_or_evidence,"This upload shares full copies of copyrighted film, but authorization is unclear; development case 29.",Uncertain,Normal/Ignore,Allow,False
UNCERTAIN_RIGHTS_LICENCE_OR_EVIDENCE-030,uncertain_rights_licence_or_evidence,"This account distributes full copies of source code, while ownership is disputed; development case 30.",Uncertain,Normal/Ignore,Allow,False
UNCERTAIN_RIGHTS_LICENCE_OR_EVIDENCE-031,uncertain_rights_licence_or_evidence,Evidence is incomplete while this site provides unauthorized downloads of branded goods; development case 31.,Uncertain,Normal/Ignore,Allow,False
UNCERTAIN_RIGHTS_LICENCE_OR_EVIDENCE-032,uncertain_rights_licence_or_evidence,"Only a thumbnail is available for a listing of counterfeit ebook, and the rights-holder claim is unverified; development case 32.",Uncertain,Normal/Ignore,Allow,False
UNCERTAIN_RIGHTS_LICENCE_OR_EVIDENCE-033,uncertain_rights_licence_or_evidence,"This upload shares full copies of copyrighted film, but authorization is unclear; development case 33.",Uncertain,Normal/Ignore,Allow,False
UNCERTAIN_RIGHTS_LICENCE_OR_EVIDENCE-034,uncertain_rights_licence_or_evidence,"This account distributes full copies of source code, while ownership is disputed; development case 34.",Uncertain,Normal/Ignore,Allow,False
UNCERTAIN_RIGHTS_LICENCE_OR_EVIDENCE-035,uncertain_rights_licence_or_evidence,Evidence is incomplete while this site provides unauthorized downloads of branded goods; development case 35.,Uncertain,Normal/Ignore,Allow,False
UNCERTAIN_RIGHTS_LICENCE_OR_EVIDENCE-036,uncertain_rights_licence_or_evidence,"Only a thumbnail is available for a listing of counterfeit ebook, and the rights-holder claim is unverified; development case 36.",Uncertain,Normal/Ignore,Allow,False
UNCERTAIN_RIGHTS_LICENCE_OR_EVIDENCE-037,uncertain_rights_licence_or_evidence,"This upload shares full copies of copyrighted film, but authorization is unclear; development case 37.",Uncertain,Normal/Ignore,Allow,False
UNCERTAIN_RIGHTS_LICENCE_OR_EVIDENCE-038,uncertain_rights_licence_or_evidence,"This account distributes full copies of source code, while ownership is disputed; development case 38.",Uncertain,Normal/Ignore,Allow,False
UNCERTAIN_RIGHTS_LICENCE_OR_EVIDENCE-039,uncertain_rights_licence_or_evidence,Evidence is incomplete while this site provides unauthorized downloads of branded goods; development case 39.,Uncertain,Normal/Ignore,Allow,False
UNCERTAIN_RIGHTS_LICENCE_OR_EVIDENCE-040,uncertain_rights_licence_or_evidence,"Only a thumbnail is available for a listing of counterfeit ebook, and the rights-holder claim is unverified; development case 40.",Uncertain,Normal/Ignore,Allow,False
UNCERTAIN_RIGHTS_LICENCE_OR_EVIDENCE-041,uncertain_rights_licence_or_evidence,"This upload shares full copies of copyrighted film, but authorization is unclear; development case 41.",Uncertain,Normal/Ignore,Allow,False
UNCERTAIN_RIGHTS_LICENCE_OR_EVIDENCE-042,uncertain_rights_licence_or_evidence,"This account distributes full copies of source code, while ownership is disputed; development case 42.",Uncertain,Normal/Ignore,Allow,False
UNCERTAIN_RIGHTS_LICENCE_OR_EVIDENCE-043,uncertain_rights_licence_or_evidence,Evidence is incomplete while this site provides unauthorized downloads of branded goods; development case 43.,Uncertain,Normal/Ignore,Allow,False
UNCERTAIN_RIGHTS_LICENCE_OR_EVIDENCE-044,uncertain_rights_licence_or_evidence,"Only a thumbnail is available for a listing of counterfeit ebook, and the rights-holder claim is unverified; development case 44.",Uncertain,Normal/Ignore,Allow,False
UNCERTAIN_RIGHTS_LICENCE_OR_EVIDENCE-045,uncertain_rights_licence_or_evidence,"This upload shares full copies of copyrighted film, but authorization is unclear; development case 45.",Uncertain,Normal/Ignore,Allow,False
UNCERTAIN_RIGHTS_LICENCE_OR_EVIDENCE-046,uncertain_rights_licence_or_evidence,"This account distributes full copies of source code, while ownership is disputed; development case 46.",Uncertain,Normal/Ignore,Allow,False
UNCERTAIN_RIGHTS_LICENCE_OR_EVIDENCE-047,uncertain_rights_licence_or_evidence,Evidence is incomplete while this site provides unauthorized downloads of branded goods; development case 47.,Uncertain,Normal/Ignore,Allow,False
UNCERTAIN_RIGHTS_LICENCE_OR_EVIDENCE-048,uncertain_rights_licence_or_evidence,"Only a thumbnail is available for a listing of counterfeit ebook, and the rights-holder claim is unverified; development case 48.",Uncertain,Normal/Ignore,Allow,False
UNCERTAIN_RIGHTS_LICENCE_OR_EVIDENCE-049,uncertain_rights_licence_or_evidence,"This upload shares full copies of copyrighted film, but authorization is unclear; development case 49.",Uncertain,Normal/Ignore,Allow,False
UNCERTAIN_RIGHTS_LICENCE_OR_EVIDENCE-050,uncertain_rights_licence_or_evidence,"This account distributes full copies of source code, while ownership is disputed; development case 50.",Uncertain,Normal/Ignore,Allow,False
LEGAL_EXCEPTION_SCOPE_UNCERTAIN-001,legal_exception_scope_uncertain,"This post reproduces the entire copyrighted movie without permission for criticism, but fair use is unclear; development case 1.",Uncertain,Normal/Ignore,Allow,False
LEGAL_EXCEPTION_SCOPE_UNCERTAIN-002,legal_exception_scope_uncertain,"This upload shares full copies of copyrighted book without authorization for teaching, and exception scope is unresolved; development case 2.",Uncertain,Normal/Ignore,Allow,False
LEGAL_EXCEPTION_SCOPE_UNCERTAIN-003,legal_exception_scope_uncertain,"This account streams the full copyrighted song without permission as parody, while jurisdiction is unknown; development case 3.",Uncertain,Normal/Ignore,Allow,False
LEGAL_EXCEPTION_SCOPE_UNCERTAIN-004,legal_exception_scope_uncertain,This user distributes full copies of copyrighted photograph without authorization for academic research; fair dealing is unclear; development case 4.,Uncertain,Normal/Ignore,Allow,False
LEGAL_EXCEPTION_SCOPE_UNCERTAIN-005,legal_exception_scope_uncertain,"This post reproduces the entire copyrighted movie without permission for criticism, but fair use is unclear; development case 5.",Uncertain,Normal/Ignore,Allow,False
LEGAL_EXCEPTION_SCOPE_UNCERTAIN-006,legal_exception_scope_uncertain,"This upload shares full copies of copyrighted book without authorization for teaching, and exception scope is unresolved; development case 6.",Uncertain,Normal/Ignore,Allow,False
LEGAL_EXCEPTION_SCOPE_UNCERTAIN-007,legal_exception_scope_uncertain,"This account streams the full copyrighted song without permission as parody, while jurisdiction is unknown; development case 7.",Uncertain,Normal/Ignore,Allow,False
LEGAL_EXCEPTION_SCOPE_UNCERTAIN-008,legal_exception_scope_uncertain,This user distributes full copies of copyrighted photograph without authorization for academic research; fair dealing is unclear; development case 8.,Uncertain,Normal/Ignore,Allow,False
LEGAL_EXCEPTION_SCOPE_UNCERTAIN-009,legal_exception_scope_uncertain,"This post reproduces the entire copyrighted movie without permission for criticism, but fair use is unclear; development case 9.",Uncertain,Normal/Ignore,Allow,False
LEGAL_EXCEPTION_SCOPE_UNCERTAIN-010,legal_exception_scope_uncertain,"This upload shares full copies of copyrighted book without authorization for teaching, and exception scope is unresolved; development case 10.",Uncertain,Normal/Ignore,Allow,False
LEGAL_EXCEPTION_SCOPE_UNCERTAIN-011,legal_exception_scope_uncertain,"This account streams the full copyrighted song without permission as parody, while jurisdiction is unknown; development case 11.",Uncertain,Normal/Ignore,Allow,False
LEGAL_EXCEPTION_SCOPE_UNCERTAIN-012,legal_exception_scope_uncertain,This user distributes full copies of copyrighted photograph without authorization for academic research; fair dealing is unclear; development case 12.,Uncertain,Normal/Ignore,Allow,False
LEGAL_EXCEPTION_SCOPE_UNCERTAIN-013,legal_exception_scope_uncertain,"This post reproduces the entire copyrighted movie without permission for criticism, but fair use is unclear; development case 13.",Uncertain,Normal/Ignore,Allow,False
LEGAL_EXCEPTION_SCOPE_UNCERTAIN-014,legal_exception_scope_uncertain,"This upload shares full copies of copyrighted book without authorization for teaching, and exception scope is unresolved; development case 14.",Uncertain,Normal/Ignore,Allow,False
LEGAL_EXCEPTION_SCOPE_UNCERTAIN-015,legal_exception_scope_uncertain,"This account streams the full copyrighted song without permission as parody, while jurisdiction is unknown; development case 15.",Uncertain,Normal/Ignore,Allow,False
LEGAL_EXCEPTION_SCOPE_UNCERTAIN-016,legal_exception_scope_uncertain,This user distributes full copies of copyrighted photograph without authorization for academic research; fair dealing is unclear; development case 16.,Uncertain,Normal/Ignore,Allow,False
LEGAL_EXCEPTION_SCOPE_UNCERTAIN-017,legal_exception_scope_uncertain,"This post reproduces the entire copyrighted movie without permission for criticism, but fair use is unclear; development case 17.",Uncertain,Normal/Ignore,Allow,False
LEGAL_EXCEPTION_SCOPE_UNCERTAIN-018,legal_exception_scope_uncertain,"This upload shares full copies of copyrighted book without authorization for teaching, and exception scope is unresolved; development case 18.",Uncertain,Normal/Ignore,Allow,False
LEGAL_EXCEPTION_SCOPE_UNCERTAIN-019,legal_exception_scope_uncertain,"This account streams the full copyrighted song without permission as parody, while jurisdiction is unknown; development case 19.",Uncertain,Normal/Ignore,Allow,False
LEGAL_EXCEPTION_SCOPE_UNCERTAIN-020,legal_exception_scope_uncertain,This user distributes full copies of copyrighted photograph without authorization for academic research; fair dealing is unclear; development case 20.,Uncertain,Normal/Ignore,Allow,False
LEGAL_EXCEPTION_SCOPE_UNCERTAIN-021,legal_exception_scope_uncertain,"This post reproduces the entire copyrighted movie without permission for criticism, but fair use is unclear; development case 21.",Uncertain,Normal/Ignore,Allow,False
LEGAL_EXCEPTION_SCOPE_UNCERTAIN-022,legal_exception_scope_uncertain,"This upload shares full copies of copyrighted book without authorization for teaching, and exception scope is unresolved; development case 22.",Uncertain,Normal/Ignore,Allow,False
LEGAL_EXCEPTION_SCOPE_UNCERTAIN-023,legal_exception_scope_uncertain,"This account streams the full copyrighted song without permission as parody, while jurisdiction is unknown; development case 23.",Uncertain,Normal/Ignore,Allow,False
LEGAL_EXCEPTION_SCOPE_UNCERTAIN-024,legal_exception_scope_uncertain,This user distributes full copies of copyrighted photograph without authorization for academic research; fair dealing is unclear; development case 24.,Uncertain,Normal/Ignore,Allow,False
LEGAL_EXCEPTION_SCOPE_UNCERTAIN-025,legal_exception_scope_uncertain,"This post reproduces the entire copyrighted movie without permission for criticism, but fair use is unclear; development case 25.",Uncertain,Normal/Ignore,Allow,False
LEGAL_EXCEPTION_SCOPE_UNCERTAIN-026,legal_exception_scope_uncertain,"This upload shares full copies of copyrighted book without authorization for teaching, and exception scope is unresolved; development case 26.",Uncertain,Normal/Ignore,Allow,False
LEGAL_EXCEPTION_SCOPE_UNCERTAIN-027,legal_exception_scope_uncertain,"This account streams the full copyrighted song without permission as parody, while jurisdiction is unknown; development case 27.",Uncertain,Normal/Ignore,Allow,False
LEGAL_EXCEPTION_SCOPE_UNCERTAIN-028,legal_exception_scope_uncertain,This user distributes full copies of copyrighted photograph without authorization for academic research; fair dealing is unclear; development case 28.,Uncertain,Normal/Ignore,Allow,False
LEGAL_EXCEPTION_SCOPE_UNCERTAIN-029,legal_exception_scope_uncertain,"This post reproduces the entire copyrighted movie without permission for criticism, but fair use is unclear; development case 29.",Uncertain,Normal/Ignore,Allow,False
LEGAL_EXCEPTION_SCOPE_UNCERTAIN-030,legal_exception_scope_uncertain,"This upload shares full copies of copyrighted book without authorization for teaching, and exception scope is unresolved; development case 30.",Uncertain,Normal/Ignore,Allow,False
LEGAL_EXCEPTION_SCOPE_UNCERTAIN-031,legal_exception_scope_uncertain,"This account streams the full copyrighted song without permission as parody, while jurisdiction is unknown; development case 31.",Uncertain,Normal/Ignore,Allow,False
LEGAL_EXCEPTION_SCOPE_UNCERTAIN-032,legal_exception_scope_uncertain,This user distributes full copies of copyrighted photograph without authorization for academic research; fair dealing is unclear; development case 32.,Uncertain,Normal/Ignore,Allow,False
LEGAL_EXCEPTION_SCOPE_UNCERTAIN-033,legal_exception_scope_uncertain,"This post reproduces the entire copyrighted movie without permission for criticism, but fair use is unclear; development case 33.",Uncertain,Normal/Ignore,Allow,False
LEGAL_EXCEPTION_SCOPE_UNCERTAIN-034,legal_exception_scope_uncertain,"This upload shares full copies of copyrighted book without authorization for teaching, and exception scope is unresolved; development case 34.",Uncertain,Normal/Ignore,Allow,False
LEGAL_EXCEPTION_SCOPE_UNCERTAIN-035,legal_exception_scope_uncertain,"This account streams the full copyrighted song without permission as parody, while jurisdiction is unknown; development case 35.",Uncertain,Normal/Ignore,Allow,False
LEGAL_EXCEPTION_SCOPE_UNCERTAIN-036,legal_exception_scope_uncertain,This user distributes full copies of copyrighted photograph without authorization for academic research; fair dealing is unclear; development case 36.,Uncertain,Normal/Ignore,Allow,False
LEGAL_EXCEPTION_SCOPE_UNCERTAIN-037,legal_exception_scope_uncertain,"This post reproduces the entire copyrighted movie without permission for criticism, but fair use is unclear; development case 37.",Uncertain,Normal/Ignore,Allow,False
LEGAL_EXCEPTION_SCOPE_UNCERTAIN-038,legal_exception_scope_uncertain,"This upload shares full copies of copyrighted book without authorization for teaching, and exception scope is unresolved; development case 38.",Uncertain,Normal/Ignore,Allow,False
LEGAL_EXCEPTION_SCOPE_UNCERTAIN-039,legal_exception_scope_uncertain,"This account streams the full copyrighted song without permission as parody, while jurisdiction is unknown; development case 39.",Uncertain,Normal/Ignore,Allow,False
LEGAL_EXCEPTION_SCOPE_UNCERTAIN-040,legal_exception_scope_uncertain,This user distributes full copies of copyrighted photograph without authorization for academic research; fair dealing is unclear; development case 40.,Uncertain,Normal/Ignore,Allow,False
LEGAL_EXCEPTION_SCOPE_UNCERTAIN-041,legal_exception_scope_uncertain,"This post reproduces the entire copyrighted movie without permission for criticism, but fair use is unclear; development case 41.",Uncertain,Normal/Ignore,Allow,False
LEGAL_EXCEPTION_SCOPE_UNCERTAIN-042,legal_exception_scope_uncertain,"This upload shares full copies of copyrighted book without authorization for teaching, and exception scope is unresolved; development case 42.",Uncertain,Normal/Ignore,Allow,False
LEGAL_EXCEPTION_SCOPE_UNCERTAIN-043,legal_exception_scope_uncertain,"This account streams the full copyrighted song without permission as parody, while jurisdiction is unknown; development case 43.",Uncertain,Normal/Ignore,Allow,False
LEGAL_EXCEPTION_SCOPE_UNCERTAIN-044,legal_exception_scope_uncertain,This user distributes full copies of copyrighted photograph without authorization for academic research; fair dealing is unclear; development case 44.,Uncertain,Normal/Ignore,Allow,False
LEGAL_EXCEPTION_SCOPE_UNCERTAIN-045,legal_exception_scope_uncertain,"This post reproduces the entire copyrighted movie without permission for criticism, but fair use is unclear; development case 45.",Uncertain,Normal/Ignore,Allow,False
LEGAL_EXCEPTION_SCOPE_UNCERTAIN-046,legal_exception_scope_uncertain,"This upload shares full copies of copyrighted book without authorization for teaching, and exception scope is unresolved; development case 46.",Uncertain,Normal/Ignore,Allow,False
LEGAL_EXCEPTION_SCOPE_UNCERTAIN-047,legal_exception_scope_uncertain,"This account streams the full copyrighted song without permission as parody, while jurisdiction is unknown; development case 47.",Uncertain,Normal/Ignore,Allow,False
LEGAL_EXCEPTION_SCOPE_UNCERTAIN-048,legal_exception_scope_uncertain,This user distributes full copies of copyrighted photograph without authorization for academic research; fair dealing is unclear; development case 48.,Uncertain,Normal/Ignore,Allow,False
LEGAL_EXCEPTION_SCOPE_UNCERTAIN-049,legal_exception_scope_uncertain,"This post reproduces the entire copyrighted movie without permission for criticism, but fair use is unclear; development case 49.",Uncertain,Normal/Ignore,Allow,False
LEGAL_EXCEPTION_SCOPE_UNCERTAIN-050,legal_exception_scope_uncertain,"This upload shares full copies of copyrighted book without authorization for teaching, and exception scope is unresolved; development case 50.",Uncertain,Normal/Ignore,Allow,False
AUTHORIZED_ORIGINAL_AND_OFFICIAL-001,authorized_original_and_official,The rights holder authorized this official publisher upload of copyrighted film; safe development 1.,Normal/Ignore,Normal/Ignore,Allow,False
AUTHORIZED_ORIGINAL_AND_OFFICIAL-002,authorized_original_and_official,Written permission and a valid distribution licence cover this source code; safe development 2.,Normal/Ignore,Normal/Ignore,Allow,False
AUTHORIZED_ORIGINAL_AND_OFFICIAL-003,authorized_original_and_official,This is a user-created original stock photograph and permission is documented; safe development 3.,Normal/Ignore,Normal/Ignore,Allow,False
AUTHORIZED_ORIGINAL_AND_OFFICIAL-004,authorized_original_and_official,The official store link offers paid course through licensed distribution; safe development 4.,Normal/Ignore,Normal/Ignore,Allow,False
AUTHORIZED_ORIGINAL_AND_OFFICIAL-005,authorized_original_and_official,The rights holder authorized this official publisher upload of copyrighted film; safe development 5.,Normal/Ignore,Normal/Ignore,Allow,False
AUTHORIZED_ORIGINAL_AND_OFFICIAL-006,authorized_original_and_official,Written permission and a valid distribution licence cover this source code; safe development 6.,Normal/Ignore,Normal/Ignore,Allow,False
AUTHORIZED_ORIGINAL_AND_OFFICIAL-007,authorized_original_and_official,This is a user-created original stock photograph and permission is documented; safe development 7.,Normal/Ignore,Normal/Ignore,Allow,False
AUTHORIZED_ORIGINAL_AND_OFFICIAL-008,authorized_original_and_official,The official store link offers paid course through licensed distribution; safe development 8.,Normal/Ignore,Normal/Ignore,Allow,False
AUTHORIZED_ORIGINAL_AND_OFFICIAL-009,authorized_original_and_official,The rights holder authorized this official publisher upload of copyrighted film; safe development 9.,Normal/Ignore,Normal/Ignore,Allow,False
AUTHORIZED_ORIGINAL_AND_OFFICIAL-010,authorized_original_and_official,Written permission and a valid distribution licence cover this source code; safe development 10.,Normal/Ignore,Normal/Ignore,Allow,False
AUTHORIZED_ORIGINAL_AND_OFFICIAL-011,authorized_original_and_official,This is a user-created original stock photograph and permission is documented; safe development 11.,Normal/Ignore,Normal/Ignore,Allow,False
AUTHORIZED_ORIGINAL_AND_OFFICIAL-012,authorized_original_and_official,The official store link offers paid course through licensed distribution; safe development 12.,Normal/Ignore,Normal/Ignore,Allow,False
AUTHORIZED_ORIGINAL_AND_OFFICIAL-013,authorized_original_and_official,The rights holder authorized this official publisher upload of copyrighted film; safe development 13.,Normal/Ignore,Normal/Ignore,Allow,False
AUTHORIZED_ORIGINAL_AND_OFFICIAL-014,authorized_original_and_official,Written permission and a valid distribution licence cover this source code; safe development 14.,Normal/Ignore,Normal/Ignore,Allow,False
AUTHORIZED_ORIGINAL_AND_OFFICIAL-015,authorized_original_and_official,This is a user-created original stock photograph and permission is documented; safe development 15.,Normal/Ignore,Normal/Ignore,Allow,False
AUTHORIZED_ORIGINAL_AND_OFFICIAL-016,authorized_original_and_official,The official store link offers paid course through licensed distribution; safe development 16.,Normal/Ignore,Normal/Ignore,Allow,False
AUTHORIZED_ORIGINAL_AND_OFFICIAL-017,authorized_original_and_official,The rights holder authorized this official publisher upload of copyrighted film; safe development 17.,Normal/Ignore,Normal/Ignore,Allow,False
AUTHORIZED_ORIGINAL_AND_OFFICIAL-018,authorized_original_and_official,Written permission and a valid distribution licence cover this source code; safe development 18.,Normal/Ignore,Normal/Ignore,Allow,False
AUTHORIZED_ORIGINAL_AND_OFFICIAL-019,authorized_original_and_official,This is a user-created original stock photograph and permission is documented; safe development 19.,Normal/Ignore,Normal/Ignore,Allow,False
AUTHORIZED_ORIGINAL_AND_OFFICIAL-020,authorized_original_and_official,The official store link offers paid course through licensed distribution; safe development 20.,Normal/Ignore,Normal/Ignore,Allow,False
AUTHORIZED_ORIGINAL_AND_OFFICIAL-021,authorized_original_and_official,The rights holder authorized this official publisher upload of copyrighted film; safe development 21.,Normal/Ignore,Normal/Ignore,Allow,False
AUTHORIZED_ORIGINAL_AND_OFFICIAL-022,authorized_original_and_official,Written permission and a valid distribution licence cover this source code; safe development 22.,Normal/Ignore,Normal/Ignore,Allow,False
AUTHORIZED_ORIGINAL_AND_OFFICIAL-023,authorized_original_and_official,This is a user-created original stock photograph and permission is documented; safe development 23.,Normal/Ignore,Normal/Ignore,Allow,False
AUTHORIZED_ORIGINAL_AND_OFFICIAL-024,authorized_original_and_official,The official store link offers paid course through licensed distribution; safe development 24.,Normal/Ignore,Normal/Ignore,Allow,False
AUTHORIZED_ORIGINAL_AND_OFFICIAL-025,authorized_original_and_official,The rights holder authorized this official publisher upload of copyrighted film; safe development 25.,Normal/Ignore,Normal/Ignore,Allow,False
AUTHORIZED_ORIGINAL_AND_OFFICIAL-026,authorized_original_and_official,Written permission and a valid distribution licence cover this source code; safe development 26.,Normal/Ignore,Normal/Ignore,Allow,False
AUTHORIZED_ORIGINAL_AND_OFFICIAL-027,authorized_original_and_official,This is a user-created original stock photograph and permission is documented; safe development 27.,Normal/Ignore,Normal/Ignore,Allow,False
AUTHORIZED_ORIGINAL_AND_OFFICIAL-028,authorized_original_and_official,The official store link offers paid course through licensed distribution; safe development 28.,Normal/Ignore,Normal/Ignore,Allow,False
AUTHORIZED_ORIGINAL_AND_OFFICIAL-029,authorized_original_and_official,The rights holder authorized this official publisher upload of copyrighted film; safe development 29.,Normal/Ignore,Normal/Ignore,Allow,False
AUTHORIZED_ORIGINAL_AND_OFFICIAL-030,authorized_original_and_official,Written permission and a valid distribution licence cover this source code; safe development 30.,Normal/Ignore,Normal/Ignore,Allow,False
AUTHORIZED_ORIGINAL_AND_OFFICIAL-031,authorized_original_and_official,This is a user-created original stock photograph and permission is documented; safe development 31.,Normal/Ignore,Normal/Ignore,Allow,False
AUTHORIZED_ORIGINAL_AND_OFFICIAL-032,authorized_original_and_official,The official store link offers paid course through licensed distribution; safe development 32.,Normal/Ignore,Normal/Ignore,Allow,False
AUTHORIZED_ORIGINAL_AND_OFFICIAL-033,authorized_original_and_official,The rights holder authorized this official publisher upload of copyrighted film; safe development 33.,Normal/Ignore,Normal/Ignore,Allow,False
AUTHORIZED_ORIGINAL_AND_OFFICIAL-034,authorized_original_and_official,Written permission and a valid distribution licence cover this source code; safe development 34.,Normal/Ignore,Normal/Ignore,Allow,False
AUTHORIZED_ORIGINAL_AND_OFFICIAL-035,authorized_original_and_official,This is a user-created original stock photograph and permission is documented; safe development 35.,Normal/Ignore,Normal/Ignore,Allow,False
AUTHORIZED_ORIGINAL_AND_OFFICIAL-036,authorized_original_and_official,The official store link offers paid course through licensed distribution; safe development 36.,Normal/Ignore,Normal/Ignore,Allow,False
AUTHORIZED_ORIGINAL_AND_OFFICIAL-037,authorized_original_and_official,The rights holder authorized this official publisher upload of copyrighted film; safe development 37.,Normal/Ignore,Normal/Ignore,Allow,False
AUTHORIZED_ORIGINAL_AND_OFFICIAL-038,authorized_original_and_official,Written permission and a valid distribution licence cover this source code; safe development 38.,Normal/Ignore,Normal/Ignore,Allow,False
AUTHORIZED_ORIGINAL_AND_OFFICIAL-039,authorized_original_and_official,This is a user-created original stock photograph and permission is documented; safe development 39.,Normal/Ignore,Normal/Ignore,Allow,False
AUTHORIZED_ORIGINAL_AND_OFFICIAL-040,authorized_original_and_official,The official store link offers paid course through licensed distribution; safe development 40.,Normal/Ignore,Normal/Ignore,Allow,False
AUTHORIZED_ORIGINAL_AND_OFFICIAL-041,authorized_original_and_official,The rights holder authorized this official publisher upload of copyrighted film; safe development 41.,Normal/Ignore,Normal/Ignore,Allow,False
AUTHORIZED_ORIGINAL_AND_OFFICIAL-042,authorized_original_and_official,Written permission and a valid distribution licence cover this source code; safe development 42.,Normal/Ignore,Normal/Ignore,Allow,False
AUTHORIZED_ORIGINAL_AND_OFFICIAL-043,authorized_original_and_official,This is a user-created original stock photograph and permission is documented; safe development 43.,Normal/Ignore,Normal/Ignore,Allow,False
AUTHORIZED_ORIGINAL_AND_OFFICIAL-044,authorized_original_and_official,The official store link offers paid course through licensed distribution; safe development 44.,Normal/Ignore,Normal/Ignore,Allow,False
AUTHORIZED_ORIGINAL_AND_OFFICIAL-045,authorized_original_and_official,The rights holder authorized this official publisher upload of copyrighted film; safe development 45.,Normal/Ignore,Normal/Ignore,Allow,False
AUTHORIZED_ORIGINAL_AND_OFFICIAL-046,authorized_original_and_official,Written permission and a valid distribution licence cover this source code; safe development 46.,Normal/Ignore,Normal/Ignore,Allow,False
AUTHORIZED_ORIGINAL_AND_OFFICIAL-047,authorized_original_and_official,This is a user-created original stock photograph and permission is documented; safe development 47.,Normal/Ignore,Normal/Ignore,Allow,False
AUTHORIZED_ORIGINAL_AND_OFFICIAL-048,authorized_original_and_official,The official store link offers paid course through licensed distribution; safe development 48.,Normal/Ignore,Normal/Ignore,Allow,False
AUTHORIZED_ORIGINAL_AND_OFFICIAL-049,authorized_original_and_official,The rights holder authorized this official publisher upload of copyrighted film; safe development 49.,Normal/Ignore,Normal/Ignore,Allow,False
AUTHORIZED_ORIGINAL_AND_OFFICIAL-050,authorized_original_and_official,Written permission and a valid distribution licence cover this source code; safe development 50.,Normal/Ignore,Normal/Ignore,Allow,False
PUBLIC_DOMAIN_AND_OPEN_LICENCE-001,public_domain_and_open_licence,The copyrighted artwork is public domain and links to the official source; safe development 1.,Normal/Ignore,Normal/Ignore,Allow,False
PUBLIC_DOMAIN_AND_OPEN_LICENCE-002,public_domain_and_open_licence,The creator released this source code under CC0; safe development 2.,Normal/Ignore,Normal/Ignore,Allow,False
PUBLIC_DOMAIN_AND_OPEN_LICENCE-003,public_domain_and_open_licence,A compatible Creative Commons licence permits redistribution of this copyrighted book; safe development 3.,Normal/Ignore,Normal/Ignore,Allow,False
PUBLIC_DOMAIN_AND_OPEN_LICENCE-004,public_domain_and_open_licence,An open-source licence permits reuse of this stock photograph; safe development 4.,Normal/Ignore,Normal/Ignore,Allow,False
PUBLIC_DOMAIN_AND_OPEN_LICENCE-005,public_domain_and_open_licence,The copyrighted artwork is public domain and links to the official source; safe development 5.,Normal/Ignore,Normal/Ignore,Allow,False
PUBLIC_DOMAIN_AND_OPEN_LICENCE-006,public_domain_and_open_licence,The creator released this source code under CC0; safe development 6.,Normal/Ignore,Normal/Ignore,Allow,False
PUBLIC_DOMAIN_AND_OPEN_LICENCE-007,public_domain_and_open_licence,A compatible Creative Commons licence permits redistribution of this copyrighted book; safe development 7.,Normal/Ignore,Normal/Ignore,Allow,False
PUBLIC_DOMAIN_AND_OPEN_LICENCE-008,public_domain_and_open_licence,An open-source licence permits reuse of this stock photograph; safe development 8.,Normal/Ignore,Normal/Ignore,Allow,False
PUBLIC_DOMAIN_AND_OPEN_LICENCE-009,public_domain_and_open_licence,The copyrighted artwork is public domain and links to the official source; safe development 9.,Normal/Ignore,Normal/Ignore,Allow,False
PUBLIC_DOMAIN_AND_OPEN_LICENCE-010,public_domain_and_open_licence,The creator released this source code under CC0; safe development 10.,Normal/Ignore,Normal/Ignore,Allow,False
PUBLIC_DOMAIN_AND_OPEN_LICENCE-011,public_domain_and_open_licence,A compatible Creative Commons licence permits redistribution of this copyrighted book; safe development 11.,Normal/Ignore,Normal/Ignore,Allow,False
PUBLIC_DOMAIN_AND_OPEN_LICENCE-012,public_domain_and_open_licence,An open-source licence permits reuse of this stock photograph; safe development 12.,Normal/Ignore,Normal/Ignore,Allow,False
PUBLIC_DOMAIN_AND_OPEN_LICENCE-013,public_domain_and_open_licence,The copyrighted artwork is public domain and links to the official source; safe development 13.,Normal/Ignore,Normal/Ignore,Allow,False
PUBLIC_DOMAIN_AND_OPEN_LICENCE-014,public_domain_and_open_licence,The creator released this source code under CC0; safe development 14.,Normal/Ignore,Normal/Ignore,Allow,False
PUBLIC_DOMAIN_AND_OPEN_LICENCE-015,public_domain_and_open_licence,A compatible Creative Commons licence permits redistribution of this copyrighted book; safe development 15.,Normal/Ignore,Normal/Ignore,Allow,False
PUBLIC_DOMAIN_AND_OPEN_LICENCE-016,public_domain_and_open_licence,An open-source licence permits reuse of this stock photograph; safe development 16.,Normal/Ignore,Normal/Ignore,Allow,False
PUBLIC_DOMAIN_AND_OPEN_LICENCE-017,public_domain_and_open_licence,The copyrighted artwork is public domain and links to the official source; safe development 17.,Normal/Ignore,Normal/Ignore,Allow,False
PUBLIC_DOMAIN_AND_OPEN_LICENCE-018,public_domain_and_open_licence,The creator released this source code under CC0; safe development 18.,Normal/Ignore,Normal/Ignore,Allow,False
PUBLIC_DOMAIN_AND_OPEN_LICENCE-019,public_domain_and_open_licence,A compatible Creative Commons licence permits redistribution of this copyrighted book; safe development 19.,Normal/Ignore,Normal/Ignore,Allow,False
PUBLIC_DOMAIN_AND_OPEN_LICENCE-020,public_domain_and_open_licence,An open-source licence permits reuse of this stock photograph; safe development 20.,Normal/Ignore,Normal/Ignore,Allow,False
PUBLIC_DOMAIN_AND_OPEN_LICENCE-021,public_domain_and_open_licence,The copyrighted artwork is public domain and links to the official source; safe development 21.,Normal/Ignore,Normal/Ignore,Allow,False
PUBLIC_DOMAIN_AND_OPEN_LICENCE-022,public_domain_and_open_licence,The creator released this source code under CC0; safe development 22.,Normal/Ignore,Normal/Ignore,Allow,False
PUBLIC_DOMAIN_AND_OPEN_LICENCE-023,public_domain_and_open_licence,A compatible Creative Commons licence permits redistribution of this copyrighted book; safe development 23.,Normal/Ignore,Normal/Ignore,Allow,False
PUBLIC_DOMAIN_AND_OPEN_LICENCE-024,public_domain_and_open_licence,An open-source licence permits reuse of this stock photograph; safe development 24.,Normal/Ignore,Normal/Ignore,Allow,False
PUBLIC_DOMAIN_AND_OPEN_LICENCE-025,public_domain_and_open_licence,The copyrighted artwork is public domain and links to the official source; safe development 25.,Normal/Ignore,Normal/Ignore,Allow,False
PUBLIC_DOMAIN_AND_OPEN_LICENCE-026,public_domain_and_open_licence,The creator released this source code under CC0; safe development 26.,Normal/Ignore,Normal/Ignore,Allow,False
PUBLIC_DOMAIN_AND_OPEN_LICENCE-027,public_domain_and_open_licence,A compatible Creative Commons licence permits redistribution of this copyrighted book; safe development 27.,Normal/Ignore,Normal/Ignore,Allow,False
PUBLIC_DOMAIN_AND_OPEN_LICENCE-028,public_domain_and_open_licence,An open-source licence permits reuse of this stock photograph; safe development 28.,Normal/Ignore,Normal/Ignore,Allow,False
PUBLIC_DOMAIN_AND_OPEN_LICENCE-029,public_domain_and_open_licence,The copyrighted artwork is public domain and links to the official source; safe development 29.,Normal/Ignore,Normal/Ignore,Allow,False
PUBLIC_DOMAIN_AND_OPEN_LICENCE-030,public_domain_and_open_licence,The creator released this source code under CC0; safe development 30.,Normal/Ignore,Normal/Ignore,Allow,False
PUBLIC_DOMAIN_AND_OPEN_LICENCE-031,public_domain_and_open_licence,A compatible Creative Commons licence permits redistribution of this copyrighted book; safe development 31.,Normal/Ignore,Normal/Ignore,Allow,False
PUBLIC_DOMAIN_AND_OPEN_LICENCE-032,public_domain_and_open_licence,An open-source licence permits reuse of this stock photograph; safe development 32.,Normal/Ignore,Normal/Ignore,Allow,False
PUBLIC_DOMAIN_AND_OPEN_LICENCE-033,public_domain_and_open_licence,The copyrighted artwork is public domain and links to the official source; safe development 33.,Normal/Ignore,Normal/Ignore,Allow,False
PUBLIC_DOMAIN_AND_OPEN_LICENCE-034,public_domain_and_open_licence,The creator released this source code under CC0; safe development 34.,Normal/Ignore,Normal/Ignore,Allow,False
PUBLIC_DOMAIN_AND_OPEN_LICENCE-035,public_domain_and_open_licence,A compatible Creative Commons licence permits redistribution of this copyrighted book; safe development 35.,Normal/Ignore,Normal/Ignore,Allow,False
PUBLIC_DOMAIN_AND_OPEN_LICENCE-036,public_domain_and_open_licence,An open-source licence permits reuse of this stock photograph; safe development 36.,Normal/Ignore,Normal/Ignore,Allow,False
PUBLIC_DOMAIN_AND_OPEN_LICENCE-037,public_domain_and_open_licence,The copyrighted artwork is public domain and links to the official source; safe development 37.,Normal/Ignore,Normal/Ignore,Allow,False
PUBLIC_DOMAIN_AND_OPEN_LICENCE-038,public_domain_and_open_licence,The creator released this source code under CC0; safe development 38.,Normal/Ignore,Normal/Ignore,Allow,False
PUBLIC_DOMAIN_AND_OPEN_LICENCE-039,public_domain_and_open_licence,A compatible Creative Commons licence permits redistribution of this copyrighted book; safe development 39.,Normal/Ignore,Normal/Ignore,Allow,False
PUBLIC_DOMAIN_AND_OPEN_LICENCE-040,public_domain_and_open_licence,An open-source licence permits reuse of this stock photograph; safe development 40.,Normal/Ignore,Normal/Ignore,Allow,False
PUBLIC_DOMAIN_AND_OPEN_LICENCE-041,public_domain_and_open_licence,The copyrighted artwork is public domain and links to the official source; safe development 41.,Normal/Ignore,Normal/Ignore,Allow,False
PUBLIC_DOMAIN_AND_OPEN_LICENCE-042,public_domain_and_open_licence,The creator released this source code under CC0; safe development 42.,Normal/Ignore,Normal/Ignore,Allow,False
PUBLIC_DOMAIN_AND_OPEN_LICENCE-043,public_domain_and_open_licence,A compatible Creative Commons licence permits redistribution of this copyrighted book; safe development 43.,Normal/Ignore,Normal/Ignore,Allow,False
PUBLIC_DOMAIN_AND_OPEN_LICENCE-044,public_domain_and_open_licence,An open-source licence permits reuse of this stock photograph; safe development 44.,Normal/Ignore,Normal/Ignore,Allow,False
PUBLIC_DOMAIN_AND_OPEN_LICENCE-045,public_domain_and_open_licence,The copyrighted artwork is public domain and links to the official source; safe development 45.,Normal/Ignore,Normal/Ignore,Allow,False
PUBLIC_DOMAIN_AND_OPEN_LICENCE-046,public_domain_and_open_licence,The creator released this source code under CC0; safe development 46.,Normal/Ignore,Normal/Ignore,Allow,False
PUBLIC_DOMAIN_AND_OPEN_LICENCE-047,public_domain_and_open_licence,A compatible Creative Commons licence permits redistribution of this copyrighted book; safe development 47.,Normal/Ignore,Normal/Ignore,Allow,False
PUBLIC_DOMAIN_AND_OPEN_LICENCE-048,public_domain_and_open_licence,An open-source licence permits reuse of this stock photograph; safe development 48.,Normal/Ignore,Normal/Ignore,Allow,False
PUBLIC_DOMAIN_AND_OPEN_LICENCE-049,public_domain_and_open_licence,The copyrighted artwork is public domain and links to the official source; safe development 49.,Normal/Ignore,Normal/Ignore,Allow,False
PUBLIC_DOMAIN_AND_OPEN_LICENCE-050,public_domain_and_open_licence,The creator released this source code under CC0; safe development 50.,Normal/Ignore,Normal/Ignore,Allow,False
BOUNDED_REPORTING_CRITICISM_AND_ACCESS-001,bounded_reporting_criticism_and_access,A critical review uses a brief clip for review from a copyrighted film and does not substitute for the original; safe development 1.,Normal/Ignore,Normal/Ignore,Allow,False
BOUNDED_REPORTING_CRITICISM_AND_ACCESS-002,bounded_reporting_criticism_and_access,News reporting includes a short attributed excerpt from a copyrighted book and links to the official source; safe development 2.,Normal/Ignore,Normal/Ignore,Allow,False
BOUNDED_REPORTING_CRITICISM_AND_ACCESS-003,bounded_reporting_criticism_and_access,"Teaching uses a small attributed quotation from a copyrighted song, only what is needed for commentary; safe development 3.",Normal/Ignore,Normal/Ignore,Allow,False
BOUNDED_REPORTING_CRITICISM_AND_ACCESS-004,bounded_reporting_criticism_and_access,An accessibility format uses only what is needed for commentary about a copyrighted photograph; safe development 4.,Normal/Ignore,Normal/Ignore,Allow,False
BOUNDED_REPORTING_CRITICISM_AND_ACCESS-005,bounded_reporting_criticism_and_access,A critical review uses a brief clip for review from a copyrighted film and does not substitute for the original; safe development 5.,Normal/Ignore,Normal/Ignore,Allow,False
BOUNDED_REPORTING_CRITICISM_AND_ACCESS-006,bounded_reporting_criticism_and_access,News reporting includes a short attributed excerpt from a copyrighted book and links to the official source; safe development 6.,Normal/Ignore,Normal/Ignore,Allow,False
BOUNDED_REPORTING_CRITICISM_AND_ACCESS-007,bounded_reporting_criticism_and_access,"Teaching uses a small attributed quotation from a copyrighted song, only what is needed for commentary; safe development 7.",Normal/Ignore,Normal/Ignore,Allow,False
BOUNDED_REPORTING_CRITICISM_AND_ACCESS-008,bounded_reporting_criticism_and_access,An accessibility format uses only what is needed for commentary about a copyrighted photograph; safe development 8.,Normal/Ignore,Normal/Ignore,Allow,False
BOUNDED_REPORTING_CRITICISM_AND_ACCESS-009,bounded_reporting_criticism_and_access,A critical review uses a brief clip for review from a copyrighted film and does not substitute for the original; safe development 9.,Normal/Ignore,Normal/Ignore,Allow,False
BOUNDED_REPORTING_CRITICISM_AND_ACCESS-010,bounded_reporting_criticism_and_access,News reporting includes a short attributed excerpt from a copyrighted book and links to the official source; safe development 10.,Normal/Ignore,Normal/Ignore,Allow,False
BOUNDED_REPORTING_CRITICISM_AND_ACCESS-011,bounded_reporting_criticism_and_access,"Teaching uses a small attributed quotation from a copyrighted song, only what is needed for commentary; safe development 11.",Normal/Ignore,Normal/Ignore,Allow,False
BOUNDED_REPORTING_CRITICISM_AND_ACCESS-012,bounded_reporting_criticism_and_access,An accessibility format uses only what is needed for commentary about a copyrighted photograph; safe development 12.,Normal/Ignore,Normal/Ignore,Allow,False
BOUNDED_REPORTING_CRITICISM_AND_ACCESS-013,bounded_reporting_criticism_and_access,A critical review uses a brief clip for review from a copyrighted film and does not substitute for the original; safe development 13.,Normal/Ignore,Normal/Ignore,Allow,False
BOUNDED_REPORTING_CRITICISM_AND_ACCESS-014,bounded_reporting_criticism_and_access,News reporting includes a short attributed excerpt from a copyrighted book and links to the official source; safe development 14.,Normal/Ignore,Normal/Ignore,Allow,False
BOUNDED_REPORTING_CRITICISM_AND_ACCESS-015,bounded_reporting_criticism_and_access,"Teaching uses a small attributed quotation from a copyrighted song, only what is needed for commentary; safe development 15.",Normal/Ignore,Normal/Ignore,Allow,False
BOUNDED_REPORTING_CRITICISM_AND_ACCESS-016,bounded_reporting_criticism_and_access,An accessibility format uses only what is needed for commentary about a copyrighted photograph; safe development 16.,Normal/Ignore,Normal/Ignore,Allow,False
BOUNDED_REPORTING_CRITICISM_AND_ACCESS-017,bounded_reporting_criticism_and_access,A critical review uses a brief clip for review from a copyrighted film and does not substitute for the original; safe development 17.,Normal/Ignore,Normal/Ignore,Allow,False
BOUNDED_REPORTING_CRITICISM_AND_ACCESS-018,bounded_reporting_criticism_and_access,News reporting includes a short attributed excerpt from a copyrighted book and links to the official source; safe development 18.,Normal/Ignore,Normal/Ignore,Allow,False
BOUNDED_REPORTING_CRITICISM_AND_ACCESS-019,bounded_reporting_criticism_and_access,"Teaching uses a small attributed quotation from a copyrighted song, only what is needed for commentary; safe development 19.",Normal/Ignore,Normal/Ignore,Allow,False
BOUNDED_REPORTING_CRITICISM_AND_ACCESS-020,bounded_reporting_criticism_and_access,An accessibility format uses only what is needed for commentary about a copyrighted photograph; safe development 20.,Normal/Ignore,Normal/Ignore,Allow,False
BOUNDED_REPORTING_CRITICISM_AND_ACCESS-021,bounded_reporting_criticism_and_access,A critical review uses a brief clip for review from a copyrighted film and does not substitute for the original; safe development 21.,Normal/Ignore,Normal/Ignore,Allow,False
BOUNDED_REPORTING_CRITICISM_AND_ACCESS-022,bounded_reporting_criticism_and_access,News reporting includes a short attributed excerpt from a copyrighted book and links to the official source; safe development 22.,Normal/Ignore,Normal/Ignore,Allow,False
BOUNDED_REPORTING_CRITICISM_AND_ACCESS-023,bounded_reporting_criticism_and_access,"Teaching uses a small attributed quotation from a copyrighted song, only what is needed for commentary; safe development 23.",Normal/Ignore,Normal/Ignore,Allow,False
BOUNDED_REPORTING_CRITICISM_AND_ACCESS-024,bounded_reporting_criticism_and_access,An accessibility format uses only what is needed for commentary about a copyrighted photograph; safe development 24.,Normal/Ignore,Normal/Ignore,Allow,False
BOUNDED_REPORTING_CRITICISM_AND_ACCESS-025,bounded_reporting_criticism_and_access,A critical review uses a brief clip for review from a copyrighted film and does not substitute for the original; safe development 25.,Normal/Ignore,Normal/Ignore,Allow,False
BOUNDED_REPORTING_CRITICISM_AND_ACCESS-026,bounded_reporting_criticism_and_access,News reporting includes a short attributed excerpt from a copyrighted book and links to the official source; safe development 26.,Normal/Ignore,Normal/Ignore,Allow,False
BOUNDED_REPORTING_CRITICISM_AND_ACCESS-027,bounded_reporting_criticism_and_access,"Teaching uses a small attributed quotation from a copyrighted song, only what is needed for commentary; safe development 27.",Normal/Ignore,Normal/Ignore,Allow,False
BOUNDED_REPORTING_CRITICISM_AND_ACCESS-028,bounded_reporting_criticism_and_access,An accessibility format uses only what is needed for commentary about a copyrighted photograph; safe development 28.,Normal/Ignore,Normal/Ignore,Allow,False
BOUNDED_REPORTING_CRITICISM_AND_ACCESS-029,bounded_reporting_criticism_and_access,A critical review uses a brief clip for review from a copyrighted film and does not substitute for the original; safe development 29.,Normal/Ignore,Normal/Ignore,Allow,False
BOUNDED_REPORTING_CRITICISM_AND_ACCESS-030,bounded_reporting_criticism_and_access,News reporting includes a short attributed excerpt from a copyrighted book and links to the official source; safe development 30.,Normal/Ignore,Normal/Ignore,Allow,False
BOUNDED_REPORTING_CRITICISM_AND_ACCESS-031,bounded_reporting_criticism_and_access,"Teaching uses a small attributed quotation from a copyrighted song, only what is needed for commentary; safe development 31.",Normal/Ignore,Normal/Ignore,Allow,False
BOUNDED_REPORTING_CRITICISM_AND_ACCESS-032,bounded_reporting_criticism_and_access,An accessibility format uses only what is needed for commentary about a copyrighted photograph; safe development 32.,Normal/Ignore,Normal/Ignore,Allow,False
BOUNDED_REPORTING_CRITICISM_AND_ACCESS-033,bounded_reporting_criticism_and_access,A critical review uses a brief clip for review from a copyrighted film and does not substitute for the original; safe development 33.,Normal/Ignore,Normal/Ignore,Allow,False
BOUNDED_REPORTING_CRITICISM_AND_ACCESS-034,bounded_reporting_criticism_and_access,News reporting includes a short attributed excerpt from a copyrighted book and links to the official source; safe development 34.,Normal/Ignore,Normal/Ignore,Allow,False
BOUNDED_REPORTING_CRITICISM_AND_ACCESS-035,bounded_reporting_criticism_and_access,"Teaching uses a small attributed quotation from a copyrighted song, only what is needed for commentary; safe development 35.",Normal/Ignore,Normal/Ignore,Allow,False
BOUNDED_REPORTING_CRITICISM_AND_ACCESS-036,bounded_reporting_criticism_and_access,An accessibility format uses only what is needed for commentary about a copyrighted photograph; safe development 36.,Normal/Ignore,Normal/Ignore,Allow,False
BOUNDED_REPORTING_CRITICISM_AND_ACCESS-037,bounded_reporting_criticism_and_access,A critical review uses a brief clip for review from a copyrighted film and does not substitute for the original; safe development 37.,Normal/Ignore,Normal/Ignore,Allow,False
BOUNDED_REPORTING_CRITICISM_AND_ACCESS-038,bounded_reporting_criticism_and_access,News reporting includes a short attributed excerpt from a copyrighted book and links to the official source; safe development 38.,Normal/Ignore,Normal/Ignore,Allow,False
BOUNDED_REPORTING_CRITICISM_AND_ACCESS-039,bounded_reporting_criticism_and_access,"Teaching uses a small attributed quotation from a copyrighted song, only what is needed for commentary; safe development 39.",Normal/Ignore,Normal/Ignore,Allow,False
BOUNDED_REPORTING_CRITICISM_AND_ACCESS-040,bounded_reporting_criticism_and_access,An accessibility format uses only what is needed for commentary about a copyrighted photograph; safe development 40.,Normal/Ignore,Normal/Ignore,Allow,False
BOUNDED_REPORTING_CRITICISM_AND_ACCESS-041,bounded_reporting_criticism_and_access,A critical review uses a brief clip for review from a copyrighted film and does not substitute for the original; safe development 41.,Normal/Ignore,Normal/Ignore,Allow,False
BOUNDED_REPORTING_CRITICISM_AND_ACCESS-042,bounded_reporting_criticism_and_access,News reporting includes a short attributed excerpt from a copyrighted book and links to the official source; safe development 42.,Normal/Ignore,Normal/Ignore,Allow,False
BOUNDED_REPORTING_CRITICISM_AND_ACCESS-043,bounded_reporting_criticism_and_access,"Teaching uses a small attributed quotation from a copyrighted song, only what is needed for commentary; safe development 43.",Normal/Ignore,Normal/Ignore,Allow,False
BOUNDED_REPORTING_CRITICISM_AND_ACCESS-044,bounded_reporting_criticism_and_access,An accessibility format uses only what is needed for commentary about a copyrighted photograph; safe development 44.,Normal/Ignore,Normal/Ignore,Allow,False
BOUNDED_REPORTING_CRITICISM_AND_ACCESS-045,bounded_reporting_criticism_and_access,A critical review uses a brief clip for review from a copyrighted film and does not substitute for the original; safe development 45.,Normal/Ignore,Normal/Ignore,Allow,False
BOUNDED_REPORTING_CRITICISM_AND_ACCESS-046,bounded_reporting_criticism_and_access,News reporting includes a short attributed excerpt from a copyrighted book and links to the official source; safe development 46.,Normal/Ignore,Normal/Ignore,Allow,False
BOUNDED_REPORTING_CRITICISM_AND_ACCESS-047,bounded_reporting_criticism_and_access,"Teaching uses a small attributed quotation from a copyrighted song, only what is needed for commentary; safe development 47.",Normal/Ignore,Normal/Ignore,Allow,False
BOUNDED_REPORTING_CRITICISM_AND_ACCESS-048,bounded_reporting_criticism_and_access,An accessibility format uses only what is needed for commentary about a copyrighted photograph; safe development 48.,Normal/Ignore,Normal/Ignore,Allow,False
BOUNDED_REPORTING_CRITICISM_AND_ACCESS-049,bounded_reporting_criticism_and_access,A critical review uses a brief clip for review from a copyrighted film and does not substitute for the original; safe development 49.,Normal/Ignore,Normal/Ignore,Allow,False
BOUNDED_REPORTING_CRITICISM_AND_ACCESS-050,bounded_reporting_criticism_and_access,News reporting includes a short attributed excerpt from a copyrighted book and links to the official source; safe development 50.,Normal/Ignore,Normal/Ignore,Allow,False
WEAK_SIMILARITY_CLAIM_AND_METADATA-001,weak_similarity_claim_and_metadata,"A self-reported owner points to same title, but no copying or distribution act is described; weak development 1.",Normal/Ignore,Normal/Ignore,Allow,False
WEAK_SIMILARITY_CLAIM_AND_METADATA-002,weak_similarity_claim_and_metadata,A post alleges infringement because it contains a logo; no protected item or unauthorized act is established; weak development 2.,Normal/Ignore,Normal/Ignore,Allow,False
WEAK_SIMILARITY_CLAIM_AND_METADATA-003,weak_similarity_claim_and_metadata,Two works have a similar visual style; this is only a similarity claim; weak development 3.,Normal/Ignore,Normal/Ignore,Allow,False
WEAK_SIMILARITY_CLAIM_AND_METADATA-004,weak_similarity_claim_and_metadata,A page has a copyright notice and shows a watermark; no active rights-impacting conduct is described; weak development 4.,Normal/Ignore,Normal/Ignore,Allow,False
WEAK_SIMILARITY_CLAIM_AND_METADATA-005,weak_similarity_claim_and_metadata,"A self-reported owner points to same title, but no copying or distribution act is described; weak development 5.",Normal/Ignore,Normal/Ignore,Allow,False
WEAK_SIMILARITY_CLAIM_AND_METADATA-006,weak_similarity_claim_and_metadata,A post alleges infringement because it contains a logo; no protected item or unauthorized act is established; weak development 6.,Normal/Ignore,Normal/Ignore,Allow,False
WEAK_SIMILARITY_CLAIM_AND_METADATA-007,weak_similarity_claim_and_metadata,Two works have a similar visual style; this is only a similarity claim; weak development 7.,Normal/Ignore,Normal/Ignore,Allow,False
WEAK_SIMILARITY_CLAIM_AND_METADATA-008,weak_similarity_claim_and_metadata,A page has a copyright notice and shows a watermark; no active rights-impacting conduct is described; weak development 8.,Normal/Ignore,Normal/Ignore,Allow,False
WEAK_SIMILARITY_CLAIM_AND_METADATA-009,weak_similarity_claim_and_metadata,"A self-reported owner points to same title, but no copying or distribution act is described; weak development 9.",Normal/Ignore,Normal/Ignore,Allow,False
WEAK_SIMILARITY_CLAIM_AND_METADATA-010,weak_similarity_claim_and_metadata,A post alleges infringement because it contains a logo; no protected item or unauthorized act is established; weak development 10.,Normal/Ignore,Normal/Ignore,Allow,False
WEAK_SIMILARITY_CLAIM_AND_METADATA-011,weak_similarity_claim_and_metadata,Two works have a similar visual style; this is only a similarity claim; weak development 11.,Normal/Ignore,Normal/Ignore,Allow,False
WEAK_SIMILARITY_CLAIM_AND_METADATA-012,weak_similarity_claim_and_metadata,A page has a copyright notice and shows a watermark; no active rights-impacting conduct is described; weak development 12.,Normal/Ignore,Normal/Ignore,Allow,False
WEAK_SIMILARITY_CLAIM_AND_METADATA-013,weak_similarity_claim_and_metadata,"A self-reported owner points to same title, but no copying or distribution act is described; weak development 13.",Normal/Ignore,Normal/Ignore,Allow,False
WEAK_SIMILARITY_CLAIM_AND_METADATA-014,weak_similarity_claim_and_metadata,A post alleges infringement because it contains a logo; no protected item or unauthorized act is established; weak development 14.,Normal/Ignore,Normal/Ignore,Allow,False
WEAK_SIMILARITY_CLAIM_AND_METADATA-015,weak_similarity_claim_and_metadata,Two works have a similar visual style; this is only a similarity claim; weak development 15.,Normal/Ignore,Normal/Ignore,Allow,False
WEAK_SIMILARITY_CLAIM_AND_METADATA-016,weak_similarity_claim_and_metadata,A page has a copyright notice and shows a watermark; no active rights-impacting conduct is described; weak development 16.,Normal/Ignore,Normal/Ignore,Allow,False
WEAK_SIMILARITY_CLAIM_AND_METADATA-017,weak_similarity_claim_and_metadata,"A self-reported owner points to same title, but no copying or distribution act is described; weak development 17.",Normal/Ignore,Normal/Ignore,Allow,False
WEAK_SIMILARITY_CLAIM_AND_METADATA-018,weak_similarity_claim_and_metadata,A post alleges infringement because it contains a logo; no protected item or unauthorized act is established; weak development 18.,Normal/Ignore,Normal/Ignore,Allow,False
WEAK_SIMILARITY_CLAIM_AND_METADATA-019,weak_similarity_claim_and_metadata,Two works have a similar visual style; this is only a similarity claim; weak development 19.,Normal/Ignore,Normal/Ignore,Allow,False
WEAK_SIMILARITY_CLAIM_AND_METADATA-020,weak_similarity_claim_and_metadata,A page has a copyright notice and shows a watermark; no active rights-impacting conduct is described; weak development 20.,Normal/Ignore,Normal/Ignore,Allow,False
WEAK_SIMILARITY_CLAIM_AND_METADATA-021,weak_similarity_claim_and_metadata,"A self-reported owner points to same title, but no copying or distribution act is described; weak development 21.",Normal/Ignore,Normal/Ignore,Allow,False
WEAK_SIMILARITY_CLAIM_AND_METADATA-022,weak_similarity_claim_and_metadata,A post alleges infringement because it contains a logo; no protected item or unauthorized act is established; weak development 22.,Normal/Ignore,Normal/Ignore,Allow,False
WEAK_SIMILARITY_CLAIM_AND_METADATA-023,weak_similarity_claim_and_metadata,Two works have a similar visual style; this is only a similarity claim; weak development 23.,Normal/Ignore,Normal/Ignore,Allow,False
WEAK_SIMILARITY_CLAIM_AND_METADATA-024,weak_similarity_claim_and_metadata,A page has a copyright notice and shows a watermark; no active rights-impacting conduct is described; weak development 24.,Normal/Ignore,Normal/Ignore,Allow,False
WEAK_SIMILARITY_CLAIM_AND_METADATA-025,weak_similarity_claim_and_metadata,"A self-reported owner points to same title, but no copying or distribution act is described; weak development 25.",Normal/Ignore,Normal/Ignore,Allow,False
WEAK_SIMILARITY_CLAIM_AND_METADATA-026,weak_similarity_claim_and_metadata,A post alleges infringement because it contains a logo; no protected item or unauthorized act is established; weak development 26.,Normal/Ignore,Normal/Ignore,Allow,False
WEAK_SIMILARITY_CLAIM_AND_METADATA-027,weak_similarity_claim_and_metadata,Two works have a similar visual style; this is only a similarity claim; weak development 27.,Normal/Ignore,Normal/Ignore,Allow,False
WEAK_SIMILARITY_CLAIM_AND_METADATA-028,weak_similarity_claim_and_metadata,A page has a copyright notice and shows a watermark; no active rights-impacting conduct is described; weak development 28.,Normal/Ignore,Normal/Ignore,Allow,False
WEAK_SIMILARITY_CLAIM_AND_METADATA-029,weak_similarity_claim_and_metadata,"A self-reported owner points to same title, but no copying or distribution act is described; weak development 29.",Normal/Ignore,Normal/Ignore,Allow,False
WEAK_SIMILARITY_CLAIM_AND_METADATA-030,weak_similarity_claim_and_metadata,A post alleges infringement because it contains a logo; no protected item or unauthorized act is established; weak development 30.,Normal/Ignore,Normal/Ignore,Allow,False
WEAK_SIMILARITY_CLAIM_AND_METADATA-031,weak_similarity_claim_and_metadata,Two works have a similar visual style; this is only a similarity claim; weak development 31.,Normal/Ignore,Normal/Ignore,Allow,False
WEAK_SIMILARITY_CLAIM_AND_METADATA-032,weak_similarity_claim_and_metadata,A page has a copyright notice and shows a watermark; no active rights-impacting conduct is described; weak development 32.,Normal/Ignore,Normal/Ignore,Allow,False
WEAK_SIMILARITY_CLAIM_AND_METADATA-033,weak_similarity_claim_and_metadata,"A self-reported owner points to same title, but no copying or distribution act is described; weak development 33.",Normal/Ignore,Normal/Ignore,Allow,False
WEAK_SIMILARITY_CLAIM_AND_METADATA-034,weak_similarity_claim_and_metadata,A post alleges infringement because it contains a logo; no protected item or unauthorized act is established; weak development 34.,Normal/Ignore,Normal/Ignore,Allow,False
WEAK_SIMILARITY_CLAIM_AND_METADATA-035,weak_similarity_claim_and_metadata,Two works have a similar visual style; this is only a similarity claim; weak development 35.,Normal/Ignore,Normal/Ignore,Allow,False
WEAK_SIMILARITY_CLAIM_AND_METADATA-036,weak_similarity_claim_and_metadata,A page has a copyright notice and shows a watermark; no active rights-impacting conduct is described; weak development 36.,Normal/Ignore,Normal/Ignore,Allow,False
WEAK_SIMILARITY_CLAIM_AND_METADATA-037,weak_similarity_claim_and_metadata,"A self-reported owner points to same title, but no copying or distribution act is described; weak development 37.",Normal/Ignore,Normal/Ignore,Allow,False
WEAK_SIMILARITY_CLAIM_AND_METADATA-038,weak_similarity_claim_and_metadata,A post alleges infringement because it contains a logo; no protected item or unauthorized act is established; weak development 38.,Normal/Ignore,Normal/Ignore,Allow,False
WEAK_SIMILARITY_CLAIM_AND_METADATA-039,weak_similarity_claim_and_metadata,Two works have a similar visual style; this is only a similarity claim; weak development 39.,Normal/Ignore,Normal/Ignore,Allow,False
WEAK_SIMILARITY_CLAIM_AND_METADATA-040,weak_similarity_claim_and_metadata,A page has a copyright notice and shows a watermark; no active rights-impacting conduct is described; weak development 40.,Normal/Ignore,Normal/Ignore,Allow,False
WEAK_SIMILARITY_CLAIM_AND_METADATA-041,weak_similarity_claim_and_metadata,"A self-reported owner points to same title, but no copying or distribution act is described; weak development 41.",Normal/Ignore,Normal/Ignore,Allow,False
WEAK_SIMILARITY_CLAIM_AND_METADATA-042,weak_similarity_claim_and_metadata,A post alleges infringement because it contains a logo; no protected item or unauthorized act is established; weak development 42.,Normal/Ignore,Normal/Ignore,Allow,False
WEAK_SIMILARITY_CLAIM_AND_METADATA-043,weak_similarity_claim_and_metadata,Two works have a similar visual style; this is only a similarity claim; weak development 43.,Normal/Ignore,Normal/Ignore,Allow,False
WEAK_SIMILARITY_CLAIM_AND_METADATA-044,weak_similarity_claim_and_metadata,A page has a copyright notice and shows a watermark; no active rights-impacting conduct is described; weak development 44.,Normal/Ignore,Normal/Ignore,Allow,False
WEAK_SIMILARITY_CLAIM_AND_METADATA-045,weak_similarity_claim_and_metadata,"A self-reported owner points to same title, but no copying or distribution act is described; weak development 45.",Normal/Ignore,Normal/Ignore,Allow,False
WEAK_SIMILARITY_CLAIM_AND_METADATA-046,weak_similarity_claim_and_metadata,A post alleges infringement because it contains a logo; no protected item or unauthorized act is established; weak development 46.,Normal/Ignore,Normal/Ignore,Allow,False
WEAK_SIMILARITY_CLAIM_AND_METADATA-047,weak_similarity_claim_and_metadata,Two works have a similar visual style; this is only a similarity claim; weak development 47.,Normal/Ignore,Normal/Ignore,Allow,False
WEAK_SIMILARITY_CLAIM_AND_METADATA-048,weak_similarity_claim_and_metadata,A page has a copyright notice and shows a watermark; no active rights-impacting conduct is described; weak development 48.,Normal/Ignore,Normal/Ignore,Allow,False
WEAK_SIMILARITY_CLAIM_AND_METADATA-049,weak_similarity_claim_and_metadata,"A self-reported owner points to same title, but no copying or distribution act is described; weak development 49.",Normal/Ignore,Normal/Ignore,Allow,False
WEAK_SIMILARITY_CLAIM_AND_METADATA-050,weak_similarity_claim_and_metadata,A post alleges infringement because it contains a logo; no protected item or unauthorized act is established; weak development 50.,Normal/Ignore,Normal/Ignore,Allow,False
ORDINARY_IP_INFORMATION-001,ordinary_ip_information,A help page explains the copyright registration guide; ordinary development 1.,Normal/Ignore,Normal/Ignore,Allow,False
ORDINARY_IP_INFORMATION-002,ordinary_ip_information,This is routine documentation about a trademark application guide; ordinary development 2.,Normal/Ignore,Normal/Ignore,Allow,False
ORDINARY_IP_INFORMATION-003,ordinary_ip_information,A student reads a licence settings; ordinary development 3.,Normal/Ignore,Normal/Ignore,Allow,False
ORDINARY_IP_INFORMATION-004,ordinary_ip_information,The official website publishes its brand style guide; ordinary development 4.,Normal/Ignore,Normal/Ignore,Allow,False
ORDINARY_IP_INFORMATION-005,ordinary_ip_information,A help page explains the copyright registration guide; ordinary development 5.,Normal/Ignore,Normal/Ignore,Allow,False
ORDINARY_IP_INFORMATION-006,ordinary_ip_information,This is routine documentation about a trademark application guide; ordinary development 6.,Normal/Ignore,Normal/Ignore,Allow,False
ORDINARY_IP_INFORMATION-007,ordinary_ip_information,A student reads a licence settings; ordinary development 7.,Normal/Ignore,Normal/Ignore,Allow,False
ORDINARY_IP_INFORMATION-008,ordinary_ip_information,The official website publishes its brand style guide; ordinary development 8.,Normal/Ignore,Normal/Ignore,Allow,False
ORDINARY_IP_INFORMATION-009,ordinary_ip_information,A help page explains the copyright registration guide; ordinary development 9.,Normal/Ignore,Normal/Ignore,Allow,False
ORDINARY_IP_INFORMATION-010,ordinary_ip_information,This is routine documentation about a trademark application guide; ordinary development 10.,Normal/Ignore,Normal/Ignore,Allow,False
ORDINARY_IP_INFORMATION-011,ordinary_ip_information,A student reads a licence settings; ordinary development 11.,Normal/Ignore,Normal/Ignore,Allow,False
ORDINARY_IP_INFORMATION-012,ordinary_ip_information,The official website publishes its brand style guide; ordinary development 12.,Normal/Ignore,Normal/Ignore,Allow,False
ORDINARY_IP_INFORMATION-013,ordinary_ip_information,A help page explains the copyright registration guide; ordinary development 13.,Normal/Ignore,Normal/Ignore,Allow,False
ORDINARY_IP_INFORMATION-014,ordinary_ip_information,This is routine documentation about a trademark application guide; ordinary development 14.,Normal/Ignore,Normal/Ignore,Allow,False
ORDINARY_IP_INFORMATION-015,ordinary_ip_information,A student reads a licence settings; ordinary development 15.,Normal/Ignore,Normal/Ignore,Allow,False
ORDINARY_IP_INFORMATION-016,ordinary_ip_information,The official website publishes its brand style guide; ordinary development 16.,Normal/Ignore,Normal/Ignore,Allow,False
ORDINARY_IP_INFORMATION-017,ordinary_ip_information,A help page explains the copyright registration guide; ordinary development 17.,Normal/Ignore,Normal/Ignore,Allow,False
ORDINARY_IP_INFORMATION-018,ordinary_ip_information,This is routine documentation about a trademark application guide; ordinary development 18.,Normal/Ignore,Normal/Ignore,Allow,False
ORDINARY_IP_INFORMATION-019,ordinary_ip_information,A student reads a licence settings; ordinary development 19.,Normal/Ignore,Normal/Ignore,Allow,False
ORDINARY_IP_INFORMATION-020,ordinary_ip_information,The official website publishes its brand style guide; ordinary development 20.,Normal/Ignore,Normal/Ignore,Allow,False
ORDINARY_IP_INFORMATION-021,ordinary_ip_information,A help page explains the copyright registration guide; ordinary development 21.,Normal/Ignore,Normal/Ignore,Allow,False
ORDINARY_IP_INFORMATION-022,ordinary_ip_information,This is routine documentation about a trademark application guide; ordinary development 22.,Normal/Ignore,Normal/Ignore,Allow,False
ORDINARY_IP_INFORMATION-023,ordinary_ip_information,A student reads a licence settings; ordinary development 23.,Normal/Ignore,Normal/Ignore,Allow,False
ORDINARY_IP_INFORMATION-024,ordinary_ip_information,The official website publishes its brand style guide; ordinary development 24.,Normal/Ignore,Normal/Ignore,Allow,False
ORDINARY_IP_INFORMATION-025,ordinary_ip_information,A help page explains the copyright registration guide; ordinary development 25.,Normal/Ignore,Normal/Ignore,Allow,False
ORDINARY_IP_INFORMATION-026,ordinary_ip_information,This is routine documentation about a trademark application guide; ordinary development 26.,Normal/Ignore,Normal/Ignore,Allow,False
ORDINARY_IP_INFORMATION-027,ordinary_ip_information,A student reads a licence settings; ordinary development 27.,Normal/Ignore,Normal/Ignore,Allow,False
ORDINARY_IP_INFORMATION-028,ordinary_ip_information,The official website publishes its brand style guide; ordinary development 28.,Normal/Ignore,Normal/Ignore,Allow,False
ORDINARY_IP_INFORMATION-029,ordinary_ip_information,A help page explains the copyright registration guide; ordinary development 29.,Normal/Ignore,Normal/Ignore,Allow,False
ORDINARY_IP_INFORMATION-030,ordinary_ip_information,This is routine documentation about a trademark application guide; ordinary development 30.,Normal/Ignore,Normal/Ignore,Allow,False
ORDINARY_IP_INFORMATION-031,ordinary_ip_information,A student reads a licence settings; ordinary development 31.,Normal/Ignore,Normal/Ignore,Allow,False
ORDINARY_IP_INFORMATION-032,ordinary_ip_information,The official website publishes its brand style guide; ordinary development 32.,Normal/Ignore,Normal/Ignore,Allow,False
ORDINARY_IP_INFORMATION-033,ordinary_ip_information,A help page explains the copyright registration guide; ordinary development 33.,Normal/Ignore,Normal/Ignore,Allow,False
ORDINARY_IP_INFORMATION-034,ordinary_ip_information,This is routine documentation about a trademark application guide; ordinary development 34.,Normal/Ignore,Normal/Ignore,Allow,False
ORDINARY_IP_INFORMATION-035,ordinary_ip_information,A student reads a licence settings; ordinary development 35.,Normal/Ignore,Normal/Ignore,Allow,False
ORDINARY_IP_INFORMATION-036,ordinary_ip_information,The official website publishes its brand style guide; ordinary development 36.,Normal/Ignore,Normal/Ignore,Allow,False
ORDINARY_IP_INFORMATION-037,ordinary_ip_information,A help page explains the copyright registration guide; ordinary development 37.,Normal/Ignore,Normal/Ignore,Allow,False
ORDINARY_IP_INFORMATION-038,ordinary_ip_information,This is routine documentation about a trademark application guide; ordinary development 38.,Normal/Ignore,Normal/Ignore,Allow,False
ORDINARY_IP_INFORMATION-039,ordinary_ip_information,A student reads a licence settings; ordinary development 39.,Normal/Ignore,Normal/Ignore,Allow,False
ORDINARY_IP_INFORMATION-040,ordinary_ip_information,The official website publishes its brand style guide; ordinary development 40.,Normal/Ignore,Normal/Ignore,Allow,False
ORDINARY_IP_INFORMATION-041,ordinary_ip_information,A help page explains the copyright registration guide; ordinary development 41.,Normal/Ignore,Normal/Ignore,Allow,False
ORDINARY_IP_INFORMATION-042,ordinary_ip_information,This is routine documentation about a trademark application guide; ordinary development 42.,Normal/Ignore,Normal/Ignore,Allow,False
ORDINARY_IP_INFORMATION-043,ordinary_ip_information,A student reads a licence settings; ordinary development 43.,Normal/Ignore,Normal/Ignore,Allow,False
ORDINARY_IP_INFORMATION-044,ordinary_ip_information,The official website publishes its brand style guide; ordinary development 44.,Normal/Ignore,Normal/Ignore,Allow,False
ORDINARY_IP_INFORMATION-045,ordinary_ip_information,A help page explains the copyright registration guide; ordinary development 45.,Normal/Ignore,Normal/Ignore,Allow,False
ORDINARY_IP_INFORMATION-046,ordinary_ip_information,This is routine documentation about a trademark application guide; ordinary development 46.,Normal/Ignore,Normal/Ignore,Allow,False
ORDINARY_IP_INFORMATION-047,ordinary_ip_information,A student reads a licence settings; ordinary development 47.,Normal/Ignore,Normal/Ignore,Allow,False
ORDINARY_IP_INFORMATION-048,ordinary_ip_information,The official website publishes its brand style guide; ordinary development 48.,Normal/Ignore,Normal/Ignore,Allow,False
ORDINARY_IP_INFORMATION-049,ordinary_ip_information,A help page explains the copyright registration guide; ordinary development 49.,Normal/Ignore,Normal/Ignore,Allow,False
ORDINARY_IP_INFORMATION-050,ordinary_ip_information,This is routine documentation about a trademark application guide; ordinary development 50.,Normal/Ignore,Normal/Ignore,Allow,False
ESTABLISHED_OWNER-001,established_category_owner_isolation,"This account uploads the full copyrighted film without permission, but an existing Child Exploitation owner controls this record; development owner 1.",Child Exploitation,Child Exploitation,Block and immediately escalate,True
ESTABLISHED_OWNER-002,established_category_owner_isolation,"This account uploads the full copyrighted film without permission, but an existing Malicious Programs owner controls this record; development owner 2.",Malicious Programs,Malicious Programs,"Block, quarantine, and escalate",True
ESTABLISHED_OWNER-003,established_category_owner_isolation,"This account uploads the full copyrighted film without permission, but an existing Illegal Activities owner controls this record; development owner 3.",Illegal Activities,Illegal Activities,Block or restrict and escalate,True
ESTABLISHED_OWNER-004,established_category_owner_isolation,"This account uploads the full copyrighted film without permission, but an existing Spam, Scam & Phishing owner controls this record; development owner 4.","Spam, Scam & Phishing","Spam, Scam & Phishing","Block, warn, or limit distribution",True
ESTABLISHED_OWNER-005,established_category_owner_isolation,"This account uploads the full copyrighted film without permission, but an existing Publishing Private Information owner controls this record; development owner 5.",Publishing Private Information,Publishing Private Information,Refer to human review,True
ESTABLISHED_OWNER-006,established_category_owner_isolation,"This account uploads the full copyrighted film without permission, but an existing Child Exploitation owner controls this record; development owner 6.",Child Exploitation,Child Exploitation,Block and immediately escalate,True
ESTABLISHED_OWNER-007,established_category_owner_isolation,"This account uploads the full copyrighted film without permission, but an existing Malicious Programs owner controls this record; development owner 7.",Malicious Programs,Malicious Programs,"Block, quarantine, and escalate",True
ESTABLISHED_OWNER-008,established_category_owner_isolation,"This account uploads the full copyrighted film without permission, but an existing Illegal Activities owner controls this record; development owner 8.",Illegal Activities,Illegal Activities,Block or restrict and escalate,True
ESTABLISHED_OWNER-009,established_category_owner_isolation,"This account uploads the full copyrighted film without permission, but an existing Spam, Scam & Phishing owner controls this record; development owner 9.","Spam, Scam & Phishing","Spam, Scam & Phishing","Block, warn, or limit distribution",True
ESTABLISHED_OWNER-010,established_category_owner_isolation,"This account uploads the full copyrighted film without permission, but an existing Publishing Private Information owner controls this record; development owner 10.",Publishing Private Information,Publishing Private Information,Refer to human review,True
ESTABLISHED_OWNER-011,established_category_owner_isolation,"This account uploads the full copyrighted film without permission, but an existing Child Exploitation owner controls this record; development owner 11.",Child Exploitation,Child Exploitation,Block and immediately escalate,True
ESTABLISHED_OWNER-012,established_category_owner_isolation,"This account uploads the full copyrighted film without permission, but an existing Malicious Programs owner controls this record; development owner 12.",Malicious Programs,Malicious Programs,"Block, quarantine, and escalate",True
ESTABLISHED_OWNER-013,established_category_owner_isolation,"This account uploads the full copyrighted film without permission, but an existing Illegal Activities owner controls this record; development owner 13.",Illegal Activities,Illegal Activities,Block or restrict and escalate,True
ESTABLISHED_OWNER-014,established_category_owner_isolation,"This account uploads the full copyrighted film without permission, but an existing Spam, Scam & Phishing owner controls this record; development owner 14.","Spam, Scam & Phishing","Spam, Scam & Phishing","Block, warn, or limit distribution",True
ESTABLISHED_OWNER-015,established_category_owner_isolation,"This account uploads the full copyrighted film without permission, but an existing Publishing Private Information owner controls this record; development owner 15.",Publishing Private Information,Publishing Private Information,Refer to human review,True
ESTABLISHED_OWNER-016,established_category_owner_isolation,"This account uploads the full copyrighted film without permission, but an existing Child Exploitation owner controls this record; development owner 16.",Child Exploitation,Child Exploitation,Block and immediately escalate,True
ESTABLISHED_OWNER-017,established_category_owner_isolation,"This account uploads the full copyrighted film without permission, but an existing Malicious Programs owner controls this record; development owner 17.",Malicious Programs,Malicious Programs,"Block, quarantine, and escalate",True
ESTABLISHED_OWNER-018,established_category_owner_isolation,"This account uploads the full copyrighted film without permission, but an existing Illegal Activities owner controls this record; development owner 18.",Illegal Activities,Illegal Activities,Block or restrict and escalate,True
ESTABLISHED_OWNER-019,established_category_owner_isolation,"This account uploads the full copyrighted film without permission, but an existing Spam, Scam & Phishing owner controls this record; development owner 19.","Spam, Scam & Phishing","Spam, Scam & Phishing","Block, warn, or limit distribution",True
ESTABLISHED_OWNER-020,established_category_owner_isolation,"This account uploads the full copyrighted film without permission, but an existing Publishing Private Information owner controls this record; development owner 20.",Publishing Private Information,Publishing Private Information,Refer to human review,True
ESTABLISHED_OWNER-021,established_category_owner_isolation,"This account uploads the full copyrighted film without permission, but an existing Child Exploitation owner controls this record; development owner 21.",Child Exploitation,Child Exploitation,Block and immediately escalate,True
ESTABLISHED_OWNER-022,established_category_owner_isolation,"This account uploads the full copyrighted film without permission, but an existing Malicious Programs owner controls this record; development owner 22.",Malicious Programs,Malicious Programs,"Block, quarantine, and escalate",True
ESTABLISHED_OWNER-023,established_category_owner_isolation,"This account uploads the full copyrighted film without permission, but an existing Illegal Activities owner controls this record; development owner 23.",Illegal Activities,Illegal Activities,Block or restrict and escalate,True
ESTABLISHED_OWNER-024,established_category_owner_isolation,"This account uploads the full copyrighted film without permission, but an existing Spam, Scam & Phishing owner controls this record; development owner 24.","Spam, Scam & Phishing","Spam, Scam & Phishing","Block, warn, or limit distribution",True
ESTABLISHED_OWNER-025,established_category_owner_isolation,"This account uploads the full copyrighted film without permission, but an existing Publishing Private Information owner controls this record; development owner 25.",Publishing Private Information,Publishing Private Information,Refer to human review,True
ESTABLISHED_OWNER-026,established_category_owner_isolation,"This account uploads the full copyrighted film without permission, but an existing Child Exploitation owner controls this record; development owner 26.",Child Exploitation,Child Exploitation,Block and immediately escalate,True
ESTABLISHED_OWNER-027,established_category_owner_isolation,"This account uploads the full copyrighted film without permission, but an existing Malicious Programs owner controls this record; development owner 27.",Malicious Programs,Malicious Programs,"Block, quarantine, and escalate",True
ESTABLISHED_OWNER-028,established_category_owner_isolation,"This account uploads the full copyrighted film without permission, but an existing Illegal Activities owner controls this record; development owner 28.",Illegal Activities,Illegal Activities,Block or restrict and escalate,True
ESTABLISHED_OWNER-029,established_category_owner_isolation,"This account uploads the full copyrighted film without permission, but an existing Spam, Scam & Phishing owner controls this record; development owner 29.","Spam, Scam & Phishing","Spam, Scam & Phishing","Block, warn, or limit distribution",True
ESTABLISHED_OWNER-030,established_category_owner_isolation,"This account uploads the full copyrighted film without permission, but an existing Publishing Private Information owner controls this record; development owner 30.",Publishing Private Information,Publishing Private Information,Refer to human review,True
ESTABLISHED_OWNER-031,established_category_owner_isolation,"This account uploads the full copyrighted film without permission, but an existing Child Exploitation owner controls this record; development owner 31.",Child Exploitation,Child Exploitation,Block and immediately escalate,True
ESTABLISHED_OWNER-032,established_category_owner_isolation,"This account uploads the full copyrighted film without permission, but an existing Malicious Programs owner controls this record; development owner 32.",Malicious Programs,Malicious Programs,"Block, quarantine, and escalate",True
ESTABLISHED_OWNER-033,established_category_owner_isolation,"This account uploads the full copyrighted film without permission, but an existing Illegal Activities owner controls this record; development owner 33.",Illegal Activities,Illegal Activities,Block or restrict and escalate,True
ESTABLISHED_OWNER-034,established_category_owner_isolation,"This account uploads the full copyrighted film without permission, but an existing Spam, Scam & Phishing owner controls this record; development owner 34.","Spam, Scam & Phishing","Spam, Scam & Phishing","Block, warn, or limit distribution",True
ESTABLISHED_OWNER-035,established_category_owner_isolation,"This account uploads the full copyrighted film without permission, but an existing Publishing Private Information owner controls this record; development owner 35.",Publishing Private Information,Publishing Private Information,Refer to human review,True
ESTABLISHED_OWNER-036,established_category_owner_isolation,"This account uploads the full copyrighted film without permission, but an existing Child Exploitation owner controls this record; development owner 36.",Child Exploitation,Child Exploitation,Block and immediately escalate,True
ESTABLISHED_OWNER-037,established_category_owner_isolation,"This account uploads the full copyrighted film without permission, but an existing Malicious Programs owner controls this record; development owner 37.",Malicious Programs,Malicious Programs,"Block, quarantine, and escalate",True
ESTABLISHED_OWNER-038,established_category_owner_isolation,"This account uploads the full copyrighted film without permission, but an existing Illegal Activities owner controls this record; development owner 38.",Illegal Activities,Illegal Activities,Block or restrict and escalate,True
ESTABLISHED_OWNER-039,established_category_owner_isolation,"This account uploads the full copyrighted film without permission, but an existing Spam, Scam & Phishing owner controls this record; development owner 39.","Spam, Scam & Phishing","Spam, Scam & Phishing","Block, warn, or limit distribution",True
ESTABLISHED_OWNER-040,established_category_owner_isolation,"This account uploads the full copyrighted film without permission, but an existing Publishing Private Information owner controls this record; development owner 40.",Publishing Private Information,Publishing Private Information,Refer to human review,True
ESTABLISHED_OWNER-041,established_category_owner_isolation,"This account uploads the full copyrighted film without permission, but an existing Child Exploitation owner controls this record; development owner 41.",Child Exploitation,Child Exploitation,Block and immediately escalate,True
ESTABLISHED_OWNER-042,established_category_owner_isolation,"This account uploads the full copyrighted film without permission, but an existing Malicious Programs owner controls this record; development owner 42.",Malicious Programs,Malicious Programs,"Block, quarantine, and escalate",True
ESTABLISHED_OWNER-043,established_category_owner_isolation,"This account uploads the full copyrighted film without permission, but an existing Illegal Activities owner controls this record; development owner 43.",Illegal Activities,Illegal Activities,Block or restrict and escalate,True
ESTABLISHED_OWNER-044,established_category_owner_isolation,"This account uploads the full copyrighted film without permission, but an existing Spam, Scam & Phishing owner controls this record; development owner 44.","Spam, Scam & Phishing","Spam, Scam & Phishing","Block, warn, or limit distribution",True
ESTABLISHED_OWNER-045,established_category_owner_isolation,"This account uploads the full copyrighted film without permission, but an existing Publishing Private Information owner controls this record; development owner 45.",Publishing Private Information,Publishing Private Information,Refer to human review,True
ESTABLISHED_OWNER-046,established_category_owner_isolation,"This account uploads the full copyrighted film without permission, but an existing Child Exploitation owner controls this record; development owner 46.",Child Exploitation,Child Exploitation,Block and immediately escalate,True
ESTABLISHED_OWNER-047,established_category_owner_isolation,"This account uploads the full copyrighted film without permission, but an existing Malicious Programs owner controls this record; development owner 47.",Malicious Programs,Malicious Programs,"Block, quarantine, and escalate",True
ESTABLISHED_OWNER-048,established_category_owner_isolation,"This account uploads the full copyrighted film without permission, but an existing Illegal Activities owner controls this record; development owner 48.",Illegal Activities,Illegal Activities,Block or restrict and escalate,True
ESTABLISHED_OWNER-049,established_category_owner_isolation,"This account uploads the full copyrighted film without permission, but an existing Spam, Scam & Phishing owner controls this record; development owner 49.","Spam, Scam & Phishing","Spam, Scam & Phishing","Block, warn, or limit distribution",True
ESTABLISHED_OWNER-050,established_category_owner_isolation,"This account uploads the full copyrighted film without permission, but an existing Publishing Private Information owner controls this record; development owner 50.",Publishing Private Information,Publishing Private Information,Refer to human review,True
