record_id,split,family_id,label,existing_category,text,text_sha256,source
TRAIN-0001,train,dangerous_advocacy:height_edge,dangerous_advocacy,Normal/Ignore,The post urges an untrained viewer to imitate an unsafe challenge near an exposed height and presents it as entertainment.,1742e97feb638de1fc79191e492671d1b2f4faa8929ab0d10a7efbe9d01dd6ac,paired_synthetic_policy_concept
TRAIN-0002,train,dangerous_advocacy:height_edge,dangerous_advocacy,Normal/Ignore,A creator encourages the audience to try an unsafe challenge near an exposed height without professional supervision.,f114dfb78d16d91425e2b08f57044184a1f92b16dccb5f80ec5863058187b43e,paired_synthetic_policy_concept
TRAIN-0003,train,dangerous_advocacy:height_edge,dangerous_advocacy,Normal/Ignore,The message dares an amateur to attempt an unsafe challenge near an exposed height despite the obvious physical risk.,b4c62baf6b43c988ce8e5a8420b95ebcb4875161430749733c90e2f993931331,paired_synthetic_policy_concept
TRAIN-0004,train,dangerous_advocacy:height_edge,dangerous_advocacy,Normal/Ignore,This upload celebrates an unsafe challenge near an exposed height and asks viewers to copy the act.,204b729c7079e39ddeaaa7c6ef6f0ebf30511e858e88d46a5a9c5f7758c71f88,paired_synthetic_policy_concept
TRAIN-0005,train,dangerous_advocacy:height_edge,dangerous_advocacy,Normal/Ignore,The central instruction promotes an unsafe challenge near an exposed height while dismissing normal safety controls.,dc11f224b5eacce20cb5fadc20d17cca8673854d3ff571577f9dc45f3cb4141d,paired_synthetic_policy_concept
TRAIN-0006,train,dangerous_advocacy:height_edge,dangerous_advocacy,Normal/Ignore,The speaker treats an unsafe challenge near an exposed height as a challenge that ordinary people should repeat.,a691e505e0fb2de3c59826b3bce4eef277e8781733baa0c3125d1534dd059b39,paired_synthetic_policy_concept
TRAIN-0007,train,safe_warning:height_edge,safe_warning,Normal/Ignore,A safety notice discusses an unsafe challenge near an exposed height only to warn people not to imitate it.,5f96aac5be35f6fdf6bee24162821586d3950c5109709647045edc990976c95e,paired_synthetic_policy_concept
TRAIN-0008,train,safe_warning:height_edge,safe_warning,Normal/Ignore,The report condemns an unsafe challenge near an exposed height and asks viewers to avoid repeating the act.,2b0e139579e10bd92d69f5ba3306c43804852887eb89aa10e7054287ea6f0de6,paired_synthetic_policy_concept
TRAIN-0009,train,safe_warning:height_edge,safe_warning,Normal/Ignore,This prevention lesson explains the risk of an unsafe challenge near an exposed height without encouraging participation.,ae5d4e394d7179c092dcbbd628f409d2bb98be16e14f37394d8a5ea611458473,paired_synthetic_policy_concept
TRAIN-0010,train,safe_warning:height_edge,safe_warning,Normal/Ignore,The speaker warns that an unsafe challenge near an exposed height can cause serious injury and should never be attempted.,9e32597748edba339188cd896bf287dffbf8024ade55b5be7921972f291f94d4,paired_synthetic_policy_concept
TRAIN-0011,train,safe_warning:height_edge,safe_warning,Normal/Ignore,A public safety campaign discourages an unsafe challenge near an exposed height and promotes protective behavior.,0d3f6ebcdc5c147603a40f8a7cec294dda6d30c1381b574dae0ecb42e57f2382,paired_synthetic_policy_concept
TRAIN-0012,train,safe_warning:height_edge,safe_warning,Normal/Ignore,The article reports an unsafe challenge near an exposed height while clearly telling the audience not to copy it.,72f6b58c7a711af3d878b545050e7cc81d35fba6ea0baf2ccb26e4fdcb7d73ae,paired_synthetic_policy_concept
TRAIN-0013,train,professional_controlled:height_edge,professional_controlled,Normal/Ignore,A qualified team studies an unsafe challenge near an exposed height inside a controlled setting with protective procedures.,d427ba495d9d6885d5c0eb3e1904b0e3c387e2139004e51aafe5dc96eb5f7294,paired_synthetic_policy_concept
TRAIN-0014,train,professional_controlled:height_edge,professional_controlled,Normal/Ignore,Certified professionals demonstrate risk controls related to an unsafe challenge near an exposed height at an authorized facility.,c7c4246f0f0bc03bcfdd0090fe814336a3860938fea169f71afd55ef0787852e,paired_synthetic_policy_concept
TRAIN-0015,train,professional_controlled:height_edge,professional_controlled,Normal/Ignore,The educational material discusses an unsafe challenge near an exposed height under trained supervision and prohibits imitation.,d073b825f1e7e9e75d763eee74e4a6369811e08dd300e6684919a8f2ba699dea,paired_synthetic_policy_concept
TRAIN-0016,train,professional_controlled:height_edge,professional_controlled,Normal/Ignore,A controlled test examines an unsafe challenge near an exposed height behind protective barriers with emergency staff present.,b5aa6af956f8bdb479fff3dba7e00385f0a82915623ef8ddaa1ef0f56ba6d3e6,paired_synthetic_policy_concept
TRAIN-0017,train,professional_controlled:height_edge,professional_controlled,Normal/Ignore,Licensed operators address an unsafe challenge near an exposed height during formal safety training at a restricted site.,fa5cdc18bb4bc0a0052c98fc84db75e23d8c4570677262a24bf55d3dc21ddbbd,paired_synthetic_policy_concept
TRAIN-0018,train,professional_controlled:height_edge,professional_controlled,Normal/Ignore,The documentary shows professionals managing an unsafe challenge near an exposed height with permits and exclusion controls.,dc8fca4031010cbd4d4ef051b90e11db78cf23f7bb9df297ac014ece672980e4,paired_synthetic_policy_concept
TRAIN-0019,train,dangerous_advocacy:moving_vehicle,dangerous_advocacy,Normal/Ignore,The post urges an untrained viewer to imitate interference with a moving vehicle and presents it as entertainment.,a50b3f8eae9e6740777d31480e1cd0dda1aeedee094f9fe1e1341a0c3d16ac0a,paired_synthetic_policy_concept
TRAIN-0020,train,dangerous_advocacy:moving_vehicle,dangerous_advocacy,Normal/Ignore,A creator encourages the audience to try interference with a moving vehicle without professional supervision.,ef594eb3e20a65d8b8276c53c33f21164f7b70381073f9282abf6b60a8aa2e34,paired_synthetic_policy_concept
TRAIN-0021,train,dangerous_advocacy:moving_vehicle,dangerous_advocacy,Normal/Ignore,The message dares an amateur to attempt interference with a moving vehicle despite the obvious physical risk.,ed74a9a33e854b4fe87c5e2ee433eb1c2c1f95317cf7337e9f7f4d3180d4dc06,paired_synthetic_policy_concept
TRAIN-0022,train,dangerous_advocacy:moving_vehicle,dangerous_advocacy,Normal/Ignore,This upload celebrates interference with a moving vehicle and asks viewers to copy the act.,e0cf4be64b2d6a66eff4240cbdb56d5ef933ee9525e433894dc307bc029b9cb8,paired_synthetic_policy_concept
TRAIN-0023,train,dangerous_advocacy:moving_vehicle,dangerous_advocacy,Normal/Ignore,The central instruction promotes interference with a moving vehicle while dismissing normal safety controls.,1af5ee96f7a87b2b6588ca350f41ec6ef9063529c80bd14335fb6a3ef91e89f5,paired_synthetic_policy_concept
TRAIN-0024,train,dangerous_advocacy:moving_vehicle,dangerous_advocacy,Normal/Ignore,The speaker treats interference with a moving vehicle as a challenge that ordinary people should repeat.,cd5fedb76439f6a93e6d7fdbf386bab97daa86e72d64885d26576846831c3dda,paired_synthetic_policy_concept
TRAIN-0025,train,safe_warning:moving_vehicle,safe_warning,Normal/Ignore,A safety notice discusses interference with a moving vehicle only to warn people not to imitate it.,ea6b8434c3f6e6a1a9f867eba5bf3b3023ad58e7ca3e6d278fa8816667f59fbc,paired_synthetic_policy_concept
TRAIN-0026,train,safe_warning:moving_vehicle,safe_warning,Normal/Ignore,The report condemns interference with a moving vehicle and asks viewers to avoid repeating the act.,24d9d5a07b11ba6aa80bad022215585e97d10cd53c8d1c8db99ac90a768079fe,paired_synthetic_policy_concept
TRAIN-0027,train,safe_warning:moving_vehicle,safe_warning,Normal/Ignore,This prevention lesson explains the risk of interference with a moving vehicle without encouraging participation.,5370c80378db2d7ae85a6e9ffa1b76d46e9faea88e0084a7db6bd0416dd63ef8,paired_synthetic_policy_concept
TRAIN-0028,train,safe_warning:moving_vehicle,safe_warning,Normal/Ignore,The speaker warns that interference with a moving vehicle can cause serious injury and should never be attempted.,354cbbc95eca83a75410dcd0e07d7f801f75c0cae64f0eb1e5f77d41b38c4f50,paired_synthetic_policy_concept
TRAIN-0029,train,safe_warning:moving_vehicle,safe_warning,Normal/Ignore,A public safety campaign discourages interference with a moving vehicle and promotes protective behavior.,a46f2296b6de42c9444bd71502c53885f4d5d16fd99d30a8884f8eb7a138d1ab,paired_synthetic_policy_concept
TRAIN-0030,train,safe_warning:moving_vehicle,safe_warning,Normal/Ignore,The article reports interference with a moving vehicle while clearly telling the audience not to copy it.,65381f2ea9dc3387f92071d977e42ab31515ff6e17e509e3491156edf4f6f6b3,paired_synthetic_policy_concept
TRAIN-0031,train,professional_controlled:moving_vehicle,professional_controlled,Normal/Ignore,A qualified team studies interference with a moving vehicle inside a controlled setting with protective procedures.,e3403067fd1cd33a8a5a8895222978e22eea1d563869c60320ccd2de8f6e051e,paired_synthetic_policy_concept
TRAIN-0032,train,professional_controlled:moving_vehicle,professional_controlled,Normal/Ignore,Certified professionals demonstrate risk controls related to interference with a moving vehicle at an authorized facility.,337670c51fd8c21f9069e42c78edb4103b2831f1b8fceab1f1a94d43efe3c37e,paired_synthetic_policy_concept
TRAIN-0033,train,professional_controlled:moving_vehicle,professional_controlled,Normal/Ignore,The educational material discusses interference with a moving vehicle under trained supervision and prohibits imitation.,3caf8d688fb30ec56bb59130e2579c91b865d3cad9e5dddce0a40333dcfceb5e,paired_synthetic_policy_concept
TRAIN-0034,train,professional_controlled:moving_vehicle,professional_controlled,Normal/Ignore,A controlled test examines interference with a moving vehicle behind protective barriers with emergency staff present.,c3baab4d43dd412b520bd24ae424444dc612bd96d81d6df5e37983d2affbdba1,paired_synthetic_policy_concept
TRAIN-0035,train,professional_controlled:moving_vehicle,professional_controlled,Normal/Ignore,Licensed operators address interference with a moving vehicle during formal safety training at a restricted site.,922aaf1e6d7f7fed4eeffbaac8672ce6c058c57bc7a29ac9ee0d9cb44ba42e03,paired_synthetic_policy_concept
TRAIN-0036,train,professional_controlled:moving_vehicle,professional_controlled,Normal/Ignore,The documentary shows professionals managing interference with a moving vehicle with permits and exclusion controls.,f739472ac8dd230698562535b0e675a99501edbd32a3e19dd0bd8d9deb4bc7b8,paired_synthetic_policy_concept
TRAIN-0037,train,dangerous_advocacy:live_electricity,dangerous_advocacy,Normal/Ignore,The post urges an untrained viewer to imitate contact with unisolated electrical equipment and presents it as entertainment.,ca77c10e7e8bcf6b91f6e9451b656131924b2b3fd7b22a0652740861dfea0807,paired_synthetic_policy_concept
TRAIN-0038,train,dangerous_advocacy:live_electricity,dangerous_advocacy,Normal/Ignore,A creator encourages the audience to try contact with unisolated electrical equipment without professional supervision.,98e7b727f36c98b2001eb7f85b73252703c5a9848f3539d26bbfe2bbd0a7ba39,paired_synthetic_policy_concept
TRAIN-0039,train,dangerous_advocacy:live_electricity,dangerous_advocacy,Normal/Ignore,The message dares an amateur to attempt contact with unisolated electrical equipment despite the obvious physical risk.,48686549a6b4d5c5124cb3c3bf4b992f49823f66f905be6d0550eaee8efb23fd,paired_synthetic_policy_concept
TRAIN-0040,train,dangerous_advocacy:live_electricity,dangerous_advocacy,Normal/Ignore,This upload celebrates contact with unisolated electrical equipment and asks viewers to copy the act.,b57c105116549fe22864f7073d8108ec6cec5f8c08fc7244451f9be7173d59cb,paired_synthetic_policy_concept
TRAIN-0041,train,dangerous_advocacy:live_electricity,dangerous_advocacy,Normal/Ignore,The central instruction promotes contact with unisolated electrical equipment while dismissing normal safety controls.,8ab0475e2925b670db9c936382a7b323593f8d43b19ca2bab9e6f6bf20a95aca,paired_synthetic_policy_concept
TRAIN-0042,train,dangerous_advocacy:live_electricity,dangerous_advocacy,Normal/Ignore,The speaker treats contact with unisolated electrical equipment as a challenge that ordinary people should repeat.,0688bae4312bb61b51096545609fa8d7c9b64372f0f4234494bbf9868e06d38e,paired_synthetic_policy_concept
TRAIN-0043,train,safe_warning:live_electricity,safe_warning,Normal/Ignore,A safety notice discusses contact with unisolated electrical equipment only to warn people not to imitate it.,304c08cf27babd9e96599360eb295dd100390cb2df1c74ea6720d994ff3e7316,paired_synthetic_policy_concept
TRAIN-0044,train,safe_warning:live_electricity,safe_warning,Normal/Ignore,The report condemns contact with unisolated electrical equipment and asks viewers to avoid repeating the act.,13dbcb672504955890c0a605dd8e4471d474b4db43837835d95bb55fc3a56aa2,paired_synthetic_policy_concept
TRAIN-0045,train,safe_warning:live_electricity,safe_warning,Normal/Ignore,This prevention lesson explains the risk of contact with unisolated electrical equipment without encouraging participation.,a0ba876a3cf4b3410a00a3f76d42ae632cb4d2673ab718c23158268a4b61dae6,paired_synthetic_policy_concept
TRAIN-0046,train,safe_warning:live_electricity,safe_warning,Normal/Ignore,The speaker warns that contact with unisolated electrical equipment can cause serious injury and should never be attempted.,b0ce5e0f1ad7646d5ade7a04923876870cc47c25e3d93dec53131e6714f92f0d,paired_synthetic_policy_concept
TRAIN-0047,train,safe_warning:live_electricity,safe_warning,Normal/Ignore,A public safety campaign discourages contact with unisolated electrical equipment and promotes protective behavior.,56597a791b8edd5fdaeef5921646326b9132c4b25bb3ff3f25920b4a29d07dca,paired_synthetic_policy_concept
TRAIN-0048,train,safe_warning:live_electricity,safe_warning,Normal/Ignore,The article reports contact with unisolated electrical equipment while clearly telling the audience not to copy it.,93126eb28e45c0eb11a8a20de2e9ebfa810ed7daa1190fcd3eb747e23a6c905f,paired_synthetic_policy_concept
TRAIN-0049,train,professional_controlled:live_electricity,professional_controlled,Normal/Ignore,A qualified team studies contact with unisolated electrical equipment inside a controlled setting with protective procedures.,7f2ca8d13925e34d175d6318747bd31ad1161f022b53b0691cd03a8519838b1a,paired_synthetic_policy_concept
TRAIN-0050,train,professional_controlled:live_electricity,professional_controlled,Normal/Ignore,Certified professionals demonstrate risk controls related to contact with unisolated electrical equipment at an authorized facility.,0395b187ef40ae091e0220c6870950b9ee6b73249535eb9ae2c28f2daef884ec,paired_synthetic_policy_concept
TRAIN-0051,train,professional_controlled:live_electricity,professional_controlled,Normal/Ignore,The educational material discusses contact with unisolated electrical equipment under trained supervision and prohibits imitation.,24182f133a10f62724bbb56baf04b18fe29913dcafc6ea200ebdf95191af9aa9,paired_synthetic_policy_concept
TRAIN-0052,train,professional_controlled:live_electricity,professional_controlled,Normal/Ignore,A controlled test examines contact with unisolated electrical equipment behind protective barriers with emergency staff present.,6625b4254282865ab30fa933e6adbb30c4fbc15285726cc62c8957d45e90b5d3,paired_synthetic_policy_concept
TRAIN-0053,train,professional_controlled:live_electricity,professional_controlled,Normal/Ignore,Licensed operators address contact with unisolated electrical equipment during formal safety training at a restricted site.,0a667d1c9e235e4e0c2eb4ab8d4709244b7107772061ce16ae5251098c3365da,paired_synthetic_policy_concept
TRAIN-0054,train,professional_controlled:live_electricity,professional_controlled,Normal/Ignore,The documentary shows professionals managing contact with unisolated electrical equipment with permits and exclusion controls.,7620a5b23be2d33d61df725ec3086bb01a23665e3636b78ce2596a0dc9dbd9d5,paired_synthetic_policy_concept
TRAIN-0055,train,dangerous_advocacy:machine_guard,dangerous_advocacy,Normal/Ignore,The post urges an untrained viewer to imitate operation of powered machinery without its safeguard and presents it as entertainment.,7ba3f4be68f998b72122c6ba802d54b13f63b6fb3b3c92a4ad0710305e05d320,paired_synthetic_policy_concept
TRAIN-0056,train,dangerous_advocacy:machine_guard,dangerous_advocacy,Normal/Ignore,A creator encourages the audience to try operation of powered machinery without its safeguard without professional supervision.,54384fb8ea97d50740f760e1b268855ddf70fe5987cf799fcc14f0a196f4460f,paired_synthetic_policy_concept
TRAIN-0057,train,dangerous_advocacy:machine_guard,dangerous_advocacy,Normal/Ignore,The message dares an amateur to attempt operation of powered machinery without its safeguard despite the obvious physical risk.,b9268d0ada0946f6b2c03c529fb6065c66e68b7df8946458a153ad6248fbe5fc,paired_synthetic_policy_concept
TRAIN-0058,train,dangerous_advocacy:machine_guard,dangerous_advocacy,Normal/Ignore,This upload celebrates operation of powered machinery without its safeguard and asks viewers to copy the act.,574dc1f7aabd8f2b9db9440364ef7296d1224707a0fa0bd724decdfb19637eab,paired_synthetic_policy_concept
TRAIN-0059,train,dangerous_advocacy:machine_guard,dangerous_advocacy,Normal/Ignore,The central instruction promotes operation of powered machinery without its safeguard while dismissing normal safety controls.,a8b689689619f5e58fd041cd485b982d58899859d9541491c4e6718ffc0a8211,paired_synthetic_policy_concept
TRAIN-0060,train,dangerous_advocacy:machine_guard,dangerous_advocacy,Normal/Ignore,The speaker treats operation of powered machinery without its safeguard as a challenge that ordinary people should repeat.,74235955f248f746760e57f74880991982dc0088cc357dde9e2f612e5486e6d6,paired_synthetic_policy_concept
TRAIN-0061,train,safe_warning:machine_guard,safe_warning,Normal/Ignore,A safety notice discusses operation of powered machinery without its safeguard only to warn people not to imitate it.,ceae9d8f816ef3492b84c6e9bb796d001155f1a091fab5da622a4d2421dfc0f4,paired_synthetic_policy_concept
TRAIN-0062,train,safe_warning:machine_guard,safe_warning,Normal/Ignore,The report condemns operation of powered machinery without its safeguard and asks viewers to avoid repeating the act.,6248017c5f000d2808309b26eb5a8581b31592e47be92290832cf952d900a3a8,paired_synthetic_policy_concept
TRAIN-0063,train,safe_warning:machine_guard,safe_warning,Normal/Ignore,This prevention lesson explains the risk of operation of powered machinery without its safeguard without encouraging participation.,27ba14cd1b585d7b8c6857826e049d43a08b895d181c29dd7b0146b1cef88ab5,paired_synthetic_policy_concept
TRAIN-0064,train,safe_warning:machine_guard,safe_warning,Normal/Ignore,The speaker warns that operation of powered machinery without its safeguard can cause serious injury and should never be attempted.,83c0bbf18c0c083b26c02385536a7258e5889d9a77b8f42a7d52d6ce9dd29cb9,paired_synthetic_policy_concept
TRAIN-0065,train,safe_warning:machine_guard,safe_warning,Normal/Ignore,A public safety campaign discourages operation of powered machinery without its safeguard and promotes protective behavior.,5be58f94d1326bf82d0c1a1678e32967cee599788a59424e88bde37b9a4e96ba,paired_synthetic_policy_concept
TRAIN-0066,train,safe_warning:machine_guard,safe_warning,Normal/Ignore,The article reports operation of powered machinery without its safeguard while clearly telling the audience not to copy it.,263570b09e47463a900e880af2041a35bc9bbd022fe8371ebe285a12ca2ef61b,paired_synthetic_policy_concept
TRAIN-0067,train,professional_controlled:machine_guard,professional_controlled,Normal/Ignore,A qualified team studies operation of powered machinery without its safeguard inside a controlled setting with protective procedures.,96ff502ec9cc9465638267842f1a503dc8ebb8247825a6591d0fc87174712104,paired_synthetic_policy_concept
TRAIN-0068,train,professional_controlled:machine_guard,professional_controlled,Normal/Ignore,Certified professionals demonstrate risk controls related to operation of powered machinery without its safeguard at an authorized facility.,a0cdb6dd9ed14b39779fe327b857dfb9dda6a3545bf8a409c03138604d548b34,paired_synthetic_policy_concept
TRAIN-0069,train,professional_controlled:machine_guard,professional_controlled,Normal/Ignore,The educational material discusses operation of powered machinery without its safeguard under trained supervision and prohibits imitation.,96e5296eab3afaaa9771e48a47e9764ec76d156080439069de212a054d019fef,paired_synthetic_policy_concept
TRAIN-0070,train,professional_controlled:machine_guard,professional_controlled,Normal/Ignore,A controlled test examines operation of powered machinery without its safeguard behind protective barriers with emergency staff present.,fbdcd6cd6138268b4a1ba08be07732942e0f6e77264fb7570972bfd62c6c2d2e,paired_synthetic_policy_concept
TRAIN-0071,train,professional_controlled:machine_guard,professional_controlled,Normal/Ignore,Licensed operators address operation of powered machinery without its safeguard during formal safety training at a restricted site.,9919eb9aaad5ad3b1e0c6bf156ec1f2afd2ab7d64f3f004b9b7d3e001fb4c9f3,paired_synthetic_policy_concept
TRAIN-0072,train,professional_controlled:machine_guard,professional_controlled,Normal/Ignore,The documentary shows professionals managing operation of powered machinery without its safeguard with permits and exclusion controls.,670d5a94ca7ebc1069eed55d59787a75b9bf9f34f646863d02c5db701690b940,paired_synthetic_policy_concept
TRAIN-0073,train,dangerous_advocacy:indoor_fumes,dangerous_advocacy,Normal/Ignore,The post urges an untrained viewer to imitate creation of hazardous fumes in an enclosed room and presents it as entertainment.,17590009e131c02604d2eb1ddad3d266c3a739d540316082caf850d358be81e2,paired_synthetic_policy_concept
TRAIN-0074,train,dangerous_advocacy:indoor_fumes,dangerous_advocacy,Normal/Ignore,A creator encourages the audience to try creation of hazardous fumes in an enclosed room without professional supervision.,52fd3b783b491723098beedb4e647441c7d29cd6e14a89914f875c69bee31581,paired_synthetic_policy_concept
TRAIN-0075,train,dangerous_advocacy:indoor_fumes,dangerous_advocacy,Normal/Ignore,The message dares an amateur to attempt creation of hazardous fumes in an enclosed room despite the obvious physical risk.,73f809db260823f2a00ffd3b1d2434e9ef7b8d385ec0bc13edc83a366efb27b2,paired_synthetic_policy_concept
TRAIN-0076,train,dangerous_advocacy:indoor_fumes,dangerous_advocacy,Normal/Ignore,This upload celebrates creation of hazardous fumes in an enclosed room and asks viewers to copy the act.,e473e9363dd066c634c2d6eb83a96cfb1286a9cfb3a30f8812599758bfe2cc54,paired_synthetic_policy_concept
TRAIN-0077,train,dangerous_advocacy:indoor_fumes,dangerous_advocacy,Normal/Ignore,The central instruction promotes creation of hazardous fumes in an enclosed room while dismissing normal safety controls.,b3f23752997edf66945871c71045a3a73830d181db34726cfe6ef50fa6a2e242,paired_synthetic_policy_concept
TRAIN-0078,train,dangerous_advocacy:indoor_fumes,dangerous_advocacy,Normal/Ignore,The speaker treats creation of hazardous fumes in an enclosed room as a challenge that ordinary people should repeat.,d05160358002b93999ee18b0492602e49d5bd2fd5fe5cc91697ccb998ff97702,paired_synthetic_policy_concept
TRAIN-0079,train,safe_warning:indoor_fumes,safe_warning,Normal/Ignore,A safety notice discusses creation of hazardous fumes in an enclosed room only to warn people not to imitate it.,478ded36ea6170bd16087c0c69f28088e6a689dbd5f44e3a5384eef59f18ac24,paired_synthetic_policy_concept
TRAIN-0080,train,safe_warning:indoor_fumes,safe_warning,Normal/Ignore,The report condemns creation of hazardous fumes in an enclosed room and asks viewers to avoid repeating the act.,1a65ba81eeb59c976bae30090333b3cda2d53d66ff7a9a6cb1040ad86dceee61,paired_synthetic_policy_concept
TRAIN-0081,train,safe_warning:indoor_fumes,safe_warning,Normal/Ignore,This prevention lesson explains the risk of creation of hazardous fumes in an enclosed room without encouraging participation.,df01695486287a84387171dfa25f0c11efe8ad82f1a676b4badb080b03e68cf9,paired_synthetic_policy_concept
TRAIN-0082,train,safe_warning:indoor_fumes,safe_warning,Normal/Ignore,The speaker warns that creation of hazardous fumes in an enclosed room can cause serious injury and should never be attempted.,36546ec97aebf0217984742b88403abe9ce4c13a00bc2fe8003d03ed6f266f8d,paired_synthetic_policy_concept
TRAIN-0083,train,safe_warning:indoor_fumes,safe_warning,Normal/Ignore,A public safety campaign discourages creation of hazardous fumes in an enclosed room and promotes protective behavior.,c676b488d25b0d29096cc47d1163a3515e79ab5da9ecb23e847f01562121a2de,paired_synthetic_policy_concept
TRAIN-0084,train,safe_warning:indoor_fumes,safe_warning,Normal/Ignore,The article reports creation of hazardous fumes in an enclosed room while clearly telling the audience not to copy it.,8310f2a25e6db81f85392d15ea535c868aef5131b4054587b332cc8fa26b384a,paired_synthetic_policy_concept
TRAIN-0085,train,professional_controlled:indoor_fumes,professional_controlled,Normal/Ignore,A qualified team studies creation of hazardous fumes in an enclosed room inside a controlled setting with protective procedures.,f0230710dd6ca4db6299c227063f062e6dd86331316193b7d46dd26b25ad22af,paired_synthetic_policy_concept
TRAIN-0086,train,professional_controlled:indoor_fumes,professional_controlled,Normal/Ignore,Certified professionals demonstrate risk controls related to creation of hazardous fumes in an enclosed room at an authorized facility.,ae90783a9d4c2b140b2aa7b499350d668473129f0f220aaf74bd6a48b509d18e,paired_synthetic_policy_concept
TRAIN-0087,train,professional_controlled:indoor_fumes,professional_controlled,Normal/Ignore,The educational material discusses creation of hazardous fumes in an enclosed room under trained supervision and prohibits imitation.,aaae579ffef2e35aa45260d4d907d02bee8c301b1cebabb3e1c6d3994ee38a68,paired_synthetic_policy_concept
TRAIN-0088,train,professional_controlled:indoor_fumes,professional_controlled,Normal/Ignore,A controlled test examines creation of hazardous fumes in an enclosed room behind protective barriers with emergency staff present.,aa4eff24bf107708ca2bf16996b9a67df91346e96743aa4edbfe00006a4fff21,paired_synthetic_policy_concept
TRAIN-0089,train,professional_controlled:indoor_fumes,professional_controlled,Normal/Ignore,Licensed operators address creation of hazardous fumes in an enclosed room during formal safety training at a restricted site.,2b9b9386135f8607f05cab69c71ebf2f68436c6f6aec2a7f3e94383fd8fff404,paired_synthetic_policy_concept
TRAIN-0090,train,professional_controlled:indoor_fumes,professional_controlled,Normal/Ignore,The documentary shows professionals managing creation of hazardous fumes in an enclosed room with permits and exclusion controls.,39bc0737b48ff4abb7a668a70cbac039f92e538ca04824414ca5c44c111db7a9,paired_synthetic_policy_concept
TRAIN-0091,train,dangerous_advocacy:open_fire,dangerous_advocacy,Normal/Ignore,The post urges an untrained viewer to imitate an uncontrolled fire close to people or property and presents it as entertainment.,c8d442b4bd8f43b63e7396f156370461efae187abc4623b3ac76abdad64c3fd7,paired_synthetic_policy_concept
TRAIN-0092,train,dangerous_advocacy:open_fire,dangerous_advocacy,Normal/Ignore,A creator encourages the audience to try an uncontrolled fire close to people or property without professional supervision.,59024552462675fbed80b718b4245970d72752b4005c5c5972ee13199d29130a,paired_synthetic_policy_concept
TRAIN-0093,train,dangerous_advocacy:open_fire,dangerous_advocacy,Normal/Ignore,The message dares an amateur to attempt an uncontrolled fire close to people or property despite the obvious physical risk.,fd3649629b16f3c6e13c4b2169b4211c36a2fbcc1eb03b175392f91306c316bf,paired_synthetic_policy_concept
TRAIN-0094,train,dangerous_advocacy:open_fire,dangerous_advocacy,Normal/Ignore,This upload celebrates an uncontrolled fire close to people or property and asks viewers to copy the act.,468b12c33b24dfd8522d71ab7d58a664e9ff748716781ac7fb724ce0f072666d,paired_synthetic_policy_concept
TRAIN-0095,train,dangerous_advocacy:open_fire,dangerous_advocacy,Normal/Ignore,The central instruction promotes an uncontrolled fire close to people or property while dismissing normal safety controls.,4fef5625bcfb90c4252bcddc83521d689f77e3e4cd607453e906180609b28fd6,paired_synthetic_policy_concept
TRAIN-0096,train,dangerous_advocacy:open_fire,dangerous_advocacy,Normal/Ignore,The speaker treats an uncontrolled fire close to people or property as a challenge that ordinary people should repeat.,3ffdb606c595561af92741913a6c7118b8cac9f4998135bc080d499eae52dfd5,paired_synthetic_policy_concept
TRAIN-0097,train,safe_warning:open_fire,safe_warning,Normal/Ignore,A safety notice discusses an uncontrolled fire close to people or property only to warn people not to imitate it.,6a2e2519a388ae86a118739e155d6233135bb63cc3121afe6745fd9736838cd4,paired_synthetic_policy_concept
TRAIN-0098,train,safe_warning:open_fire,safe_warning,Normal/Ignore,The report condemns an uncontrolled fire close to people or property and asks viewers to avoid repeating the act.,e1b4d0bc7f9f7fd1c759ae48afb0d953575f208ee92f8e11789b63e19d9553b8,paired_synthetic_policy_concept
TRAIN-0099,train,safe_warning:open_fire,safe_warning,Normal/Ignore,This prevention lesson explains the risk of an uncontrolled fire close to people or property without encouraging participation.,8b4f27561a2413746f91a53d9cee2bc66056770be0f9cd5c3a7df944f70a67c9,paired_synthetic_policy_concept
TRAIN-0100,train,safe_warning:open_fire,safe_warning,Normal/Ignore,The speaker warns that an uncontrolled fire close to people or property can cause serious injury and should never be attempted.,eeaa960c3859f4a1b9e1a7ff5d4e45a8cf223777c551900bc394dbaf0c417482,paired_synthetic_policy_concept
TRAIN-0101,train,safe_warning:open_fire,safe_warning,Normal/Ignore,A public safety campaign discourages an uncontrolled fire close to people or property and promotes protective behavior.,96e0a870481f6b115089578b23e06f5290db95cd60c3ccc0e936e8925e7c8723,paired_synthetic_policy_concept
TRAIN-0102,train,safe_warning:open_fire,safe_warning,Normal/Ignore,The article reports an uncontrolled fire close to people or property while clearly telling the audience not to copy it.,014c0d5bc0e6f4d124a8b7b966ad28950f9be24327ede43007c8e52788059df3,paired_synthetic_policy_concept
TRAIN-0103,train,professional_controlled:open_fire,professional_controlled,Normal/Ignore,A qualified team studies an uncontrolled fire close to people or property inside a controlled setting with protective procedures.,62aedbd2ec7349c7e6ba17a5987b3483466bbaf631ade795fc4aef9c2e9b0b4a,paired_synthetic_policy_concept
TRAIN-0104,train,professional_controlled:open_fire,professional_controlled,Normal/Ignore,Certified professionals demonstrate risk controls related to an uncontrolled fire close to people or property at an authorized facility.,c531a68f94b9dde2416774eacd0932d89318235b0822ff3cf207a4556d52f47c,paired_synthetic_policy_concept
TRAIN-0105,train,professional_controlled:open_fire,professional_controlled,Normal/Ignore,The educational material discusses an uncontrolled fire close to people or property under trained supervision and prohibits imitation.,3ee47e599d727e75383f1019f75499aa670c5346fea00fe7eb3c2ed7e5ed7787,paired_synthetic_policy_concept
TRAIN-0106,train,professional_controlled:open_fire,professional_controlled,Normal/Ignore,A controlled test examines an uncontrolled fire close to people or property behind protective barriers with emergency staff present.,527cce809c45173fb80b9cb89123b8a34289e3c25b27dc6445a4b9f227c96cd8,paired_synthetic_policy_concept
TRAIN-0107,train,professional_controlled:open_fire,professional_controlled,Normal/Ignore,Licensed operators address an uncontrolled fire close to people or property during formal safety training at a restricted site.,deadbbd66c470632b85d5d5d24db51bf50d03f0e5c9c08df4862abba1e162c85,paired_synthetic_policy_concept
TRAIN-0108,train,professional_controlled:open_fire,professional_controlled,Normal/Ignore,The documentary shows professionals managing an uncontrolled fire close to people or property with permits and exclusion controls.,f19cd0dc93c6dd90661ba4cb5731a57fb5e1843231021749841a27f5169f4a10,paired_synthetic_policy_concept
TRAIN-0109,train,dangerous_advocacy:pressure_hazard,dangerous_advocacy,Normal/Ignore,The post urges an untrained viewer to imitate unsafe handling of a pressurized object and presents it as entertainment.,65b7e81c215c2c90af6fafb30211dff49e6e88365f34521c41946658cb36f29c,paired_synthetic_policy_concept
TRAIN-0110,train,dangerous_advocacy:pressure_hazard,dangerous_advocacy,Normal/Ignore,A creator encourages the audience to try unsafe handling of a pressurized object without professional supervision.,efd2ab8da421a80f34b40c804bbcd9f759e2ad53f8bfcd16580eb348a53434d9,paired_synthetic_policy_concept
TRAIN-0111,train,dangerous_advocacy:pressure_hazard,dangerous_advocacy,Normal/Ignore,The message dares an amateur to attempt unsafe handling of a pressurized object despite the obvious physical risk.,642ae11ff83829ecd139aee6000fe683280888444164040af031367d46343f4a,paired_synthetic_policy_concept
TRAIN-0112,train,dangerous_advocacy:pressure_hazard,dangerous_advocacy,Normal/Ignore,This upload celebrates unsafe handling of a pressurized object and asks viewers to copy the act.,3dd06fe2060c95cc9c69ee910caaba82919fe75acfcfd1b6113ccf10a4f33588,paired_synthetic_policy_concept
TRAIN-0113,train,dangerous_advocacy:pressure_hazard,dangerous_advocacy,Normal/Ignore,The central instruction promotes unsafe handling of a pressurized object while dismissing normal safety controls.,452b1c5460bb797430b61f25a4c1e531b7f36c93beaeb31f6467a2cbcde3f42f,paired_synthetic_policy_concept
TRAIN-0114,train,dangerous_advocacy:pressure_hazard,dangerous_advocacy,Normal/Ignore,The speaker treats unsafe handling of a pressurized object as a challenge that ordinary people should repeat.,b9edbf2030ed4cc39995957f80c7fcbb2e1057fc2e9e9601b883f43d7b486aef,paired_synthetic_policy_concept
TRAIN-0115,train,safe_warning:pressure_hazard,safe_warning,Normal/Ignore,A safety notice discusses unsafe handling of a pressurized object only to warn people not to imitate it.,3121933cd150495fe4bd73d0c6eed09d1625d7cbc2dc01d0b170085ba076b9f2,paired_synthetic_policy_concept
TRAIN-0116,train,safe_warning:pressure_hazard,safe_warning,Normal/Ignore,The report condemns unsafe handling of a pressurized object and asks viewers to avoid repeating the act.,26ffc0fc652130723f4be26eb6fa2f76c850481a8617515b8519548eb5d2842a,paired_synthetic_policy_concept
TRAIN-0117,train,safe_warning:pressure_hazard,safe_warning,Normal/Ignore,This prevention lesson explains the risk of unsafe handling of a pressurized object without encouraging participation.,31c2766bd22c41f9310b0f8af46d7782445cb1cb66d8c848fb8f4bf8b2085ff7,paired_synthetic_policy_concept
TRAIN-0118,train,safe_warning:pressure_hazard,safe_warning,Normal/Ignore,The speaker warns that unsafe handling of a pressurized object can cause serious injury and should never be attempted.,04544f9bcf8cff5a6e610f55b789925229a35f4ffdff49a935447c8f369cdd9a,paired_synthetic_policy_concept
TRAIN-0119,train,safe_warning:pressure_hazard,safe_warning,Normal/Ignore,A public safety campaign discourages unsafe handling of a pressurized object and promotes protective behavior.,df3ef0c556b2e8664e8bc92e23e7bf8889ed028a0a25804639a4f1af30e7c49e,paired_synthetic_policy_concept
TRAIN-0120,train,safe_warning:pressure_hazard,safe_warning,Normal/Ignore,The article reports unsafe handling of a pressurized object while clearly telling the audience not to copy it.,3982960ceeeedd42a5420164910bd169723b559ec6421610a4cdbeaeb9de3392,paired_synthetic_policy_concept
TRAIN-0121,train,professional_controlled:pressure_hazard,professional_controlled,Normal/Ignore,A qualified team studies unsafe handling of a pressurized object inside a controlled setting with protective procedures.,c14a8da8819c0819f4282416045ad01d3e80eb4909b4e605def801d33c3631fc,paired_synthetic_policy_concept
TRAIN-0122,train,professional_controlled:pressure_hazard,professional_controlled,Normal/Ignore,Certified professionals demonstrate risk controls related to unsafe handling of a pressurized object at an authorized facility.,41c30f95e09acdcc0b8e16165137e7918203178f397a42c26aa26efd374cee28,paired_synthetic_policy_concept
TRAIN-0123,train,professional_controlled:pressure_hazard,professional_controlled,Normal/Ignore,The educational material discusses unsafe handling of a pressurized object under trained supervision and prohibits imitation.,fca11b9ed6a6a919d2812ac209b4381ec8c30387f039b8e4ae9895a0b9764737,paired_synthetic_policy_concept
TRAIN-0124,train,professional_controlled:pressure_hazard,professional_controlled,Normal/Ignore,A controlled test examines unsafe handling of a pressurized object behind protective barriers with emergency staff present.,7c2fb818e78adc02c423a19da5da7f6e427e425d5fe0c8e2a08aa0eadee41339,paired_synthetic_policy_concept
TRAIN-0125,train,professional_controlled:pressure_hazard,professional_controlled,Normal/Ignore,Licensed operators address unsafe handling of a pressurized object during formal safety training at a restricted site.,95552745b3da3a5fe6cbd56c2a59898527a8b692447f03b0d77218914142365a,paired_synthetic_policy_concept
TRAIN-0126,train,professional_controlled:pressure_hazard,professional_controlled,Normal/Ignore,The documentary shows professionals managing unsafe handling of a pressurized object with permits and exclusion controls.,4987e55f024f430c3bb9f1226db40f4b7d73ac56c6de3dd03276c26761a639d8,paired_synthetic_policy_concept
TRAIN-0127,train,dangerous_advocacy:deep_water,dangerous_advocacy,Normal/Ignore,The post urges an untrained viewer to imitate entry into dangerous water by an untrained person and presents it as entertainment.,1a7198e0622e6abc9c010e2fc7fd74abb6d120c58f5fd2d6571d8e8a444e19b2,paired_synthetic_policy_concept
TRAIN-0128,train,dangerous_advocacy:deep_water,dangerous_advocacy,Normal/Ignore,A creator encourages the audience to try entry into dangerous water by an untrained person without professional supervision.,ea8a7bd96a5a0f6217196976317420fc5d8944b03c6db24f700146c36f011d69,paired_synthetic_policy_concept
TRAIN-0129,train,dangerous_advocacy:deep_water,dangerous_advocacy,Normal/Ignore,The message dares an amateur to attempt entry into dangerous water by an untrained person despite the obvious physical risk.,1f4cca9c38586dc2881de3a61fe2ca5d58bb271f9e9e253424171b9d8628e238,paired_synthetic_policy_concept
TRAIN-0130,train,dangerous_advocacy:deep_water,dangerous_advocacy,Normal/Ignore,This upload celebrates entry into dangerous water by an untrained person and asks viewers to copy the act.,cbc5cbafb8601c6db163d85794a3d429f7c3a30f56390c620354e693c8f317c9,paired_synthetic_policy_concept
TRAIN-0131,train,dangerous_advocacy:deep_water,dangerous_advocacy,Normal/Ignore,The central instruction promotes entry into dangerous water by an untrained person while dismissing normal safety controls.,ffaed744534ca576c801e825887843de55d9e97133d3d84ab27b25435be2fd69,paired_synthetic_policy_concept
TRAIN-0132,train,dangerous_advocacy:deep_water,dangerous_advocacy,Normal/Ignore,The speaker treats entry into dangerous water by an untrained person as a challenge that ordinary people should repeat.,7c6c8e21cf3b900f064872fc326b0599055212051e7a954db0c2dfcece7abbb0,paired_synthetic_policy_concept
TRAIN-0133,train,safe_warning:deep_water,safe_warning,Normal/Ignore,A safety notice discusses entry into dangerous water by an untrained person only to warn people not to imitate it.,856425745e1466719c5daa256aaaace0beddcbb5aa24cad00fa3debf34390b5c,paired_synthetic_policy_concept
TRAIN-0134,train,safe_warning:deep_water,safe_warning,Normal/Ignore,The report condemns entry into dangerous water by an untrained person and asks viewers to avoid repeating the act.,f5b861d7759a52782be309b6f40dacdc906c658b60e088c7fccd64e1914c90e0,paired_synthetic_policy_concept
TRAIN-0135,train,safe_warning:deep_water,safe_warning,Normal/Ignore,This prevention lesson explains the risk of entry into dangerous water by an untrained person without encouraging participation.,ffa4d9179c643ffef3bd8606442b17e5364c29cc5679a42c8604b73bb8e7fc73,paired_synthetic_policy_concept
TRAIN-0136,train,safe_warning:deep_water,safe_warning,Normal/Ignore,The speaker warns that entry into dangerous water by an untrained person can cause serious injury and should never be attempted.,1d52943041a7145c1a3a80ec37e3cc547eb37d828b0c7dbf3ede555f77655693,paired_synthetic_policy_concept
TRAIN-0137,train,safe_warning:deep_water,safe_warning,Normal/Ignore,A public safety campaign discourages entry into dangerous water by an untrained person and promotes protective behavior.,6a9869962d00f6b389f2a0dfd4105ddebfdb8cfa29109011a8483c91a8f55a82,paired_synthetic_policy_concept
TRAIN-0138,train,safe_warning:deep_water,safe_warning,Normal/Ignore,The article reports entry into dangerous water by an untrained person while clearly telling the audience not to copy it.,29932a2b94237e9d3222b685adf5072d96ec42cba46ec8e12823b1a9d0cb9882,paired_synthetic_policy_concept
TRAIN-0139,train,professional_controlled:deep_water,professional_controlled,Normal/Ignore,A qualified team studies entry into dangerous water by an untrained person inside a controlled setting with protective procedures.,3770b62845047f3cbd83f44b3ceee89705630dc727d9064c160117b9c57eb40c,paired_synthetic_policy_concept
TRAIN-0140,train,professional_controlled:deep_water,professional_controlled,Normal/Ignore,Certified professionals demonstrate risk controls related to entry into dangerous water by an untrained person at an authorized facility.,bc9b8abb9259b3776589155c00b1391f7dbd3ce64d32ab97847f157e133612f4,paired_synthetic_policy_concept
TRAIN-0141,train,professional_controlled:deep_water,professional_controlled,Normal/Ignore,The educational material discusses entry into dangerous water by an untrained person under trained supervision and prohibits imitation.,ddb0f465332c0e7815ae24f1ae740e7182ee7b50e9bc90e1245248813d5213f8,paired_synthetic_policy_concept
TRAIN-0142,train,professional_controlled:deep_water,professional_controlled,Normal/Ignore,A controlled test examines entry into dangerous water by an untrained person behind protective barriers with emergency staff present.,fade0c8d65f27b097605185ea193d78593d7cb829199acb551be3c282206d81f,paired_synthetic_policy_concept
TRAIN-0143,train,professional_controlled:deep_water,professional_controlled,Normal/Ignore,Licensed operators address entry into dangerous water by an untrained person during formal safety training at a restricted site.,3e41e0ac5fdcc7c5fdb402457075866e05095241d822e326e1a52395a05397f5,paired_synthetic_policy_concept
TRAIN-0144,train,professional_controlled:deep_water,professional_controlled,Normal/Ignore,The documentary shows professionals managing entry into dangerous water by an untrained person with permits and exclusion controls.,03635a8b2e860dff1a2a11ff760ebd3945ca94bfd09d17d26f2dfd69481cab97,paired_synthetic_policy_concept
TRAIN-0145,train,dangerous_advocacy:unstable_structure,dangerous_advocacy,Normal/Ignore,The post urges an untrained viewer to imitate climbing on an unstable structure and presents it as entertainment.,2d74e86b422b5b47eda6cd7d97f709a3caf6b9f2b45f72d24ede8404b3483175,paired_synthetic_policy_concept
TRAIN-0146,train,dangerous_advocacy:unstable_structure,dangerous_advocacy,Normal/Ignore,A creator encourages the audience to try climbing on an unstable structure without professional supervision.,821df6a76fa1d47c4979fcd90617431b6d02bb0fd136abe807f13fd297dc15c6,paired_synthetic_policy_concept
TRAIN-0147,train,dangerous_advocacy:unstable_structure,dangerous_advocacy,Normal/Ignore,The message dares an amateur to attempt climbing on an unstable structure despite the obvious physical risk.,a9a475222dc13a79919deb24608234ae1290597968650768dfb64b47a90eaf9f,paired_synthetic_policy_concept
TRAIN-0148,train,dangerous_advocacy:unstable_structure,dangerous_advocacy,Normal/Ignore,This upload celebrates climbing on an unstable structure and asks viewers to copy the act.,21bfe41e93047afce0149072a03251761d87f5c1f7d7f394c9299cea0ef64298,paired_synthetic_policy_concept
TRAIN-0149,train,dangerous_advocacy:unstable_structure,dangerous_advocacy,Normal/Ignore,The central instruction promotes climbing on an unstable structure while dismissing normal safety controls.,962a0f4d904dd35d393a413e219dd2015f94cb53f96230db802017c0574bcc06,paired_synthetic_policy_concept
TRAIN-0150,train,dangerous_advocacy:unstable_structure,dangerous_advocacy,Normal/Ignore,The speaker treats climbing on an unstable structure as a challenge that ordinary people should repeat.,fef0c941e5b41e14909a410905ccc9c1a696f09113fd5dbfcebde4cde5ff256a,paired_synthetic_policy_concept
TRAIN-0151,train,safe_warning:unstable_structure,safe_warning,Normal/Ignore,A safety notice discusses climbing on an unstable structure only to warn people not to imitate it.,19f8d99190239be8a77619ea1e6173b5843741bf4fd7bc099b5ba49370c75c28,paired_synthetic_policy_concept
TRAIN-0152,train,safe_warning:unstable_structure,safe_warning,Normal/Ignore,The report condemns climbing on an unstable structure and asks viewers to avoid repeating the act.,544a6d23037e5c0a978839990f40670cd0ebde883801797fbd1b4db5326e63e2,paired_synthetic_policy_concept
TRAIN-0153,train,safe_warning:unstable_structure,safe_warning,Normal/Ignore,This prevention lesson explains the risk of climbing on an unstable structure without encouraging participation.,db1b9dc4dcb0efb3ded23b6bbfa745fcf9e6d2b220f4137b5e3c5baa22cbd454,paired_synthetic_policy_concept
TRAIN-0154,train,safe_warning:unstable_structure,safe_warning,Normal/Ignore,The speaker warns that climbing on an unstable structure can cause serious injury and should never be attempted.,44b1938bf26f7fcc3dfe57b8faca32e34c7da0f28713b487f8c350129895cf9f,paired_synthetic_policy_concept
TRAIN-0155,train,safe_warning:unstable_structure,safe_warning,Normal/Ignore,A public safety campaign discourages climbing on an unstable structure and promotes protective behavior.,bf3012dfebd2ec5b0af60465d29b0aa80d2ecaace5b97919a8f3f85264fe25a1,paired_synthetic_policy_concept
TRAIN-0156,train,safe_warning:unstable_structure,safe_warning,Normal/Ignore,The article reports climbing on an unstable structure while clearly telling the audience not to copy it.,e6619583d7ef1d7a2c740fb038ebe59b2310b2dc2793b972184c48fe7c2eba68,paired_synthetic_policy_concept
TRAIN-0157,train,professional_controlled:unstable_structure,professional_controlled,Normal/Ignore,A qualified team studies climbing on an unstable structure inside a controlled setting with protective procedures.,231d7bf69fbf853bb16999e19cd40613d5b7b93f933d787271894ef1d15f77bb,paired_synthetic_policy_concept
TRAIN-0158,train,professional_controlled:unstable_structure,professional_controlled,Normal/Ignore,Certified professionals demonstrate risk controls related to climbing on an unstable structure at an authorized facility.,00dc4d1b09cb6e8ee368585d6d2ac47f9f4545c3d3e554eb110224ec509da1e4,paired_synthetic_policy_concept
TRAIN-0159,train,professional_controlled:unstable_structure,professional_controlled,Normal/Ignore,The educational material discusses climbing on an unstable structure under trained supervision and prohibits imitation.,cab74550ec05ed46b5d8d29d6b2ebf8341070f46e0bf6b94175fbb1c0b37ef37,paired_synthetic_policy_concept
TRAIN-0160,train,professional_controlled:unstable_structure,professional_controlled,Normal/Ignore,A controlled test examines climbing on an unstable structure behind protective barriers with emergency staff present.,c09c702eeec41db0c4486bbce15b62b87f02c77f32fe4844890e5946d6494c60,paired_synthetic_policy_concept
TRAIN-0161,train,professional_controlled:unstable_structure,professional_controlled,Normal/Ignore,Licensed operators address climbing on an unstable structure during formal safety training at a restricted site.,128c0bd73bf189a41294c4e69b5da55a15123133e0ef65e0e7cbb2ca0fb71de8,paired_synthetic_policy_concept
TRAIN-0162,train,professional_controlled:unstable_structure,professional_controlled,Normal/Ignore,The documentary shows professionals managing climbing on an unstable structure with permits and exclusion controls.,31ea400547aa8580d92957343a0ad14a78f6107523b1b951c80302305ebd9115,paired_synthetic_policy_concept
TRAIN-0163,train,dangerous_advocacy:reckless_transport,dangerous_advocacy,Normal/Ignore,The post urges an untrained viewer to imitate a reckless maneuver on a public transport route and presents it as entertainment.,82e8b79ba18932dc1cc75fbcbc2e87328d2708d7a9b6c8a0c614d32cf3fca845,paired_synthetic_policy_concept
TRAIN-0164,train,dangerous_advocacy:reckless_transport,dangerous_advocacy,Normal/Ignore,A creator encourages the audience to try a reckless maneuver on a public transport route without professional supervision.,47fbd46d417cc780ad9feb6aaa4a379f7c18d18f1713ee634800e6347d56e56f,paired_synthetic_policy_concept
TRAIN-0165,train,dangerous_advocacy:reckless_transport,dangerous_advocacy,Normal/Ignore,The message dares an amateur to attempt a reckless maneuver on a public transport route despite the obvious physical risk.,1a1823e161809c533d80a56b73eb12b44a55662fd53e3485d387d73677e8ddb7,paired_synthetic_policy_concept
TRAIN-0166,train,dangerous_advocacy:reckless_transport,dangerous_advocacy,Normal/Ignore,This upload celebrates a reckless maneuver on a public transport route and asks viewers to copy the act.,546dab0de2be1423b34fe1192cf5665f0b08f43f5c55927b7860d8e8a1387efc,paired_synthetic_policy_concept
TRAIN-0167,train,dangerous_advocacy:reckless_transport,dangerous_advocacy,Normal/Ignore,The central instruction promotes a reckless maneuver on a public transport route while dismissing normal safety controls.,c3f134370d325428f7e7468dbbe2b99bddbefef4f9202d14d990c12f79f40acd,paired_synthetic_policy_concept
TRAIN-0168,train,dangerous_advocacy:reckless_transport,dangerous_advocacy,Normal/Ignore,The speaker treats a reckless maneuver on a public transport route as a challenge that ordinary people should repeat.,f4345d81bd3a28fc0c7b92c4d7354e08cdbb450f247cf23df746736a3d2d16d1,paired_synthetic_policy_concept
TRAIN-0169,train,safe_warning:reckless_transport,safe_warning,Normal/Ignore,A safety notice discusses a reckless maneuver on a public transport route only to warn people not to imitate it.,bff22b816ad121130d342791d2aabb97187534739635ae8ac0a3e6d7a954da2d,paired_synthetic_policy_concept
TRAIN-0170,train,safe_warning:reckless_transport,safe_warning,Normal/Ignore,The report condemns a reckless maneuver on a public transport route and asks viewers to avoid repeating the act.,8b88c1f9d7a16fed1ca7a808e5555b20909a4f7161c42d8f8ccb88c801f72beb,paired_synthetic_policy_concept
TRAIN-0171,train,safe_warning:reckless_transport,safe_warning,Normal/Ignore,This prevention lesson explains the risk of a reckless maneuver on a public transport route without encouraging participation.,088f2be0c5f8dd3d62dc23f7bed5a9bc2759c9e51c293ecd356ddee1ff69bb68,paired_synthetic_policy_concept
TRAIN-0172,train,safe_warning:reckless_transport,safe_warning,Normal/Ignore,The speaker warns that a reckless maneuver on a public transport route can cause serious injury and should never be attempted.,193d5160ebb163e6902f933a500fcdc46cb072fabfbeb1b76edaebdc7dab7e59,paired_synthetic_policy_concept
TRAIN-0173,train,safe_warning:reckless_transport,safe_warning,Normal/Ignore,A public safety campaign discourages a reckless maneuver on a public transport route and promotes protective behavior.,f66f2d1f134894fe6bf7115b4fd1bc0ac31ec979c45a98d260ad40d54767198f,paired_synthetic_policy_concept
TRAIN-0174,train,safe_warning:reckless_transport,safe_warning,Normal/Ignore,The article reports a reckless maneuver on a public transport route while clearly telling the audience not to copy it.,870dfa539373d1452eee2cfa828b8d98972fd64e44d3ae10578aad44821ddad3,paired_synthetic_policy_concept
TRAIN-0175,train,professional_controlled:reckless_transport,professional_controlled,Normal/Ignore,A qualified team studies a reckless maneuver on a public transport route inside a controlled setting with protective procedures.,d0fe90b25bfbce3f62112f172fbde1d4f21a7460b4ee87c91867125031883b0a,paired_synthetic_policy_concept
TRAIN-0176,train,professional_controlled:reckless_transport,professional_controlled,Normal/Ignore,Certified professionals demonstrate risk controls related to a reckless maneuver on a public transport route at an authorized facility.,077c9f34c1b034b699da7cc3f212de5b58bcad62105f3e558e7ca39ac394b662,paired_synthetic_policy_concept
TRAIN-0177,train,professional_controlled:reckless_transport,professional_controlled,Normal/Ignore,The educational material discusses a reckless maneuver on a public transport route under trained supervision and prohibits imitation.,175ddc27424478ea66b01750fb0ad1cafbca475ecf4026b4c50331282367b7c3,paired_synthetic_policy_concept
TRAIN-0178,train,professional_controlled:reckless_transport,professional_controlled,Normal/Ignore,A controlled test examines a reckless maneuver on a public transport route behind protective barriers with emergency staff present.,03e04d7c5c8d99c031baab9fe7e9750624b0ef32a801e7b7debca8adcde7bb67,paired_synthetic_policy_concept
TRAIN-0179,train,professional_controlled:reckless_transport,professional_controlled,Normal/Ignore,Licensed operators address a reckless maneuver on a public transport route during formal safety training at a restricted site.,a1abea8bd7289344cec997e64f24c5e74589d60e0747b57f924852c2474f8dd7,paired_synthetic_policy_concept
TRAIN-0180,train,professional_controlled:reckless_transport,professional_controlled,Normal/Ignore,The documentary shows professionals managing a reckless maneuver on a public transport route with permits and exclusion controls.,f61d5dd2a40ac761b79c5c7b2efa5dc51e0b1dcc3d04f787ea61cfb1abbbff72,paired_synthetic_policy_concept
TRAIN-0181,train,dangerous_advocacy:heavy_load,dangerous_advocacy,Normal/Ignore,The post urges an untrained viewer to imitate standing beneath an unsecured heavy load and presents it as entertainment.,105d6b46d4902c7d78f952e48b08b01a30cda06f415b52b5924dbd3f5549e2d1,paired_synthetic_policy_concept
TRAIN-0182,train,dangerous_advocacy:heavy_load,dangerous_advocacy,Normal/Ignore,A creator encourages the audience to try standing beneath an unsecured heavy load without professional supervision.,5cb24f72267e00acdeb11be2a37593fac1e65216a5208b0746c1c448b12c5fc4,paired_synthetic_policy_concept
TRAIN-0183,train,dangerous_advocacy:heavy_load,dangerous_advocacy,Normal/Ignore,The message dares an amateur to attempt standing beneath an unsecured heavy load despite the obvious physical risk.,fa3713641277d6e02c80410db45e4c75de3f851a6039ff07343a3718d2473a49,paired_synthetic_policy_concept
TRAIN-0184,train,dangerous_advocacy:heavy_load,dangerous_advocacy,Normal/Ignore,This upload celebrates standing beneath an unsecured heavy load and asks viewers to copy the act.,5684ff1678dcb6f8a03c1ceadeb2d1202e5b6091b38f12e66edc6a1191d67018,paired_synthetic_policy_concept
TRAIN-0185,train,dangerous_advocacy:heavy_load,dangerous_advocacy,Normal/Ignore,The central instruction promotes standing beneath an unsecured heavy load while dismissing normal safety controls.,85f58f603090d74129761db7bf2c28e61fbd725eef12d5f3573cc2cb2ed59fb9,paired_synthetic_policy_concept
TRAIN-0186,train,dangerous_advocacy:heavy_load,dangerous_advocacy,Normal/Ignore,The speaker treats standing beneath an unsecured heavy load as a challenge that ordinary people should repeat.,9c97b2cb638bd2ba57243e21692db46d0787d1983e88b93a45e37018aa84669a,paired_synthetic_policy_concept
TRAIN-0187,train,safe_warning:heavy_load,safe_warning,Normal/Ignore,A safety notice discusses standing beneath an unsecured heavy load only to warn people not to imitate it.,1520d3878c79356c7888789d1cea19e691f57d098728474577661e16f503c308,paired_synthetic_policy_concept
TRAIN-0188,train,safe_warning:heavy_load,safe_warning,Normal/Ignore,The report condemns standing beneath an unsecured heavy load and asks viewers to avoid repeating the act.,e29946099bd13fd64a3366294e62e3fb3235132873e88d5938c80163aa3cdc32,paired_synthetic_policy_concept
TRAIN-0189,train,safe_warning:heavy_load,safe_warning,Normal/Ignore,This prevention lesson explains the risk of standing beneath an unsecured heavy load without encouraging participation.,09b4716f52c3bc174ffe6d67a3b2b7f3bad247e4c75192a370033756e7731277,paired_synthetic_policy_concept
TRAIN-0190,train,safe_warning:heavy_load,safe_warning,Normal/Ignore,The speaker warns that standing beneath an unsecured heavy load can cause serious injury and should never be attempted.,eb11384be2536b8b3f0722035a044d2bca4410fed827b8fd55ca8eff3b1d5f9c,paired_synthetic_policy_concept
TRAIN-0191,train,safe_warning:heavy_load,safe_warning,Normal/Ignore,A public safety campaign discourages standing beneath an unsecured heavy load and promotes protective behavior.,a76ade30ddc5205c2ea70b27ca74de37126d62f0682f0442b414190136193f4a,paired_synthetic_policy_concept
TRAIN-0192,train,safe_warning:heavy_load,safe_warning,Normal/Ignore,The article reports standing beneath an unsecured heavy load while clearly telling the audience not to copy it.,cfa4710d2daa59d28ffd5cb6c8c707718a8726ca08f121a320b6015c887bc4c6,paired_synthetic_policy_concept
TRAIN-0193,train,professional_controlled:heavy_load,professional_controlled,Normal/Ignore,A qualified team studies standing beneath an unsecured heavy load inside a controlled setting with protective procedures.,ebc7a86766ddc9acb77d8f1db34b8de4f2ffb1907af659ea72e7e3cd1e1c7fd7,paired_synthetic_policy_concept
TRAIN-0194,train,professional_controlled:heavy_load,professional_controlled,Normal/Ignore,Certified professionals demonstrate risk controls related to standing beneath an unsecured heavy load at an authorized facility.,c03d9adda720d621356ce3c4a9efe94eece8ff1c71a14aab9e7d580e52e18eff,paired_synthetic_policy_concept
TRAIN-0195,train,professional_controlled:heavy_load,professional_controlled,Normal/Ignore,The educational material discusses standing beneath an unsecured heavy load under trained supervision and prohibits imitation.,4f2b74afaa9cd97e74be6ca8835f094faeab5950fc80d47b69072ae7e4c123b1,paired_synthetic_policy_concept
TRAIN-0196,train,professional_controlled:heavy_load,professional_controlled,Normal/Ignore,A controlled test examines standing beneath an unsecured heavy load behind protective barriers with emergency staff present.,f31d0fe62ee6067423ca5cd49900c7bf61b588b64225b590e944d90717dec048,paired_synthetic_policy_concept
TRAIN-0197,train,professional_controlled:heavy_load,professional_controlled,Normal/Ignore,Licensed operators address standing beneath an unsecured heavy load during formal safety training at a restricted site.,dc8db29fa0b008aaa896c28e50bcaf943cd0eeebc58294d03ebf81081574af4f,paired_synthetic_policy_concept
TRAIN-0198,train,professional_controlled:heavy_load,professional_controlled,Normal/Ignore,The documentary shows professionals managing standing beneath an unsecured heavy load with permits and exclusion controls.,63fd691b1d45ad726e4b9ce8b05e5d6f528c9b36dd118d7db002ca617c1e5636,paired_synthetic_policy_concept
TRAIN-0199,train,dangerous_advocacy:restricted_area,dangerous_advocacy,Normal/Ignore,The post urges an untrained viewer to imitate entry into a clearly restricted hazardous area and presents it as entertainment.,3c7bc4df09e9326d8a503e19811c2a3ffc6c357827ef8ffee9f703b33227deb7,paired_synthetic_policy_concept
TRAIN-0200,train,dangerous_advocacy:restricted_area,dangerous_advocacy,Normal/Ignore,A creator encourages the audience to try entry into a clearly restricted hazardous area without professional supervision.,8974e3d4f13bbc5a0fbd18966b365057abd3c2f715ba26f3a23aed91aecf4a7c,paired_synthetic_policy_concept
TRAIN-0201,train,dangerous_advocacy:restricted_area,dangerous_advocacy,Normal/Ignore,The message dares an amateur to attempt entry into a clearly restricted hazardous area despite the obvious physical risk.,80e00e98cd1c62a601fca35a061ebc0fbf5a2f0287a13855ec86a66f40eedafc,paired_synthetic_policy_concept
TRAIN-0202,train,dangerous_advocacy:restricted_area,dangerous_advocacy,Normal/Ignore,This upload celebrates entry into a clearly restricted hazardous area and asks viewers to copy the act.,ab471ecc241cdaaff7aa54f211c88f252f7bb51c41377b2ce568550c39fcbec0,paired_synthetic_policy_concept
TRAIN-0203,train,dangerous_advocacy:restricted_area,dangerous_advocacy,Normal/Ignore,The central instruction promotes entry into a clearly restricted hazardous area while dismissing normal safety controls.,eca83d8949db929d983a050db6435831633cd5098ab435d73969fb44e8422a8d,paired_synthetic_policy_concept
TRAIN-0204,train,dangerous_advocacy:restricted_area,dangerous_advocacy,Normal/Ignore,The speaker treats entry into a clearly restricted hazardous area as a challenge that ordinary people should repeat.,dd29204055c9323d5eb79d2e62f995af68b447fae8b4f59136ddedfcc4507718,paired_synthetic_policy_concept
TRAIN-0205,train,safe_warning:restricted_area,safe_warning,Normal/Ignore,A safety notice discusses entry into a clearly restricted hazardous area only to warn people not to imitate it.,bd7795db6a3183d400b8ef1da292e1ed72511e3f09d4645061538b8c6b998a17,paired_synthetic_policy_concept
TRAIN-0206,train,safe_warning:restricted_area,safe_warning,Normal/Ignore,The report condemns entry into a clearly restricted hazardous area and asks viewers to avoid repeating the act.,098f9c740f52c936353cd7149e94bf615c4d761f0a623a7caa7d71c59d28d1db,paired_synthetic_policy_concept
TRAIN-0207,train,safe_warning:restricted_area,safe_warning,Normal/Ignore,This prevention lesson explains the risk of entry into a clearly restricted hazardous area without encouraging participation.,2f13c73461428490b29c61c902be5043ae543ffc125799e3dd7e059e0e419bf2,paired_synthetic_policy_concept
TRAIN-0208,train,safe_warning:restricted_area,safe_warning,Normal/Ignore,The speaker warns that entry into a clearly restricted hazardous area can cause serious injury and should never be attempted.,26770c07a3f5b175ef87b4242bed58d6bf53cef02febfde74c6ffa5fad406a5b,paired_synthetic_policy_concept
TRAIN-0209,train,safe_warning:restricted_area,safe_warning,Normal/Ignore,A public safety campaign discourages entry into a clearly restricted hazardous area and promotes protective behavior.,afc5f9003735744667ffb502eb9742ef14d9304683d6118d9b92bc75773bc94e,paired_synthetic_policy_concept
TRAIN-0210,train,safe_warning:restricted_area,safe_warning,Normal/Ignore,The article reports entry into a clearly restricted hazardous area while clearly telling the audience not to copy it.,9b4b9d6bdbe9cbeaab9b3e141fbf8417797f320221b4cecc5bc5c095b8e0d5cf,paired_synthetic_policy_concept
TRAIN-0211,train,professional_controlled:restricted_area,professional_controlled,Normal/Ignore,A qualified team studies entry into a clearly restricted hazardous area inside a controlled setting with protective procedures.,50a87aa0378f9fb10aa041596b535e7ea33ed8abc90401ab58ea84741fa27965,paired_synthetic_policy_concept
TRAIN-0212,train,professional_controlled:restricted_area,professional_controlled,Normal/Ignore,Certified professionals demonstrate risk controls related to entry into a clearly restricted hazardous area at an authorized facility.,c3338d6c5d353e211f790b51320ff45d8f336cd2cdf636734d0b01708f33d7cd,paired_synthetic_policy_concept
TRAIN-0213,train,professional_controlled:restricted_area,professional_controlled,Normal/Ignore,The educational material discusses entry into a clearly restricted hazardous area under trained supervision and prohibits imitation.,d682feab5d71e688b50e6b378310617f50621c7dc1ccadb7592d65596cee2078,paired_synthetic_policy_concept
TRAIN-0214,train,professional_controlled:restricted_area,professional_controlled,Normal/Ignore,A controlled test examines entry into a clearly restricted hazardous area behind protective barriers with emergency staff present.,60c2d901ca1fdbc14b5743a6420bac2a06ced5fea0a1f98c561a438e7685b6a0,paired_synthetic_policy_concept
TRAIN-0215,train,professional_controlled:restricted_area,professional_controlled,Normal/Ignore,Licensed operators address entry into a clearly restricted hazardous area during formal safety training at a restricted site.,4d5523dbe17bdaf4eb18212ecffcef16fcae383a285a828a670151336ee5ef46,paired_synthetic_policy_concept
TRAIN-0216,train,professional_controlled:restricted_area,professional_controlled,Normal/Ignore,The documentary shows professionals managing entry into a clearly restricted hazardous area with permits and exclusion controls.,6b97897714f3e7697be95f100dba4516cd47502c260c31b38636401943ca301b,paired_synthetic_policy_concept
TRAIN-0217,train,dangerous_advocacy:appliance_tampering,dangerous_advocacy,Normal/Ignore,The post urges an untrained viewer to imitate unsafe tampering with a high-energy appliance and presents it as entertainment.,716e4e286abe93b791ac546df5d621038375cfd8640048186518275a5aebad7a,paired_synthetic_policy_concept
TRAIN-0218,train,dangerous_advocacy:appliance_tampering,dangerous_advocacy,Normal/Ignore,A creator encourages the audience to try unsafe tampering with a high-energy appliance without professional supervision.,ff6a7b147f85601f0db412e1243b4de85d2249298205d72a76299bf878f84640,paired_synthetic_policy_concept
TRAIN-0219,train,dangerous_advocacy:appliance_tampering,dangerous_advocacy,Normal/Ignore,The message dares an amateur to attempt unsafe tampering with a high-energy appliance despite the obvious physical risk.,87ca1462049559b7750706bcea37a93b01058d66cf5109632217a1d326ca8799,paired_synthetic_policy_concept
TRAIN-0220,train,dangerous_advocacy:appliance_tampering,dangerous_advocacy,Normal/Ignore,This upload celebrates unsafe tampering with a high-energy appliance and asks viewers to copy the act.,056634cf65f42faaba516fe911d8c6928e53ff8c823ac3ef1c0984259ff5c652,paired_synthetic_policy_concept
TRAIN-0221,train,dangerous_advocacy:appliance_tampering,dangerous_advocacy,Normal/Ignore,The central instruction promotes unsafe tampering with a high-energy appliance while dismissing normal safety controls.,1bef4293ca3bdd9a124c0a16ce617750ee79788316411eb36208397ac3775cf5,paired_synthetic_policy_concept
TRAIN-0222,train,dangerous_advocacy:appliance_tampering,dangerous_advocacy,Normal/Ignore,The speaker treats unsafe tampering with a high-energy appliance as a challenge that ordinary people should repeat.,d451660ac7758df1df9e0e59c166424faab498fe6253c0090c1254ca4a7b4fa8,paired_synthetic_policy_concept
TRAIN-0223,train,safe_warning:appliance_tampering,safe_warning,Normal/Ignore,A safety notice discusses unsafe tampering with a high-energy appliance only to warn people not to imitate it.,569f9cb88f56d83a57030b02683895e49dec8c96e55f943c5db81035b26e192e,paired_synthetic_policy_concept
TRAIN-0224,train,safe_warning:appliance_tampering,safe_warning,Normal/Ignore,The report condemns unsafe tampering with a high-energy appliance and asks viewers to avoid repeating the act.,225a8fa07a57b7ca46b40290beb6d98bea01bed229e5811a22af3129d1bd748e,paired_synthetic_policy_concept
TRAIN-0225,train,safe_warning:appliance_tampering,safe_warning,Normal/Ignore,This prevention lesson explains the risk of unsafe tampering with a high-energy appliance without encouraging participation.,df2df2002bb125420a35231cf652baf0b80a111d5cbdcf964530335a4e4b3eab,paired_synthetic_policy_concept
TRAIN-0226,train,safe_warning:appliance_tampering,safe_warning,Normal/Ignore,The speaker warns that unsafe tampering with a high-energy appliance can cause serious injury and should never be attempted.,d2f92c5729b494a0934cc401b66795c10403de363ba1daa108eb96b853a57ef6,paired_synthetic_policy_concept
TRAIN-0227,train,safe_warning:appliance_tampering,safe_warning,Normal/Ignore,A public safety campaign discourages unsafe tampering with a high-energy appliance and promotes protective behavior.,2576c3cf482e50ca42f8e920aba30367e9998e0e446cadb4a26469ed5a27409d,paired_synthetic_policy_concept
TRAIN-0228,train,safe_warning:appliance_tampering,safe_warning,Normal/Ignore,The article reports unsafe tampering with a high-energy appliance while clearly telling the audience not to copy it.,2ce5c91644bcd1d19492c8d6d26973b5417618d13f2b95bb26812b3013dd01f8,paired_synthetic_policy_concept
TRAIN-0229,train,professional_controlled:appliance_tampering,professional_controlled,Normal/Ignore,A qualified team studies unsafe tampering with a high-energy appliance inside a controlled setting with protective procedures.,dd62f641e82d9f26b452ddc7ae92734ce1f56630b95fd2b5d5519b611d11428e,paired_synthetic_policy_concept
TRAIN-0230,train,professional_controlled:appliance_tampering,professional_controlled,Normal/Ignore,Certified professionals demonstrate risk controls related to unsafe tampering with a high-energy appliance at an authorized facility.,6757bf9e40f7a0b2c73944bd07f65e47fd9fb11b40c4705d59cb429ca6a71448,paired_synthetic_policy_concept
TRAIN-0231,train,professional_controlled:appliance_tampering,professional_controlled,Normal/Ignore,The educational material discusses unsafe tampering with a high-energy appliance under trained supervision and prohibits imitation.,da6d14c183b6030e9c19144bbd3231c6fe646da2833c406b4a948d4136b52938,paired_synthetic_policy_concept
TRAIN-0232,train,professional_controlled:appliance_tampering,professional_controlled,Normal/Ignore,A controlled test examines unsafe tampering with a high-energy appliance behind protective barriers with emergency staff present.,dc89b29df617e3bedcb47fbaa5d11b17f0a913268d2ae1de5b97abf8c33881a3,paired_synthetic_policy_concept
TRAIN-0233,train,professional_controlled:appliance_tampering,professional_controlled,Normal/Ignore,Licensed operators address unsafe tampering with a high-energy appliance during formal safety training at a restricted site.,26dcc2df06a31afeef0083258b256f2e1488aebff8093c7931de7ddfe9faa402,paired_synthetic_policy_concept
TRAIN-0234,train,professional_controlled:appliance_tampering,professional_controlled,Normal/Ignore,The documentary shows professionals managing unsafe tampering with a high-energy appliance with permits and exclusion controls.,ece89ed331a4a7b13573a514afd2ae2add13adaa1c000a14503bad80a4325fbe,paired_synthetic_policy_concept
TRAIN-0235,train,dangerous_advocacy:special_effect,dangerous_advocacy,Normal/Ignore,The post urges an untrained viewer to imitate an uncontrolled imitation of a hazardous special effect and presents it as entertainment.,f6cd878b9525101b7c6073aaf5ce021effdc948157d375f54d5f7f189a9dbcca,paired_synthetic_policy_concept
TRAIN-0236,train,dangerous_advocacy:special_effect,dangerous_advocacy,Normal/Ignore,A creator encourages the audience to try an uncontrolled imitation of a hazardous special effect without professional supervision.,c253cdfb3c8dfac94ccc736f3aecf95ff3fbfa7d66bddda9a327befbbac0f30f,paired_synthetic_policy_concept
TRAIN-0237,train,dangerous_advocacy:special_effect,dangerous_advocacy,Normal/Ignore,The message dares an amateur to attempt an uncontrolled imitation of a hazardous special effect despite the obvious physical risk.,21caf9586844a58e0a146184d706efed11e11b0b71257165bb7a06990f5be743,paired_synthetic_policy_concept
TRAIN-0238,train,dangerous_advocacy:special_effect,dangerous_advocacy,Normal/Ignore,This upload celebrates an uncontrolled imitation of a hazardous special effect and asks viewers to copy the act.,40788cfe043203792f975e7f69b7fab84214f201fb3a506c8906d928b8cc0bc4,paired_synthetic_policy_concept
TRAIN-0239,train,dangerous_advocacy:special_effect,dangerous_advocacy,Normal/Ignore,The central instruction promotes an uncontrolled imitation of a hazardous special effect while dismissing normal safety controls.,255695279472b6cbe4d8b4e3f12d9171f8b8741126499e8488673ee9351e9558,paired_synthetic_policy_concept
TRAIN-0240,train,dangerous_advocacy:special_effect,dangerous_advocacy,Normal/Ignore,The speaker treats an uncontrolled imitation of a hazardous special effect as a challenge that ordinary people should repeat.,6bc9ffb0fce06566b23a9a39851fd5266e0e1177c4346775f39d50a214c47afd,paired_synthetic_policy_concept
TRAIN-0241,train,safe_warning:special_effect,safe_warning,Normal/Ignore,A safety notice discusses an uncontrolled imitation of a hazardous special effect only to warn people not to imitate it.,eb178b89521d80eda2ff1ec03bed1cf5e84b52c1752240f56fa97be13f00fb9c,paired_synthetic_policy_concept
TRAIN-0242,train,safe_warning:special_effect,safe_warning,Normal/Ignore,The report condemns an uncontrolled imitation of a hazardous special effect and asks viewers to avoid repeating the act.,3445ceeb7df60dac1b6ed21f7d14dd7dabfb4e424995770106ee51d1545b98fc,paired_synthetic_policy_concept
TRAIN-0243,train,safe_warning:special_effect,safe_warning,Normal/Ignore,This prevention lesson explains the risk of an uncontrolled imitation of a hazardous special effect without encouraging participation.,cc8ed7648fb388933ee8e8d038cb1c356742b41c6c4c9c4d6239add63477b560,paired_synthetic_policy_concept
TRAIN-0244,train,safe_warning:special_effect,safe_warning,Normal/Ignore,The speaker warns that an uncontrolled imitation of a hazardous special effect can cause serious injury and should never be attempted.,2720b9d35ef7838fe4a7e1a941f93288b2ddb12309d88dd6aff4e4f274e2cb44,paired_synthetic_policy_concept
TRAIN-0245,train,safe_warning:special_effect,safe_warning,Normal/Ignore,A public safety campaign discourages an uncontrolled imitation of a hazardous special effect and promotes protective behavior.,370998308f277ea9c09215cae13cae6972f642b0fe53a8d9c4876f3f1323a058,paired_synthetic_policy_concept
TRAIN-0246,train,safe_warning:special_effect,safe_warning,Normal/Ignore,The article reports an uncontrolled imitation of a hazardous special effect while clearly telling the audience not to copy it.,3b260c53e2224c62d8a74e89c821237be6931fb863b614d0a5842293428fbcda,paired_synthetic_policy_concept
TRAIN-0247,train,professional_controlled:special_effect,professional_controlled,Normal/Ignore,A qualified team studies an uncontrolled imitation of a hazardous special effect inside a controlled setting with protective procedures.,cf846e537b6f77ef3257c884e2d6770da834c4bef53ffffd483ffae6ee069218,paired_synthetic_policy_concept
TRAIN-0248,train,professional_controlled:special_effect,professional_controlled,Normal/Ignore,Certified professionals demonstrate risk controls related to an uncontrolled imitation of a hazardous special effect at an authorized facility.,399ed54bb25415257055a7ab1ad8bfd4b30b45f305f76ce466099e6614892756,paired_synthetic_policy_concept
TRAIN-0249,train,professional_controlled:special_effect,professional_controlled,Normal/Ignore,The educational material discusses an uncontrolled imitation of a hazardous special effect under trained supervision and prohibits imitation.,b1ebdf42a72d6a1668160b0c0459303db4c969ea32b4c36550f7559154788c65,paired_synthetic_policy_concept
TRAIN-0250,train,professional_controlled:special_effect,professional_controlled,Normal/Ignore,A controlled test examines an uncontrolled imitation of a hazardous special effect behind protective barriers with emergency staff present.,7ddd38348648d9a88baef0bb5425273d4d4b6c25f1e05e429ea5c1159b5025c5,paired_synthetic_policy_concept
TRAIN-0251,train,professional_controlled:special_effect,professional_controlled,Normal/Ignore,Licensed operators address an uncontrolled imitation of a hazardous special effect during formal safety training at a restricted site.,d2fcf63967fe78ea32e04032b44cca971ead8d90b5521f66785a46279dd8f7de,paired_synthetic_policy_concept
TRAIN-0252,train,professional_controlled:special_effect,professional_controlled,Normal/Ignore,The documentary shows professionals managing an uncontrolled imitation of a hazardous special effect with permits and exclusion controls.,a0b24c39905ca5ac07428f3bdfd15384da7eb4e70704e41bcd283ad0322494ef,paired_synthetic_policy_concept
TRAIN-0253,train,dangerous_advocacy:corrosive_material,dangerous_advocacy,Normal/Ignore,The post urges an untrained viewer to imitate unprotected handling of a corrosive material and presents it as entertainment.,0e74fc15fe4bc2a2b65c72da4391dd7bd1e41fc34230305a5a6e47a9a266a924,paired_synthetic_policy_concept
TRAIN-0254,train,dangerous_advocacy:corrosive_material,dangerous_advocacy,Normal/Ignore,A creator encourages the audience to try unprotected handling of a corrosive material without professional supervision.,e1604d1a534574eefde5358fa663886a6eade4539b593fc9acb9b44c0b70ce6f,paired_synthetic_policy_concept
TRAIN-0255,train,dangerous_advocacy:corrosive_material,dangerous_advocacy,Normal/Ignore,The message dares an amateur to attempt unprotected handling of a corrosive material despite the obvious physical risk.,dec37c86d96f27502b0de692fd585619a2be786e65efcc8e9e6eb20324ef3997,paired_synthetic_policy_concept
TRAIN-0256,train,dangerous_advocacy:corrosive_material,dangerous_advocacy,Normal/Ignore,This upload celebrates unprotected handling of a corrosive material and asks viewers to copy the act.,c8e09356c12ff9ad0a84d6d769666a567ad598fd641fa7cf7ddc07ab2bcb6595,paired_synthetic_policy_concept
TRAIN-0257,train,dangerous_advocacy:corrosive_material,dangerous_advocacy,Normal/Ignore,The central instruction promotes unprotected handling of a corrosive material while dismissing normal safety controls.,02b185c8a61a0b480568b090e88510e7b31616270bbffc9068c42f80edc96996,paired_synthetic_policy_concept
TRAIN-0258,train,dangerous_advocacy:corrosive_material,dangerous_advocacy,Normal/Ignore,The speaker treats unprotected handling of a corrosive material as a challenge that ordinary people should repeat.,8f4393cbcb2d715c81866a7cbc6e3d3c22163acef8b9aaec010d2b7eca7637e6,paired_synthetic_policy_concept
TRAIN-0259,train,safe_warning:corrosive_material,safe_warning,Normal/Ignore,A safety notice discusses unprotected handling of a corrosive material only to warn people not to imitate it.,9ac0ea665d3d1fc9efe484de595956862b65bd4a21c9ee5c60615881696e37b8,paired_synthetic_policy_concept
TRAIN-0260,train,safe_warning:corrosive_material,safe_warning,Normal/Ignore,The report condemns unprotected handling of a corrosive material and asks viewers to avoid repeating the act.,257eebc0ea68bd8a1c4d5b5e17cb0eee2598e4a8ef30f52a8dfbe483bd6a0530,paired_synthetic_policy_concept
TRAIN-0261,train,safe_warning:corrosive_material,safe_warning,Normal/Ignore,This prevention lesson explains the risk of unprotected handling of a corrosive material without encouraging participation.,ac82759be11c51ed26817ad74b2d4f86cb4e05f32dd375f2ef1048fb63c9a751,paired_synthetic_policy_concept
TRAIN-0262,train,safe_warning:corrosive_material,safe_warning,Normal/Ignore,The speaker warns that unprotected handling of a corrosive material can cause serious injury and should never be attempted.,6d68fdb61437c13e8846c527afd36d4cb8d944304888a9c957ac98031900d69d,paired_synthetic_policy_concept
TRAIN-0263,train,safe_warning:corrosive_material,safe_warning,Normal/Ignore,A public safety campaign discourages unprotected handling of a corrosive material and promotes protective behavior.,31777e8c03802d77a6a89508d6661826dc085e8b8fb265bdd1a2b43fdcca1917,paired_synthetic_policy_concept
TRAIN-0264,train,safe_warning:corrosive_material,safe_warning,Normal/Ignore,The article reports unprotected handling of a corrosive material while clearly telling the audience not to copy it.,c9317130478e67b5ce6a2835bfb87176bf5c5ed7c17eb604021237a3c178df57,paired_synthetic_policy_concept
TRAIN-0265,train,professional_controlled:corrosive_material,professional_controlled,Normal/Ignore,A qualified team studies unprotected handling of a corrosive material inside a controlled setting with protective procedures.,4261d1c04dec6f7b504ece5c0bccac078d0bcbba2685801588bd4e6ef99755da,paired_synthetic_policy_concept
TRAIN-0266,train,professional_controlled:corrosive_material,professional_controlled,Normal/Ignore,Certified professionals demonstrate risk controls related to unprotected handling of a corrosive material at an authorized facility.,ce3df61e0220c293e140b8c1d6ab6d3eec1f6b4042aad6483592723c49542263,paired_synthetic_policy_concept
TRAIN-0267,train,professional_controlled:corrosive_material,professional_controlled,Normal/Ignore,The educational material discusses unprotected handling of a corrosive material under trained supervision and prohibits imitation.,6acec0223b0918f87ee74ab84cdc97991c1d795f9ab2f5d37e1c70823d88c431,paired_synthetic_policy_concept
TRAIN-0268,train,professional_controlled:corrosive_material,professional_controlled,Normal/Ignore,A controlled test examines unprotected handling of a corrosive material behind protective barriers with emergency staff present.,bbd209319d2efc0ee823cde34a3ac2bc22e62ec0c550d2cdbb4d3365ea1e4a11,paired_synthetic_policy_concept
TRAIN-0269,train,professional_controlled:corrosive_material,professional_controlled,Normal/Ignore,Licensed operators address unprotected handling of a corrosive material during formal safety training at a restricted site.,f0b759c89f1003c07e9f9efea563fe32afdb036fdf9592ff7d371ec7b269eca6,paired_synthetic_policy_concept
TRAIN-0270,train,professional_controlled:corrosive_material,professional_controlled,Normal/Ignore,The documentary shows professionals managing unprotected handling of a corrosive material with permits and exclusion controls.,a52b9e0c26daa2158aa78e961bc6c2902d1bbbd715963e556e1acb2c6c8a7efe,paired_synthetic_policy_concept
TRAIN-0271,train,dangerous_advocacy:untrained_rescue,dangerous_advocacy,Normal/Ignore,The post urges an untrained viewer to imitate an improvised rescue attempt that endangers additional people and presents it as entertainment.,8a769a1727eef2aa633a8180bb9b62e155aab351538a97e98d16417d631d2dc9,paired_synthetic_policy_concept
TRAIN-0272,train,dangerous_advocacy:untrained_rescue,dangerous_advocacy,Normal/Ignore,A creator encourages the audience to try an improvised rescue attempt that endangers additional people without professional supervision.,f342737a8280942323762d1c91df4f76fee81aea03b79af1aa03f750d7fbf5ad,paired_synthetic_policy_concept
TRAIN-0273,train,dangerous_advocacy:untrained_rescue,dangerous_advocacy,Normal/Ignore,The message dares an amateur to attempt an improvised rescue attempt that endangers additional people despite the obvious physical risk.,13bb9befb0df37eaedfe9f33977d6d1a9f6cf7c5c1d83f1663dcf00d394edb05,paired_synthetic_policy_concept
TRAIN-0274,train,dangerous_advocacy:untrained_rescue,dangerous_advocacy,Normal/Ignore,This upload celebrates an improvised rescue attempt that endangers additional people and asks viewers to copy the act.,43bb71dbbfbc6cf9dcbbfeb3827f2bd0c0f6bda8a084dbedcf638d27e3db5844,paired_synthetic_policy_concept
TRAIN-0275,train,dangerous_advocacy:untrained_rescue,dangerous_advocacy,Normal/Ignore,The central instruction promotes an improvised rescue attempt that endangers additional people while dismissing normal safety controls.,33ccb29c4840e6d2a6979c8a970c0359639d64631cc04fb87c8094429c078748,paired_synthetic_policy_concept
TRAIN-0276,train,dangerous_advocacy:untrained_rescue,dangerous_advocacy,Normal/Ignore,The speaker treats an improvised rescue attempt that endangers additional people as a challenge that ordinary people should repeat.,d4db3693b0aa6dd82d434de18615d9b59af4dfb92ed992309217ed0e1f60b87d,paired_synthetic_policy_concept
TRAIN-0277,train,safe_warning:untrained_rescue,safe_warning,Normal/Ignore,A safety notice discusses an improvised rescue attempt that endangers additional people only to warn people not to imitate it.,6a606a0036cab9d1b16c00d496310ba105931c002524ca16406e2cd4a2febcef,paired_synthetic_policy_concept
TRAIN-0278,train,safe_warning:untrained_rescue,safe_warning,Normal/Ignore,The report condemns an improvised rescue attempt that endangers additional people and asks viewers to avoid repeating the act.,198d162915e47984dd56c92c869079ecb5a4c56cb0ea5c101aae6775fe6811ce,paired_synthetic_policy_concept
TRAIN-0279,train,safe_warning:untrained_rescue,safe_warning,Normal/Ignore,This prevention lesson explains the risk of an improvised rescue attempt that endangers additional people without encouraging participation.,5ee34aa4a4f2f6d0ab4383d31be1733de030abb25d4142b78de7c418d7ab045f,paired_synthetic_policy_concept
TRAIN-0280,train,safe_warning:untrained_rescue,safe_warning,Normal/Ignore,The speaker warns that an improvised rescue attempt that endangers additional people can cause serious injury and should never be attempted.,029f78acc3b2ccf3beac80071147d16ac7d1981ff7050ebed022436771c123b2,paired_synthetic_policy_concept
TRAIN-0281,train,safe_warning:untrained_rescue,safe_warning,Normal/Ignore,A public safety campaign discourages an improvised rescue attempt that endangers additional people and promotes protective behavior.,61c0640977b51d169fce8edfc499ad343b6c84b898074fa5e314cad59c09022e,paired_synthetic_policy_concept
TRAIN-0282,train,safe_warning:untrained_rescue,safe_warning,Normal/Ignore,The article reports an improvised rescue attempt that endangers additional people while clearly telling the audience not to copy it.,79fcfb5e0876600fdf12d62d1d046f9fed0c65ad91b42325f80569cb1014868a,paired_synthetic_policy_concept
TRAIN-0283,train,professional_controlled:untrained_rescue,professional_controlled,Normal/Ignore,A qualified team studies an improvised rescue attempt that endangers additional people inside a controlled setting with protective procedures.,22ddc0291259921ba0593471080d1238fe98440cead3c037949a88018577fb9d,paired_synthetic_policy_concept
TRAIN-0284,train,professional_controlled:untrained_rescue,professional_controlled,Normal/Ignore,Certified professionals demonstrate risk controls related to an improvised rescue attempt that endangers additional people at an authorized facility.,795ce193d71000a2068e98c06739fb10cf717ff2fc3e87061525c07c32421b1b,paired_synthetic_policy_concept
TRAIN-0285,train,professional_controlled:untrained_rescue,professional_controlled,Normal/Ignore,The educational material discusses an improvised rescue attempt that endangers additional people under trained supervision and prohibits imitation.,7136c0f06d793ad90fce3f67224aa0aa785869cac40dc5f0b8a7a595ff545a52,paired_synthetic_policy_concept
TRAIN-0286,train,professional_controlled:untrained_rescue,professional_controlled,Normal/Ignore,A controlled test examines an improvised rescue attempt that endangers additional people behind protective barriers with emergency staff present.,eb0ec50eef4121005094ba4ed89be19aa014bb8ad6bc0f3ef9ca7261a5edac78,paired_synthetic_policy_concept
TRAIN-0287,train,professional_controlled:untrained_rescue,professional_controlled,Normal/Ignore,Licensed operators address an improvised rescue attempt that endangers additional people during formal safety training at a restricted site.,c2d2703a2dd3065815ffb03f1d9ac081e4f666a931d201818500fb4bad3a162e,paired_synthetic_policy_concept
TRAIN-0288,train,professional_controlled:untrained_rescue,professional_controlled,Normal/Ignore,The documentary shows professionals managing an improvised rescue attempt that endangers additional people with permits and exclusion controls.,8c2e598b1c3e2404b220bea3c5be6dcf5b6a15bca8b375eef8fd95e8f918b943,paired_synthetic_policy_concept
TRAIN-0289,train,dangerous_advocacy:lifting_system,dangerous_advocacy,Normal/Ignore,The post urges an untrained viewer to imitate unsafe interference with active lifting equipment and presents it as entertainment.,6a066ebcbb84df8bdeaa4c4e29e39e894a73390b6d8dc974af0db54dbcb12344,paired_synthetic_policy_concept
TRAIN-0290,train,dangerous_advocacy:lifting_system,dangerous_advocacy,Normal/Ignore,A creator encourages the audience to try unsafe interference with active lifting equipment without professional supervision.,967f18f356e9242fb76bee519e031b16633c9e78b8a59e0668913e23d49ecd33,paired_synthetic_policy_concept
TRAIN-0291,train,dangerous_advocacy:lifting_system,dangerous_advocacy,Normal/Ignore,The message dares an amateur to attempt unsafe interference with active lifting equipment despite the obvious physical risk.,57cde59f2f648d8b12adb000cffd4bd4e7a14c6a00e476afd5f77f94c64ac1bf,paired_synthetic_policy_concept
TRAIN-0292,train,dangerous_advocacy:lifting_system,dangerous_advocacy,Normal/Ignore,This upload celebrates unsafe interference with active lifting equipment and asks viewers to copy the act.,2463cfc08041a35617a5ffee7e2489d530ce378a107a5a38d17ef585eb3d658f,paired_synthetic_policy_concept
TRAIN-0293,train,dangerous_advocacy:lifting_system,dangerous_advocacy,Normal/Ignore,The central instruction promotes unsafe interference with active lifting equipment while dismissing normal safety controls.,9b4e1c52e7e7531c9ae4883608cf79cf09bfda3193a12a956882ae3bc6d7ec68,paired_synthetic_policy_concept
TRAIN-0294,train,dangerous_advocacy:lifting_system,dangerous_advocacy,Normal/Ignore,The speaker treats unsafe interference with active lifting equipment as a challenge that ordinary people should repeat.,aa805cc97708ab829230e5411f6b88c2f8c62bf5d0b593ea43a13752b837aef6,paired_synthetic_policy_concept
TRAIN-0295,train,safe_warning:lifting_system,safe_warning,Normal/Ignore,A safety notice discusses unsafe interference with active lifting equipment only to warn people not to imitate it.,cbc225a6903dcb16be0a5d145287e9a6e7a2f6afa54d3ae6148205e5fa748763,paired_synthetic_policy_concept
TRAIN-0296,train,safe_warning:lifting_system,safe_warning,Normal/Ignore,The report condemns unsafe interference with active lifting equipment and asks viewers to avoid repeating the act.,4af19b7eb7190d4160ac6641ed18e6b906a9e0bda178d260b3014e72f18658e4,paired_synthetic_policy_concept
TRAIN-0297,train,safe_warning:lifting_system,safe_warning,Normal/Ignore,This prevention lesson explains the risk of unsafe interference with active lifting equipment without encouraging participation.,7d430cd0f01e780d7596557e631ba4b1dec51ecff93409be8066f0b3b985498b,paired_synthetic_policy_concept
TRAIN-0298,train,safe_warning:lifting_system,safe_warning,Normal/Ignore,The speaker warns that unsafe interference with active lifting equipment can cause serious injury and should never be attempted.,5df6b51c83584f0b0424241af2a8bc5e720a0880aa3baf8b924648f8c7f70619,paired_synthetic_policy_concept
TRAIN-0299,train,safe_warning:lifting_system,safe_warning,Normal/Ignore,A public safety campaign discourages unsafe interference with active lifting equipment and promotes protective behavior.,3a5bbb3e29fc7e6bcd324697298385c81c4e9db0c2c2c4c4e77a48741d0bf350,paired_synthetic_policy_concept
TRAIN-0300,train,safe_warning:lifting_system,safe_warning,Normal/Ignore,The article reports unsafe interference with active lifting equipment while clearly telling the audience not to copy it.,d7dfb5022984a4d6c67d951361ddb0a52c11c6bc0aa8545120cfd410b8ede8d2,paired_synthetic_policy_concept
TRAIN-0301,train,professional_controlled:lifting_system,professional_controlled,Normal/Ignore,A qualified team studies unsafe interference with active lifting equipment inside a controlled setting with protective procedures.,8d2cab740d95ab4278b53f91af7c8801713ad35d5d3bc1397329fe640d0a0411,paired_synthetic_policy_concept
TRAIN-0302,train,professional_controlled:lifting_system,professional_controlled,Normal/Ignore,Certified professionals demonstrate risk controls related to unsafe interference with active lifting equipment at an authorized facility.,1341e4e1afc34d4d529f0c39585343d52ef40e0498200c089b0f17a62a6a1995,paired_synthetic_policy_concept
TRAIN-0303,train,professional_controlled:lifting_system,professional_controlled,Normal/Ignore,The educational material discusses unsafe interference with active lifting equipment under trained supervision and prohibits imitation.,aa99104e9a46d76213b945756c2bacf8ab7ecc7e42ee5d0205fc4a4c0d209b42,paired_synthetic_policy_concept
TRAIN-0304,train,professional_controlled:lifting_system,professional_controlled,Normal/Ignore,A controlled test examines unsafe interference with active lifting equipment behind protective barriers with emergency staff present.,61862a83b4272aa4b05f8cc64c6ca152d2117f1fdaf490670962eab6d6698307,paired_synthetic_policy_concept
TRAIN-0305,train,professional_controlled:lifting_system,professional_controlled,Normal/Ignore,Licensed operators address unsafe interference with active lifting equipment during formal safety training at a restricted site.,f147ed699461888c7d2d49949997da0aca3e2cd8da1c67f0688a8f14056af3c5,paired_synthetic_policy_concept
TRAIN-0306,train,professional_controlled:lifting_system,professional_controlled,Normal/Ignore,The documentary shows professionals managing unsafe interference with active lifting equipment with permits and exclusion controls.,8c08d65360f578b6854699d3c2dff02fcab8c8b6ec615ce1aaa0b9e41de22e69,paired_synthetic_policy_concept
TRAIN-0307,train,dangerous_advocacy:bystander_prank,dangerous_advocacy,Normal/Ignore,The post urges an untrained viewer to imitate a prank that exposes unsuspecting bystanders to bodily harm and presents it as entertainment.,fc64be68c5c86c3eed4edfa21caa46a219b4c21fb931817c3ab47e18a63f62f2,paired_synthetic_policy_concept
TRAIN-0308,train,dangerous_advocacy:bystander_prank,dangerous_advocacy,Normal/Ignore,A creator encourages the audience to try a prank that exposes unsuspecting bystanders to bodily harm without professional supervision.,fa62fb89c9fd26d2798340733def83ae6883026d22635070b2137bc98f7d3bda,paired_synthetic_policy_concept
TRAIN-0309,train,dangerous_advocacy:bystander_prank,dangerous_advocacy,Normal/Ignore,The message dares an amateur to attempt a prank that exposes unsuspecting bystanders to bodily harm despite the obvious physical risk.,6366f70508b609a59f76eb28a004a1c9558f4768d356c8487d343b58ec1b0f42,paired_synthetic_policy_concept
TRAIN-0310,train,dangerous_advocacy:bystander_prank,dangerous_advocacy,Normal/Ignore,This upload celebrates a prank that exposes unsuspecting bystanders to bodily harm and asks viewers to copy the act.,550664bada1f2c332770fc83d0ba36f4fc3a4070cfc9f5c4708033d1df1993cc,paired_synthetic_policy_concept
TRAIN-0311,train,dangerous_advocacy:bystander_prank,dangerous_advocacy,Normal/Ignore,The central instruction promotes a prank that exposes unsuspecting bystanders to bodily harm while dismissing normal safety controls.,e47fb1afce8efdb790a67a51538d45773b07b97600e71629d6f8fcb37e767bac,paired_synthetic_policy_concept
TRAIN-0312,train,dangerous_advocacy:bystander_prank,dangerous_advocacy,Normal/Ignore,The speaker treats a prank that exposes unsuspecting bystanders to bodily harm as a challenge that ordinary people should repeat.,3eeb8b66f69a2b0508315b913520bf9361ae195ee41fb237297df1d6f4f74c83,paired_synthetic_policy_concept
TRAIN-0313,train,safe_warning:bystander_prank,safe_warning,Normal/Ignore,A safety notice discusses a prank that exposes unsuspecting bystanders to bodily harm only to warn people not to imitate it.,2fb78f2331238c3b4c70e11737553fe5f0cb221335200be4fc4e76f45b65d756,paired_synthetic_policy_concept
TRAIN-0314,train,safe_warning:bystander_prank,safe_warning,Normal/Ignore,The report condemns a prank that exposes unsuspecting bystanders to bodily harm and asks viewers to avoid repeating the act.,4b570de796c1553bcb93166531f9e6522cdc85f87c678153129d0eb52143d62e,paired_synthetic_policy_concept
TRAIN-0315,train,safe_warning:bystander_prank,safe_warning,Normal/Ignore,This prevention lesson explains the risk of a prank that exposes unsuspecting bystanders to bodily harm without encouraging participation.,cd1c3d59ff084712a6ea56f49057f6acc1fa0adeeffee9f29106016088b51ed2,paired_synthetic_policy_concept
TRAIN-0316,train,safe_warning:bystander_prank,safe_warning,Normal/Ignore,The speaker warns that a prank that exposes unsuspecting bystanders to bodily harm can cause serious injury and should never be attempted.,f502cf7fa521c1761ac47fd564b99b03335790c6edbeecb320db6dd4df74862a,paired_synthetic_policy_concept
TRAIN-0317,train,safe_warning:bystander_prank,safe_warning,Normal/Ignore,A public safety campaign discourages a prank that exposes unsuspecting bystanders to bodily harm and promotes protective behavior.,ba3d11c23c44ad73cfe6e1e8f7769d75b1e7a2bdef6bc1a21b9dc16432f99165,paired_synthetic_policy_concept
TRAIN-0318,train,safe_warning:bystander_prank,safe_warning,Normal/Ignore,The article reports a prank that exposes unsuspecting bystanders to bodily harm while clearly telling the audience not to copy it.,d675e39b5a67bbb9f8ea2212791a12f79d93abeb7f0dc4873d3497e49bea4c6c,paired_synthetic_policy_concept
TRAIN-0319,train,professional_controlled:bystander_prank,professional_controlled,Normal/Ignore,A qualified team studies a prank that exposes unsuspecting bystanders to bodily harm inside a controlled setting with protective procedures.,791f428416b2365d3001da8b1a9bee924f7cb00a9c1d3d42d39d8387cbc4db91,paired_synthetic_policy_concept
TRAIN-0320,train,professional_controlled:bystander_prank,professional_controlled,Normal/Ignore,Certified professionals demonstrate risk controls related to a prank that exposes unsuspecting bystanders to bodily harm at an authorized facility.,88b8ce5fb406911c91978dc0e917be68e778207550f961e7c223c1e17f584ae8,paired_synthetic_policy_concept
TRAIN-0321,train,professional_controlled:bystander_prank,professional_controlled,Normal/Ignore,The educational material discusses a prank that exposes unsuspecting bystanders to bodily harm under trained supervision and prohibits imitation.,0ae610534e429a783f55861f6b46c5eef1d08bde0fe83aef53d206fd6b713c48,paired_synthetic_policy_concept
TRAIN-0322,train,professional_controlled:bystander_prank,professional_controlled,Normal/Ignore,A controlled test examines a prank that exposes unsuspecting bystanders to bodily harm behind protective barriers with emergency staff present.,eb2655c2c15b71971f9805c340205597a08c8ed104b95f10ec33db4112bea977,paired_synthetic_policy_concept
TRAIN-0323,train,professional_controlled:bystander_prank,professional_controlled,Normal/Ignore,Licensed operators address a prank that exposes unsuspecting bystanders to bodily harm during formal safety training at a restricted site.,49a49c9b7ab648388faef3a313023b96c580e3a925d985b157649beb0247fe1c,paired_synthetic_policy_concept
TRAIN-0324,train,professional_controlled:bystander_prank,professional_controlled,Normal/Ignore,The documentary shows professionals managing a prank that exposes unsuspecting bystanders to bodily harm with permits and exclusion controls.,95c1374739115e80de4b09d4d2411d26316c687f3bdbfaffc5b91b620e78fa9e,paired_synthetic_policy_concept
TRAIN-0325,train,dangerous_advocacy:property_damage,dangerous_advocacy,Normal/Ignore,The post urges an untrained viewer to imitate a reckless act likely to cause serious property destruction and presents it as entertainment.,4071f971ad5e651e308c3951450b706e330fe42d4c40c197256b39ce423f1333,paired_synthetic_policy_concept
TRAIN-0326,train,dangerous_advocacy:property_damage,dangerous_advocacy,Normal/Ignore,A creator encourages the audience to try a reckless act likely to cause serious property destruction without professional supervision.,0c4ded9c0fd25b6aa141e500a657725aadbbb37a95f959df154df281c5becc37,paired_synthetic_policy_concept
TRAIN-0327,train,dangerous_advocacy:property_damage,dangerous_advocacy,Normal/Ignore,The message dares an amateur to attempt a reckless act likely to cause serious property destruction despite the obvious physical risk.,713ca7ab22f51a8e8fb599ed1a8b68b090e6c400e84c9c6fa2725d905563930d,paired_synthetic_policy_concept
TRAIN-0328,train,dangerous_advocacy:property_damage,dangerous_advocacy,Normal/Ignore,This upload celebrates a reckless act likely to cause serious property destruction and asks viewers to copy the act.,cec6c38fcdaef58b1dbf8a34a96dbc008f65c5e153b881d0176bc24998a23ea0,paired_synthetic_policy_concept
TRAIN-0329,train,dangerous_advocacy:property_damage,dangerous_advocacy,Normal/Ignore,The central instruction promotes a reckless act likely to cause serious property destruction while dismissing normal safety controls.,b86fd2887ee76b9198ec8b0816df60a72cca241bf9776992f129180ef452a17c,paired_synthetic_policy_concept
TRAIN-0330,train,dangerous_advocacy:property_damage,dangerous_advocacy,Normal/Ignore,The speaker treats a reckless act likely to cause serious property destruction as a challenge that ordinary people should repeat.,efedf3e59a516827a3b8170ce5621b194ea77eaa7260eeab0ae582902bd965c6,paired_synthetic_policy_concept
TRAIN-0331,train,safe_warning:property_damage,safe_warning,Normal/Ignore,A safety notice discusses a reckless act likely to cause serious property destruction only to warn people not to imitate it.,6b289105e3feefcc199af0573b8026999dd7a8d602f74152633a1fc457d4385e,paired_synthetic_policy_concept
TRAIN-0332,train,safe_warning:property_damage,safe_warning,Normal/Ignore,The report condemns a reckless act likely to cause serious property destruction and asks viewers to avoid repeating the act.,386d50573b0dd92e349c993fd5cb96a259c02fefcb46b4e89a44942ddf3a3f67,paired_synthetic_policy_concept
TRAIN-0333,train,safe_warning:property_damage,safe_warning,Normal/Ignore,This prevention lesson explains the risk of a reckless act likely to cause serious property destruction without encouraging participation.,16f1fd7694965ea9484a5f9f195ab514b409be04510a1e082aa5a4555d5d7175,paired_synthetic_policy_concept
TRAIN-0334,train,safe_warning:property_damage,safe_warning,Normal/Ignore,The speaker warns that a reckless act likely to cause serious property destruction can cause serious injury and should never be attempted.,252068e7974f982e9a6f42d2ab3b835ce78bf83a210b4c7e1ba1ffa5e14fa73e,paired_synthetic_policy_concept
TRAIN-0335,train,safe_warning:property_damage,safe_warning,Normal/Ignore,A public safety campaign discourages a reckless act likely to cause serious property destruction and promotes protective behavior.,3b6d5813023737bee3ec7efef0d1fd9fa31f4ffdcf0f2a50595b5ca683f3a70e,paired_synthetic_policy_concept
TRAIN-0336,train,safe_warning:property_damage,safe_warning,Normal/Ignore,The article reports a reckless act likely to cause serious property destruction while clearly telling the audience not to copy it.,d587ab44a3acc5a0c212d8a2b1245b3b1211cba6b8bb4c36f3fa72339f0d0d53,paired_synthetic_policy_concept
TRAIN-0337,train,professional_controlled:property_damage,professional_controlled,Normal/Ignore,A qualified team studies a reckless act likely to cause serious property destruction inside a controlled setting with protective procedures.,66e766f5c7b7ff5bc418cb55425e1df0452dd6a080756960d6ad58b989a91c37,paired_synthetic_policy_concept
TRAIN-0338,train,professional_controlled:property_damage,professional_controlled,Normal/Ignore,Certified professionals demonstrate risk controls related to a reckless act likely to cause serious property destruction at an authorized facility.,dcfe6f173ae22a286cf04ecd002b166668042e1ed7f6947645acdfff8e935cd9,paired_synthetic_policy_concept
TRAIN-0339,train,professional_controlled:property_damage,professional_controlled,Normal/Ignore,The educational material discusses a reckless act likely to cause serious property destruction under trained supervision and prohibits imitation.,4bfd9e50b5bbb17dd5d25f5c2cb50bde4a0c5988b7c0f74b433bba6c4b3d7bde,paired_synthetic_policy_concept
TRAIN-0340,train,professional_controlled:property_damage,professional_controlled,Normal/Ignore,A controlled test examines a reckless act likely to cause serious property destruction behind protective barriers with emergency staff present.,39ef973f11fe786287519143eba357ca61c725d95d8f6a28c7be30a4a60965e1,paired_synthetic_policy_concept
TRAIN-0341,train,professional_controlled:property_damage,professional_controlled,Normal/Ignore,Licensed operators address a reckless act likely to cause serious property destruction during formal safety training at a restricted site.,d8ff78f552252d3cc3926b4f1218e6469461531ca515b7df620e4785a7f6d0cb,paired_synthetic_policy_concept
TRAIN-0342,train,professional_controlled:property_damage,professional_controlled,Normal/Ignore,The documentary shows professionals managing a reckless act likely to cause serious property destruction with permits and exclusion controls.,a5bb2849303c13ae49930411e2cd1897f4cc784800af65b6f44b6b7454c6c400,paired_synthetic_policy_concept
TRAIN-0343,train,dangerous_advocacy:household_hazard,dangerous_advocacy,Normal/Ignore,The post urges an untrained viewer to imitate an unsupervised household experiment with a serious injury risk and presents it as entertainment.,5c3885fd9418e2eaeeae922ae04ed164a735f2840bc5ec78c55296107b287e44,paired_synthetic_policy_concept
TRAIN-0344,train,dangerous_advocacy:household_hazard,dangerous_advocacy,Normal/Ignore,A creator encourages the audience to try an unsupervised household experiment with a serious injury risk without professional supervision.,e5871dfa14e82ab9fc0964c01264b25d3b1fca37eeb8ba3d7a4993d200b71ee2,paired_synthetic_policy_concept
TRAIN-0345,train,dangerous_advocacy:household_hazard,dangerous_advocacy,Normal/Ignore,The message dares an amateur to attempt an unsupervised household experiment with a serious injury risk despite the obvious physical risk.,f3e5b02c523595a39c50c67b97fcf5c1c223552caf78679d305ed58938aeed92,paired_synthetic_policy_concept
TRAIN-0346,train,dangerous_advocacy:household_hazard,dangerous_advocacy,Normal/Ignore,This upload celebrates an unsupervised household experiment with a serious injury risk and asks viewers to copy the act.,df652f3fba3d4a9e78ab684857fc49757c044924bd15a70214c0eac06be8cbd8,paired_synthetic_policy_concept
TRAIN-0347,train,dangerous_advocacy:household_hazard,dangerous_advocacy,Normal/Ignore,The central instruction promotes an unsupervised household experiment with a serious injury risk while dismissing normal safety controls.,b1e064820763ca0ee80183351a7b34a159b4195dd86ef81900e4eaa9b7420ef3,paired_synthetic_policy_concept
TRAIN-0348,train,dangerous_advocacy:household_hazard,dangerous_advocacy,Normal/Ignore,The speaker treats an unsupervised household experiment with a serious injury risk as a challenge that ordinary people should repeat.,0ab12a905371d3ba3bfbc1ab41103860741103cf5c903e3aee8baf7d4d73c4fe,paired_synthetic_policy_concept
TRAIN-0349,train,safe_warning:household_hazard,safe_warning,Normal/Ignore,A safety notice discusses an unsupervised household experiment with a serious injury risk only to warn people not to imitate it.,cd7c71987a34667e43a1ee6e8a9cb85a9ff4156890967e05317e622aa4ff9e49,paired_synthetic_policy_concept
TRAIN-0350,train,safe_warning:household_hazard,safe_warning,Normal/Ignore,The report condemns an unsupervised household experiment with a serious injury risk and asks viewers to avoid repeating the act.,387972d4f88f15dd8501c1923554eb9b7752f6b7732729c7d70e0da40fb77ada,paired_synthetic_policy_concept
TRAIN-0351,train,safe_warning:household_hazard,safe_warning,Normal/Ignore,This prevention lesson explains the risk of an unsupervised household experiment with a serious injury risk without encouraging participation.,7ab255dd81d81d5c23969394f56898df997872c056cd2202726bc3523920ccc0,paired_synthetic_policy_concept
TRAIN-0352,train,safe_warning:household_hazard,safe_warning,Normal/Ignore,The speaker warns that an unsupervised household experiment with a serious injury risk can cause serious injury and should never be attempted.,d5d44b54eb81c39108e6379529f25bb6d3a62462a89d00059828da2aee01195a,paired_synthetic_policy_concept
TRAIN-0353,train,safe_warning:household_hazard,safe_warning,Normal/Ignore,A public safety campaign discourages an unsupervised household experiment with a serious injury risk and promotes protective behavior.,9bd8a0d7f095ffd15afaf4b05c4b68b811afc6886a43c54dff90431394642a1c,paired_synthetic_policy_concept
TRAIN-0354,train,safe_warning:household_hazard,safe_warning,Normal/Ignore,The article reports an unsupervised household experiment with a serious injury risk while clearly telling the audience not to copy it.,beb51042b1972c9b0ddf3d4f3b0cff98353bea6e6e76efa867889d49ff2e5831,paired_synthetic_policy_concept
TRAIN-0355,train,professional_controlled:household_hazard,professional_controlled,Normal/Ignore,A qualified team studies an unsupervised household experiment with a serious injury risk inside a controlled setting with protective procedures.,4686d1fd8532eb34bfa6fe860d30678834dfd48492546285ec3af73b44d8bd27,paired_synthetic_policy_concept
TRAIN-0356,train,professional_controlled:household_hazard,professional_controlled,Normal/Ignore,Certified professionals demonstrate risk controls related to an unsupervised household experiment with a serious injury risk at an authorized facility.,30a1e40d69171ce384c3f7bd1ccfa6e929f28a542c22c8f5c262e86fa7be8f50,paired_synthetic_policy_concept
TRAIN-0357,train,professional_controlled:household_hazard,professional_controlled,Normal/Ignore,The educational material discusses an unsupervised household experiment with a serious injury risk under trained supervision and prohibits imitation.,354e481e7353fea59bdf2b393afcc10c1dbd7380cc70a5833725bdca2cfa7e42,paired_synthetic_policy_concept
TRAIN-0358,train,professional_controlled:household_hazard,professional_controlled,Normal/Ignore,A controlled test examines an unsupervised household experiment with a serious injury risk behind protective barriers with emergency staff present.,57bfa08cdfbeaaec25537cb73808e6089b5b8fac7f436fe44eda2982060b1390,paired_synthetic_policy_concept
TRAIN-0359,train,professional_controlled:household_hazard,professional_controlled,Normal/Ignore,Licensed operators address an unsupervised household experiment with a serious injury risk during formal safety training at a restricted site.,95f2c506da7dd21883e9bc8c083635a02b31c3f47e277fc91f5ab4ce987c9ccd,paired_synthetic_policy_concept
TRAIN-0360,train,professional_controlled:household_hazard,professional_controlled,Normal/Ignore,The documentary shows professionals managing an unsupervised household experiment with a serious injury risk with permits and exclusion controls.,6488434571df32f4b7c4dcd71f1ef35876b1ad26ff0c26ec7c8bf3239e9bb377,paired_synthetic_policy_concept
TRAIN-0361,train,safe_or_other:board_game,safe_or_other,Normal/Ignore,This message invites friends to complete a harmless board-game challenge.,bf44dfd37dd990ab19eac8cd68ed1841204575ad091f5d61d8f6e4e7a0df3482,paired_synthetic_policy_concept
TRAIN-0362,train,safe_or_other:board_game,safe_or_other,Normal/Ignore,The post invites friends to complete a harmless board-game challenge.,e1da9e0e51658c81d272f0ec5132191ca533a1c30820b459dca5acac42b6c2fc,paired_synthetic_policy_concept
TRAIN-0363,train,safe_or_other:board_game,safe_or_other,Normal/Ignore,A short caption invites friends to complete a harmless board-game challenge.,2e9afb4bd0cce4c0172182c8ec042123f5e748c18964e3f1746329c5aa98ffdd,paired_synthetic_policy_concept
TRAIN-0364,train,safe_or_other:board_game,safe_or_other,Normal/Ignore,The content simply invites friends to complete a harmless board-game challenge.,935fc04d91a1fe787ea1f026b021a0fdb367bfba9816b2ff5d39661e32d48a15,paired_synthetic_policy_concept
TRAIN-0365,train,safe_or_other:logic_puzzle,safe_or_other,Normal/Ignore,This message encourages students to solve a normal logic puzzle.,aaba47f8eaf3220d33c63ce6dbd4c54601a775e1f80b2c8ba3458cd49780f69c,paired_synthetic_policy_concept
TRAIN-0366,train,safe_or_other:logic_puzzle,safe_or_other,Normal/Ignore,The post encourages students to solve a normal logic puzzle.,542fb169b295346b9492504158b4452aa4e6dd2dac67754e53a1bc261d9a98bc,paired_synthetic_policy_concept
TRAIN-0367,train,safe_or_other:logic_puzzle,safe_or_other,Normal/Ignore,A short caption encourages students to solve a normal logic puzzle.,f2812d16a9bf0bdd5c6f3237f52d3d3362d4ce64ee431c412c279ad07f14c704,paired_synthetic_policy_concept
TRAIN-0368,train,safe_or_other:logic_puzzle,safe_or_other,Normal/Ignore,The content simply encourages students to solve a normal logic puzzle.,c55f0b62c8e0c46dcd43aba6a1622a9dc5a9e1305a58ea04f0765ffbc7eb21c2,paired_synthetic_policy_concept
TRAIN-0369,train,safe_or_other:safe_fitness,safe_or_other,Normal/Ignore,This message describes a beginner exercise with rest and ordinary safety limits.,0722ff8f1c2f2ad723245b4a66bd17981ea07e21989fedecd806d535593b122d,paired_synthetic_policy_concept
TRAIN-0370,train,safe_or_other:safe_fitness,safe_or_other,Normal/Ignore,The post describes a beginner exercise with rest and ordinary safety limits.,3ad930b852faa063b5457ceb09dc8b199424ad4d23967250c013a18241a4dba9,paired_synthetic_policy_concept
TRAIN-0371,train,safe_or_other:safe_fitness,safe_or_other,Normal/Ignore,A short caption describes a beginner exercise with rest and ordinary safety limits.,bfe8c0a1fc61d437c169e6783c2e85842366c6d04a436be9eb3be48977282cd4,paired_synthetic_policy_concept
TRAIN-0372,train,safe_or_other:safe_fitness,safe_or_other,Normal/Ignore,The content simply describes a beginner exercise with rest and ordinary safety limits.,d39ea7e83a3beb0ba319e509e58fe212724abdb01c8bc090adb0393ca62f1955,paired_synthetic_policy_concept
TRAIN-0373,train,safe_or_other:safe_craft,safe_or_other,Normal/Ignore,This message shows a harmless classroom paper craft.,08c39e577143485baf5512fe0d9e08670527312ce993e4dcd05c216a0375f9a2,paired_synthetic_policy_concept
TRAIN-0374,train,safe_or_other:safe_craft,safe_or_other,Normal/Ignore,The post shows a harmless classroom paper craft.,d96e6205cc0fcd25dba606cf67e647869969599d95c8f59b3e3ee6a69444cb6b,paired_synthetic_policy_concept
TRAIN-0375,train,safe_or_other:safe_craft,safe_or_other,Normal/Ignore,A short caption shows a harmless classroom paper craft.,48c722dfd0f85b4d853b6146b8a1e1851e4314ebb01620d738b8eb8cb5486bed,paired_synthetic_policy_concept
TRAIN-0376,train,safe_or_other:safe_craft,safe_or_other,Normal/Ignore,The content simply shows a harmless classroom paper craft.,1af59c53df547ba70202102c47730677ea41ebf21487689d80081f10694d4aa9,paired_synthetic_policy_concept
TRAIN-0377,train,safe_or_other:safe_cooking,safe_or_other,Normal/Ignore,This message shares routine cooking advice with normal kitchen care.,430338373e25b407eb369b7f7b804dc56135ec991688d6c0e2b133da65d267c6,paired_synthetic_policy_concept
TRAIN-0378,train,safe_or_other:safe_cooking,safe_or_other,Normal/Ignore,The post shares routine cooking advice with normal kitchen care.,28071734deb2bf8b922924117e6b3fa2b5fd25704ef81a993744de67db35b17f,paired_synthetic_policy_concept
TRAIN-0379,train,safe_or_other:safe_cooking,safe_or_other,Normal/Ignore,A short caption shares routine cooking advice with normal kitchen care.,9d57f7230da89ea6c47cfe2133b69dcb5e3cba6befd24ae8998ccc74210dc507,paired_synthetic_policy_concept
TRAIN-0380,train,safe_or_other:safe_cooking,safe_or_other,Normal/Ignore,The content simply shares routine cooking advice with normal kitchen care.,d8f8d5b3328c1b149218ca6b02a5af2543e3e7fb01171f5ffffc05570a825dfd,paired_synthetic_policy_concept
TRAIN-0381,train,safe_or_other:neutral_news,safe_or_other,Normal/Ignore,This message neutrally reports a public event without encouraging harm.,e34a5dbe1919a525dff4bce6bc2e21369af1c3707b481412bc92850bce98dbeb,paired_synthetic_policy_concept
TRAIN-0382,train,safe_or_other:neutral_news,safe_or_other,Normal/Ignore,The post neutrally reports a public event without encouraging harm.,177392426bc5c63a27f0cb9c25323f7fde3e6eb89876965251f4a05b24abeb66,paired_synthetic_policy_concept
TRAIN-0383,train,safe_or_other:neutral_news,safe_or_other,Normal/Ignore,A short caption neutrally reports a public event without encouraging harm.,61d57a865e8de4a8ac4992ac73114923ad15446813ec34f1c058dd676f27da98,paired_synthetic_policy_concept
TRAIN-0384,train,safe_or_other:neutral_news,safe_or_other,Normal/Ignore,The content simply neutrally reports a public event without encouraging harm.,ea8ef0b41aab9607e54ec6f0bde3ef31ff21cf8ef170113c2cd27582fef72909,paired_synthetic_policy_concept
TRAIN-0385,train,safe_or_other:violence_owner,safe_or_other,Violent Content,This message directly threatens to assault a specific person.,20e9f5239a53686d2598e13aa1ae69e433d06a66ed127044a67632a581bdac40,paired_synthetic_policy_concept
TRAIN-0386,train,safe_or_other:violence_owner,safe_or_other,Violent Content,The post directly threatens to assault a specific person.,c36f9c3bbb426d9f90a2d3de4e9ed27ffefc615f84e05390b5bd77f3e636010c,paired_synthetic_policy_concept
TRAIN-0387,train,safe_or_other:violence_owner,safe_or_other,Violent Content,A short caption directly threatens to assault a specific person.,a26f7aaf993961ebdc4580ff1652fcc64d50962c832dcaf49c2e40577fcf85f5,paired_synthetic_policy_concept
TRAIN-0388,train,safe_or_other:violence_owner,safe_or_other,Violent Content,The content simply directly threatens to assault a specific person.,9f2fac4c4845bd999d492d82b939f4843b7f042cb525b1d4983ed26586a1cc1b,paired_synthetic_policy_concept
TRAIN-0389,train,safe_or_other:private_owner,safe_or_other,Publishing Private Information,This message publishes another person's private home address.,47729cd041deb7bc5578de72de8a143e26f6c4e1fba100eaab10d5def7cd18d4,paired_synthetic_policy_concept
TRAIN-0390,train,safe_or_other:private_owner,safe_or_other,Publishing Private Information,The post publishes another person's private home address.,6bcafb216f5c345d9543427a05a65e50fe7f3850e9442a046962f643a101ef30,paired_synthetic_policy_concept
TRAIN-0391,train,safe_or_other:private_owner,safe_or_other,Publishing Private Information,A short caption publishes another person's private home address.,abbc4edaaea3ed5ff221e43f2cf4b07e9910447b12b7731d4670cd6b91ce8659,paired_synthetic_policy_concept
TRAIN-0392,train,safe_or_other:private_owner,safe_or_other,Publishing Private Information,The content simply publishes another person's private home address.,b4a4ac94cd896c13743e084edbbf8ee5f9ebfbf5cccf001759b44a118c824713,paired_synthetic_policy_concept
TRAIN-0393,train,safe_or_other:spam_owner,safe_or_other,"Spam, Scam & Phishing",This message impersonates account support to request a secret access code.,9b310708593923f54494a946c353f38f1f79f4cb311e173b48897d4e20fb57d2,paired_synthetic_policy_concept
TRAIN-0394,train,safe_or_other:spam_owner,safe_or_other,"Spam, Scam & Phishing",The post impersonates account support to request a secret access code.,0ae487ec21c8a6083a993032e5a585d143283b36123595de1aa30330883fed43,paired_synthetic_policy_concept
TRAIN-0395,train,safe_or_other:spam_owner,safe_or_other,"Spam, Scam & Phishing",A short caption impersonates account support to request a secret access code.,b4dcd7e213ee5fb46c74c51675918c8853c160d0edc467d294ff6d3c49b8d084,paired_synthetic_policy_concept
TRAIN-0396,train,safe_or_other:spam_owner,safe_or_other,"Spam, Scam & Phishing",The content simply impersonates account support to request a secret access code.,cbd7db68e9ba9b22f0ef24a29d271e1f8204126ce431963fd118393497489cbc,paired_synthetic_policy_concept
TRAIN-0397,train,safe_or_other:cyber_owner,safe_or_other,Cyberbullying & Harassment,This message repeatedly targets a person with unwanted intimidating messages.,ded84ab546f14a02785fe247d0ed6e1ee2aa26218ee29020ed1b28b55279334b,paired_synthetic_policy_concept
TRAIN-0398,train,safe_or_other:cyber_owner,safe_or_other,Cyberbullying & Harassment,The post repeatedly targets a person with unwanted intimidating messages.,110cc9ac46eba522157794a5a4d918543a2f692bdc4f38203ee138922ba96a58,paired_synthetic_policy_concept
TRAIN-0399,train,safe_or_other:cyber_owner,safe_or_other,Cyberbullying & Harassment,A short caption repeatedly targets a person with unwanted intimidating messages.,3be0d711db0fa9ec3f7c9d8ff1710c50a0c31f60b67eaa010e396a8f5d06c3d3,paired_synthetic_policy_concept
TRAIN-0400,train,safe_or_other:cyber_owner,safe_or_other,Cyberbullying & Harassment,The content simply repeatedly targets a person with unwanted intimidating messages.,1cc3cd09d59682f314c8e7a13bb7d6066171acae6ac0dd1b74eaf48ae0a94eb7,paired_synthetic_policy_concept
TRAIN-0401,train,safe_or_other:hate_owner,safe_or_other,Hate Speech & Discrimination,This message attacks people because of a protected identity.,8d7d0944678992064935a4b5b79a55dd33f7c0e18a68794257d0fe88ac44441d,paired_synthetic_policy_concept
TRAIN-0402,train,safe_or_other:hate_owner,safe_or_other,Hate Speech & Discrimination,The post attacks people because of a protected identity.,674d5d6346c93560c556d0c2a4d8db87f41ff2bc3e4bcdfde43ba3db0d89bbd9,paired_synthetic_policy_concept
TRAIN-0403,train,safe_or_other:hate_owner,safe_or_other,Hate Speech & Discrimination,A short caption attacks people because of a protected identity.,625264df6019e638a73c5caa0eaf7b632f1bb48ab8eb0677f1d8a388bd45fd6e,paired_synthetic_policy_concept
TRAIN-0404,train,safe_or_other:hate_owner,safe_or_other,Hate Speech & Discrimination,The content simply attacks people because of a protected identity.,48bfd4401c76a41606aef042735a9f82f1836258449365874b07ebbc30f17219,paired_synthetic_policy_concept
TRAIN-0405,train,safe_or_other:religious_owner,safe_or_other,Religiously Offensive Content,This message directly attacks a sacred object in offensive expression.,b912fd91770e6e151bd098579bcac6b726ba485cbb6b64498801a2fdd1badd6e,paired_synthetic_policy_concept
TRAIN-0406,train,safe_or_other:religious_owner,safe_or_other,Religiously Offensive Content,The post directly attacks a sacred object in offensive expression.,bc04ddb80325d265abe98d4f7d5356025670e0efd9ae105f6dbb35a066edc6fd,paired_synthetic_policy_concept
TRAIN-0407,train,safe_or_other:religious_owner,safe_or_other,Religiously Offensive Content,A short caption directly attacks a sacred object in offensive expression.,aad30be3268a42a53f723367254701d9c9214274042646fbc720857eafde6a32,paired_synthetic_policy_concept
TRAIN-0408,train,safe_or_other:religious_owner,safe_or_other,Religiously Offensive Content,The content simply directly attacks a sacred object in offensive expression.,44ac67ff3f74b4d19f970eb051a82b980313017e1fef0c48fa0437694372dc54,paired_synthetic_policy_concept
TRAIN-0409,train,safe_or_other:terror_owner,safe_or_other,Terrorism & Extremism,This message praises recruitment for an extremist organization.,7ef61f32b67d94578527af46186c1168d92fa8800714b9a0179b472bf8440ba9,paired_synthetic_policy_concept
TRAIN-0410,train,safe_or_other:terror_owner,safe_or_other,Terrorism & Extremism,The post praises recruitment for an extremist organization.,bffacae16b19d78be6aece606016a4d9474afb556755431c3b64da87252dad20,paired_synthetic_policy_concept
TRAIN-0411,train,safe_or_other:terror_owner,safe_or_other,Terrorism & Extremism,A short caption praises recruitment for an extremist organization.,544c8fb24ee458900e7481380dc968686f8df3811f0c4bf4cc835b6c1d8316ea,paired_synthetic_policy_concept
TRAIN-0412,train,safe_or_other:terror_owner,safe_or_other,Terrorism & Extremism,The content simply praises recruitment for an extremist organization.,428e392755a662b9a29511a36613bfa2d7399cbe0c39f4603ddee902771a31f9,paired_synthetic_policy_concept
TRAIN-0413,train,safe_or_other:fact_owner,safe_or_other,Misinformation & Fake News,This message makes a checkable public claim that requires evidence.,b4b940ec1cf321f312016197f4f6afc4574301028fa1a46da14bc0f62a2b1315,paired_synthetic_policy_concept
TRAIN-0414,train,safe_or_other:fact_owner,safe_or_other,Misinformation & Fake News,The post makes a checkable public claim that requires evidence.,e7c9f80f1dc507e5b20b2d11d8844358596673079e1ebd626baa2e2042d635f7,paired_synthetic_policy_concept
TRAIN-0415,train,safe_or_other:fact_owner,safe_or_other,Misinformation & Fake News,A short caption makes a checkable public claim that requires evidence.,3ba3e27d80bbc2c3757ddaef47f8ce0da87bbb0a5b474c07979c6a9ad4e135c5,paired_synthetic_policy_concept
TRAIN-0416,train,safe_or_other:fact_owner,safe_or_other,Misinformation & Fake News,The content simply makes a checkable public claim that requires evidence.,dcba41077ce3dea71585a0b1afef96607d4e5347d3009aee53ab16ba6a816e93,paired_synthetic_policy_concept
TRAIN-0417,train,safe_or_other:legitimate_job,safe_or_other,Normal/Ignore,This message advertises a legitimate technical job with workplace training.,c9ea71b6ab399ce8688dacfe73e88021a3b3fcd3b35a4c334b665b793059a456,paired_synthetic_policy_concept
TRAIN-0418,train,safe_or_other:legitimate_job,safe_or_other,Normal/Ignore,The post advertises a legitimate technical job with workplace training.,dff18bc83192ec0f18144a243eb08199c62fc398864db927c51a6b4ca529cbba,paired_synthetic_policy_concept
TRAIN-0419,train,safe_or_other:legitimate_job,safe_or_other,Normal/Ignore,A short caption advertises a legitimate technical job with workplace training.,60d9c6f31cd61c37aec190908c756bc058ec7f6f7fb22cc0bb54c2efad878ae2,paired_synthetic_policy_concept
TRAIN-0420,train,safe_or_other:legitimate_job,safe_or_other,Normal/Ignore,The content simply advertises a legitimate technical job with workplace training.,bc9bd428ed1967522251b400ea6ea001423cd26d357bf144874dd1e4f61edf6f,paired_synthetic_policy_concept
TRAIN-0421,train,safe_or_other:safe_cleanup,safe_or_other,Normal/Ignore,This message organizes a permitted community cleanup using ordinary precautions.,9839b2a945c5e5a308b593521705d1df9fc4438ae2a1172b815d744b216fc5c3,paired_synthetic_policy_concept
TRAIN-0422,train,safe_or_other:safe_cleanup,safe_or_other,Normal/Ignore,The post organizes a permitted community cleanup using ordinary precautions.,a0a20b1547f6c27f5e5478103d2c2ef63c8804c7c5c41948f7548d8e289ca5c1,paired_synthetic_policy_concept
TRAIN-0423,train,safe_or_other:safe_cleanup,safe_or_other,Normal/Ignore,A short caption organizes a permitted community cleanup using ordinary precautions.,4f417f5e6b5bfe4e86a1e670c4a4c294186c7d80b4642a29b91e52f5ded2d9c3,paired_synthetic_policy_concept
TRAIN-0424,train,safe_or_other:safe_cleanup,safe_or_other,Normal/Ignore,The content simply organizes a permitted community cleanup using ordinary precautions.,dbc07a187255a6160a3cad2de9ac203954c2baf805c2fcea8d0487185e487b59,paired_synthetic_policy_concept
TRAIN-0425,train,safe_or_other:creative_hobby,safe_or_other,Normal/Ignore,This message encourages a beginner to practise a harmless creative hobby.,99cd8d3007259925fdc5b7a92cc52d765b2990b356f9d13a3e44613f392029dc,paired_synthetic_policy_concept
TRAIN-0426,train,safe_or_other:creative_hobby,safe_or_other,Normal/Ignore,The post encourages a beginner to practise a harmless creative hobby.,ee874364187649c8bb75446780f9c9eb3277ac92c69701888c451ebfb91010c2,paired_synthetic_policy_concept
TRAIN-0427,train,safe_or_other:creative_hobby,safe_or_other,Normal/Ignore,A short caption encourages a beginner to practise a harmless creative hobby.,4859dfca5174f4edd8c3a89d570f7992b8545f55376e072639a980e1d5a162f8,paired_synthetic_policy_concept
TRAIN-0428,train,safe_or_other:creative_hobby,safe_or_other,Normal/Ignore,The content simply encourages a beginner to practise a harmless creative hobby.,6b030d45094dacc51f1038d9a321fc938f21fb3a066aca2eb08d430fbf3100a7,paired_synthetic_policy_concept
TRAIN-0429,train,safe_or_other:language_learning,safe_or_other,Normal/Ignore,This message invites a learner to rehearse a normal language exercise.,f725b20fc60ddcba273d5ad62defb30e49e784a972425cff0c1abf77a7754e59,paired_synthetic_policy_concept
TRAIN-0430,train,safe_or_other:language_learning,safe_or_other,Normal/Ignore,The post invites a learner to rehearse a normal language exercise.,623775b594a170650e3204badc9904f8f11a2c1ea7f2e7e2234c4e624397104a,paired_synthetic_policy_concept
TRAIN-0431,train,safe_or_other:language_learning,safe_or_other,Normal/Ignore,A short caption invites a learner to rehearse a normal language exercise.,2ed9ff70a374eba451826af68a95ca1214922afadc8807c9daeb3e6af1dfb8be,paired_synthetic_policy_concept
TRAIN-0432,train,safe_or_other:language_learning,safe_or_other,Normal/Ignore,The content simply invites a learner to rehearse a normal language exercise.,69eb86fb9cc3d813bd6b009c165119570e18f142da62f27be6cce4a464121f92,paired_synthetic_policy_concept
TRAIN-0433,train,safe_or_other:coding_practice,safe_or_other,Normal/Ignore,This message asks a novice to try a routine programming exercise.,6a6e214feb0135f620e9a819d3b75ec99ae70be3a0f0fc248a8a0558ecf8eb8e,paired_synthetic_policy_concept
TRAIN-0434,train,safe_or_other:coding_practice,safe_or_other,Normal/Ignore,The post asks a novice to try a routine programming exercise.,c13a80ccc95ca64e7af23b9344d5ab0d9a5cc1053f4d30462740bb1fcc5e7a3b,paired_synthetic_policy_concept
TRAIN-0435,train,safe_or_other:coding_practice,safe_or_other,Normal/Ignore,A short caption asks a novice to try a routine programming exercise.,74a309be058a8df2ec0b3e215d80e391350eb6dda5678d0f90602df3f0e2b55c,paired_synthetic_policy_concept
TRAIN-0436,train,safe_or_other:coding_practice,safe_or_other,Normal/Ignore,The content simply asks a novice to try a routine programming exercise.,260631f7947081d9cd5d5322f1999c9fba94de0f092064f5cf73ec55396b03ae,paired_synthetic_policy_concept
TRAIN-0437,train,safe_or_other:art_practice,safe_or_other,Normal/Ignore,This message encourages a student to practise a basic drawing skill.,7333eddb7654a2fd6716f592d4c2451f918c1aa03f0abbb661491043c76fbebb,paired_synthetic_policy_concept
TRAIN-0438,train,safe_or_other:art_practice,safe_or_other,Normal/Ignore,The post encourages a student to practise a basic drawing skill.,3394f4270593e594e9158d7bd028fdfc22a1ebcb75d1163f3fba2238890a2f4e,paired_synthetic_policy_concept
TRAIN-0439,train,safe_or_other:art_practice,safe_or_other,Normal/Ignore,A short caption encourages a student to practise a basic drawing skill.,4291f348394e639518e7702559208a6674a3796daf2a65c4aacc8f91166ce890,paired_synthetic_policy_concept
TRAIN-0440,train,safe_or_other:art_practice,safe_or_other,Normal/Ignore,The content simply encourages a student to practise a basic drawing skill.,7240b52539a60f15dc85d714f906cc037d0cbd9f75c35d1875af46a3bda20a1c,paired_synthetic_policy_concept
TRAIN-0441,train,safe_or_other:study_routine,safe_or_other,Normal/Ignore,This message invites beginners to repeat an ordinary study routine.,f86b4579b7f046bb74715d1a32862448a3f5f6d383859ce0824f234fcb9eba71,paired_synthetic_policy_concept
TRAIN-0442,train,safe_or_other:study_routine,safe_or_other,Normal/Ignore,The post invites beginners to repeat an ordinary study routine.,c5adbe2be68259472d84a3ef9a5ba3255aef3de398d7ecfdd66c1f0deffd919a,paired_synthetic_policy_concept
TRAIN-0443,train,safe_or_other:study_routine,safe_or_other,Normal/Ignore,A short caption invites beginners to repeat an ordinary study routine.,258eeac606a010252aef4a5b286d0a10a4a5b3cabc294ec66b4c59684989f38d,paired_synthetic_policy_concept
TRAIN-0444,train,safe_or_other:study_routine,safe_or_other,Normal/Ignore,The content simply invites beginners to repeat an ordinary study routine.,4b65090fa34e6ff94ed45b0f7bff8401d979ccb3213574075708e638391a9523,paired_synthetic_policy_concept
TRAIN-0445,train,safe_or_other:safe_rehearsal,safe_or_other,Normal/Ignore,This message encourages a learner to rehearse a harmless performance skill.,c01ed42ae0f623bdb58414b7d080cf12b13629241d36f13f3a69de5d314cf7f1,paired_synthetic_policy_concept
TRAIN-0446,train,safe_or_other:safe_rehearsal,safe_or_other,Normal/Ignore,The post encourages a learner to rehearse a harmless performance skill.,7d9c7ad0e43d71d45cc97cf15522955eb9477414702127db5d9f8ff1225d4a32,paired_synthetic_policy_concept
TRAIN-0447,train,safe_or_other:safe_rehearsal,safe_or_other,Normal/Ignore,A short caption encourages a learner to rehearse a harmless performance skill.,9040b521b6039a96fde4587f327576bf3e3df488f90656537ac25cec8f9f699c,paired_synthetic_policy_concept
TRAIN-0448,train,safe_or_other:safe_rehearsal,safe_or_other,Normal/Ignore,The content simply encourages a learner to rehearse a harmless performance skill.,21049649b2dcc3e71aa46aad76e5bc933cc1310144467dfb72558e67b017ca05,paired_synthetic_policy_concept
TRAIN-0449,train,safe_or_other:reading_practice,safe_or_other,Normal/Ignore,This message asks a beginner to practise reading aloud.,937d85f20527e4fdbc483ad903b39ff75da5a13ff7c17b20763dfb42df7e683b,paired_synthetic_policy_concept
TRAIN-0450,train,safe_or_other:reading_practice,safe_or_other,Normal/Ignore,The post asks a beginner to practise reading aloud.,5f0737d833adf3363955ae6a9bd00025fb3351a214c093fab6b38f90c9936fb3,paired_synthetic_policy_concept
TRAIN-0451,train,safe_or_other:reading_practice,safe_or_other,Normal/Ignore,A short caption asks a beginner to practise reading aloud.,d12a05c50dfb8ac66a0660e1817efc2215a103fc88118639f42c147a78a15cfb,paired_synthetic_policy_concept
TRAIN-0452,train,safe_or_other:reading_practice,safe_or_other,Normal/Ignore,The content simply asks a beginner to practise reading aloud.,4d34f5c225a06b99ee5196e3e31e9b519ea068c24b88dbf5b8bd72ff92a63442,paired_synthetic_policy_concept
TRAIN-0453,train,safe_or_other:typing_practice,safe_or_other,Normal/Ignore,This message encourages a novice to repeat a normal typing exercise.,bf09f1091b664434f2d03667808a8a6e11774a34a3b96aea9e6f05b487791abf,paired_synthetic_policy_concept
TRAIN-0454,train,safe_or_other:typing_practice,safe_or_other,Normal/Ignore,The post encourages a novice to repeat a normal typing exercise.,2247018014e0ded16155d532dd302e97ec490a873d95745a22c10ebcd5b5023d,paired_synthetic_policy_concept
TRAIN-0455,train,safe_or_other:typing_practice,safe_or_other,Normal/Ignore,A short caption encourages a novice to repeat a normal typing exercise.,fac5343fc78e74ca466dd0149d37357ed02e6eac21e9a982211effc3b686e3f2,paired_synthetic_policy_concept
TRAIN-0456,train,safe_or_other:typing_practice,safe_or_other,Normal/Ignore,The content simply encourages a novice to repeat a normal typing exercise.,0315c76e0ce97a9af7e3c2b46753d5fc9d143445dab341a75c7618f1fe276ac8,paired_synthetic_policy_concept
