record_id,group,text,expected_category,existing_category,existing_action,existing_review
REORDERED_RANSOMWARE_AND_WIPER_ACTIONS-001,reordered_ransomware_and_wiper_actions,A hostile account installs ransomware on unrelated endpoints; RC2 development 1.,Malicious Programs,Normal/Ignore,Allow,False
REORDERED_RANSOMWARE_AND_WIPER_ACTIONS-002,reordered_ransomware_and_wiper_actions,The operator deployed a destructive wiper to unrelated systems; RC2 development 2.,Malicious Programs,Normal/Ignore,Allow,False
REORDERED_RANSOMWARE_AND_WIPER_ACTIONS-003,reordered_ransomware_and_wiper_actions,An untrusted post uploads malware for use on victim devices; RC2 development 3.,Malicious Programs,Normal/Ignore,Allow,False
REORDERED_RANSOMWARE_AND_WIPER_ACTIONS-004,reordered_ransomware_and_wiper_actions,The campaign hosted a computer virus for download by targets; RC2 development 4.,Malicious Programs,Normal/Ignore,Allow,False
REORDERED_RANSOMWARE_AND_WIPER_ACTIONS-005,reordered_ransomware_and_wiper_actions,A hostile account installs ransomware on unrelated endpoints; RC2 development 5.,Malicious Programs,Normal/Ignore,Allow,False
REORDERED_RANSOMWARE_AND_WIPER_ACTIONS-006,reordered_ransomware_and_wiper_actions,The operator deployed a destructive wiper to unrelated systems; RC2 development 6.,Malicious Programs,Normal/Ignore,Allow,False
REORDERED_RANSOMWARE_AND_WIPER_ACTIONS-007,reordered_ransomware_and_wiper_actions,An untrusted post uploads malware for use on victim devices; RC2 development 7.,Malicious Programs,Normal/Ignore,Allow,False
REORDERED_RANSOMWARE_AND_WIPER_ACTIONS-008,reordered_ransomware_and_wiper_actions,The campaign hosted a computer virus for download by targets; RC2 development 8.,Malicious Programs,Normal/Ignore,Allow,False
REORDERED_RANSOMWARE_AND_WIPER_ACTIONS-009,reordered_ransomware_and_wiper_actions,A hostile account installs ransomware on unrelated endpoints; RC2 development 9.,Malicious Programs,Normal/Ignore,Allow,False
REORDERED_RANSOMWARE_AND_WIPER_ACTIONS-010,reordered_ransomware_and_wiper_actions,The operator deployed a destructive wiper to unrelated systems; RC2 development 10.,Malicious Programs,Normal/Ignore,Allow,False
REORDERED_RANSOMWARE_AND_WIPER_ACTIONS-011,reordered_ransomware_and_wiper_actions,An untrusted post uploads malware for use on victim devices; RC2 development 11.,Malicious Programs,Normal/Ignore,Allow,False
REORDERED_RANSOMWARE_AND_WIPER_ACTIONS-012,reordered_ransomware_and_wiper_actions,The campaign hosted a computer virus for download by targets; RC2 development 12.,Malicious Programs,Normal/Ignore,Allow,False
REORDERED_RANSOMWARE_AND_WIPER_ACTIONS-013,reordered_ransomware_and_wiper_actions,A hostile account installs ransomware on unrelated endpoints; RC2 development 13.,Malicious Programs,Normal/Ignore,Allow,False
REORDERED_RANSOMWARE_AND_WIPER_ACTIONS-014,reordered_ransomware_and_wiper_actions,The operator deployed a destructive wiper to unrelated systems; RC2 development 14.,Malicious Programs,Normal/Ignore,Allow,False
REORDERED_RANSOMWARE_AND_WIPER_ACTIONS-015,reordered_ransomware_and_wiper_actions,An untrusted post uploads malware for use on victim devices; RC2 development 15.,Malicious Programs,Normal/Ignore,Allow,False
REORDERED_RANSOMWARE_AND_WIPER_ACTIONS-016,reordered_ransomware_and_wiper_actions,The campaign hosted a computer virus for download by targets; RC2 development 16.,Malicious Programs,Normal/Ignore,Allow,False
REORDERED_RANSOMWARE_AND_WIPER_ACTIONS-017,reordered_ransomware_and_wiper_actions,A hostile account installs ransomware on unrelated endpoints; RC2 development 17.,Malicious Programs,Normal/Ignore,Allow,False
REORDERED_RANSOMWARE_AND_WIPER_ACTIONS-018,reordered_ransomware_and_wiper_actions,The operator deployed a destructive wiper to unrelated systems; RC2 development 18.,Malicious Programs,Normal/Ignore,Allow,False
REORDERED_RANSOMWARE_AND_WIPER_ACTIONS-019,reordered_ransomware_and_wiper_actions,An untrusted post uploads malware for use on victim devices; RC2 development 19.,Malicious Programs,Normal/Ignore,Allow,False
REORDERED_RANSOMWARE_AND_WIPER_ACTIONS-020,reordered_ransomware_and_wiper_actions,The campaign hosted a computer virus for download by targets; RC2 development 20.,Malicious Programs,Normal/Ignore,Allow,False
REORDERED_RANSOMWARE_AND_WIPER_ACTIONS-021,reordered_ransomware_and_wiper_actions,A hostile account installs ransomware on unrelated endpoints; RC2 development 21.,Malicious Programs,Normal/Ignore,Allow,False
REORDERED_RANSOMWARE_AND_WIPER_ACTIONS-022,reordered_ransomware_and_wiper_actions,The operator deployed a destructive wiper to unrelated systems; RC2 development 22.,Malicious Programs,Normal/Ignore,Allow,False
REORDERED_RANSOMWARE_AND_WIPER_ACTIONS-023,reordered_ransomware_and_wiper_actions,An untrusted post uploads malware for use on victim devices; RC2 development 23.,Malicious Programs,Normal/Ignore,Allow,False
REORDERED_RANSOMWARE_AND_WIPER_ACTIONS-024,reordered_ransomware_and_wiper_actions,The campaign hosted a computer virus for download by targets; RC2 development 24.,Malicious Programs,Normal/Ignore,Allow,False
REORDERED_RANSOMWARE_AND_WIPER_ACTIONS-025,reordered_ransomware_and_wiper_actions,A hostile account installs ransomware on unrelated endpoints; RC2 development 25.,Malicious Programs,Normal/Ignore,Allow,False
REORDERED_RANSOMWARE_AND_WIPER_ACTIONS-026,reordered_ransomware_and_wiper_actions,The operator deployed a destructive wiper to unrelated systems; RC2 development 26.,Malicious Programs,Normal/Ignore,Allow,False
REORDERED_RANSOMWARE_AND_WIPER_ACTIONS-027,reordered_ransomware_and_wiper_actions,An untrusted post uploads malware for use on victim devices; RC2 development 27.,Malicious Programs,Normal/Ignore,Allow,False
REORDERED_RANSOMWARE_AND_WIPER_ACTIONS-028,reordered_ransomware_and_wiper_actions,The campaign hosted a computer virus for download by targets; RC2 development 28.,Malicious Programs,Normal/Ignore,Allow,False
REORDERED_RANSOMWARE_AND_WIPER_ACTIONS-029,reordered_ransomware_and_wiper_actions,A hostile account installs ransomware on unrelated endpoints; RC2 development 29.,Malicious Programs,Normal/Ignore,Allow,False
REORDERED_RANSOMWARE_AND_WIPER_ACTIONS-030,reordered_ransomware_and_wiper_actions,The operator deployed a destructive wiper to unrelated systems; RC2 development 30.,Malicious Programs,Normal/Ignore,Allow,False
REORDERED_RANSOMWARE_AND_WIPER_ACTIONS-031,reordered_ransomware_and_wiper_actions,An untrusted post uploads malware for use on victim devices; RC2 development 31.,Malicious Programs,Normal/Ignore,Allow,False
REORDERED_RANSOMWARE_AND_WIPER_ACTIONS-032,reordered_ransomware_and_wiper_actions,The campaign hosted a computer virus for download by targets; RC2 development 32.,Malicious Programs,Normal/Ignore,Allow,False
REORDERED_RANSOMWARE_AND_WIPER_ACTIONS-033,reordered_ransomware_and_wiper_actions,A hostile account installs ransomware on unrelated endpoints; RC2 development 33.,Malicious Programs,Normal/Ignore,Allow,False
REORDERED_RANSOMWARE_AND_WIPER_ACTIONS-034,reordered_ransomware_and_wiper_actions,The operator deployed a destructive wiper to unrelated systems; RC2 development 34.,Malicious Programs,Normal/Ignore,Allow,False
REORDERED_RANSOMWARE_AND_WIPER_ACTIONS-035,reordered_ransomware_and_wiper_actions,An untrusted post uploads malware for use on victim devices; RC2 development 35.,Malicious Programs,Normal/Ignore,Allow,False
REORDERED_RANSOMWARE_AND_WIPER_ACTIONS-036,reordered_ransomware_and_wiper_actions,The campaign hosted a computer virus for download by targets; RC2 development 36.,Malicious Programs,Normal/Ignore,Allow,False
REORDERED_RANSOMWARE_AND_WIPER_ACTIONS-037,reordered_ransomware_and_wiper_actions,A hostile account installs ransomware on unrelated endpoints; RC2 development 37.,Malicious Programs,Normal/Ignore,Allow,False
REORDERED_RANSOMWARE_AND_WIPER_ACTIONS-038,reordered_ransomware_and_wiper_actions,The operator deployed a destructive wiper to unrelated systems; RC2 development 38.,Malicious Programs,Normal/Ignore,Allow,False
REORDERED_RANSOMWARE_AND_WIPER_ACTIONS-039,reordered_ransomware_and_wiper_actions,An untrusted post uploads malware for use on victim devices; RC2 development 39.,Malicious Programs,Normal/Ignore,Allow,False
REORDERED_RANSOMWARE_AND_WIPER_ACTIONS-040,reordered_ransomware_and_wiper_actions,The campaign hosted a computer virus for download by targets; RC2 development 40.,Malicious Programs,Normal/Ignore,Allow,False
REORDERED_RANSOMWARE_AND_WIPER_ACTIONS-041,reordered_ransomware_and_wiper_actions,A hostile account installs ransomware on unrelated endpoints; RC2 development 41.,Malicious Programs,Normal/Ignore,Allow,False
REORDERED_RANSOMWARE_AND_WIPER_ACTIONS-042,reordered_ransomware_and_wiper_actions,The operator deployed a destructive wiper to unrelated systems; RC2 development 42.,Malicious Programs,Normal/Ignore,Allow,False
REORDERED_RANSOMWARE_AND_WIPER_ACTIONS-043,reordered_ransomware_and_wiper_actions,An untrusted post uploads malware for use on victim devices; RC2 development 43.,Malicious Programs,Normal/Ignore,Allow,False
REORDERED_RANSOMWARE_AND_WIPER_ACTIONS-044,reordered_ransomware_and_wiper_actions,The campaign hosted a computer virus for download by targets; RC2 development 44.,Malicious Programs,Normal/Ignore,Allow,False
REORDERED_RANSOMWARE_AND_WIPER_ACTIONS-045,reordered_ransomware_and_wiper_actions,A hostile account installs ransomware on unrelated endpoints; RC2 development 45.,Malicious Programs,Normal/Ignore,Allow,False
REORDERED_RANSOMWARE_AND_WIPER_ACTIONS-046,reordered_ransomware_and_wiper_actions,The operator deployed a destructive wiper to unrelated systems; RC2 development 46.,Malicious Programs,Normal/Ignore,Allow,False
REORDERED_RANSOMWARE_AND_WIPER_ACTIONS-047,reordered_ransomware_and_wiper_actions,An untrusted post uploads malware for use on victim devices; RC2 development 47.,Malicious Programs,Normal/Ignore,Allow,False
REORDERED_RANSOMWARE_AND_WIPER_ACTIONS-048,reordered_ransomware_and_wiper_actions,The campaign hosted a computer virus for download by targets; RC2 development 48.,Malicious Programs,Normal/Ignore,Allow,False
REORDERED_RANSOMWARE_AND_WIPER_ACTIONS-049,reordered_ransomware_and_wiper_actions,A hostile account installs ransomware on unrelated endpoints; RC2 development 49.,Malicious Programs,Normal/Ignore,Allow,False
REORDERED_RANSOMWARE_AND_WIPER_ACTIONS-050,reordered_ransomware_and_wiper_actions,The operator deployed a destructive wiper to unrelated systems; RC2 development 50.,Malicious Programs,Normal/Ignore,Allow,False
REORDERED_RANSOMWARE_AND_WIPER_ACTIONS-051,reordered_ransomware_and_wiper_actions,An untrusted post uploads malware for use on victim devices; RC2 development 51.,Malicious Programs,Normal/Ignore,Allow,False
REORDERED_RANSOMWARE_AND_WIPER_ACTIONS-052,reordered_ransomware_and_wiper_actions,The campaign hosted a computer virus for download by targets; RC2 development 52.,Malicious Programs,Normal/Ignore,Allow,False
REORDERED_RANSOMWARE_AND_WIPER_ACTIONS-053,reordered_ransomware_and_wiper_actions,A hostile account installs ransomware on unrelated endpoints; RC2 development 53.,Malicious Programs,Normal/Ignore,Allow,False
REORDERED_RANSOMWARE_AND_WIPER_ACTIONS-054,reordered_ransomware_and_wiper_actions,The operator deployed a destructive wiper to unrelated systems; RC2 development 54.,Malicious Programs,Normal/Ignore,Allow,False
REORDERED_RANSOMWARE_AND_WIPER_ACTIONS-055,reordered_ransomware_and_wiper_actions,An untrusted post uploads malware for use on victim devices; RC2 development 55.,Malicious Programs,Normal/Ignore,Allow,False
REORDERED_RANSOMWARE_AND_WIPER_ACTIONS-056,reordered_ransomware_and_wiper_actions,The campaign hosted a computer virus for download by targets; RC2 development 56.,Malicious Programs,Normal/Ignore,Allow,False
REORDERED_RANSOMWARE_AND_WIPER_ACTIONS-057,reordered_ransomware_and_wiper_actions,A hostile account installs ransomware on unrelated endpoints; RC2 development 57.,Malicious Programs,Normal/Ignore,Allow,False
REORDERED_RANSOMWARE_AND_WIPER_ACTIONS-058,reordered_ransomware_and_wiper_actions,The operator deployed a destructive wiper to unrelated systems; RC2 development 58.,Malicious Programs,Normal/Ignore,Allow,False
REORDERED_RANSOMWARE_AND_WIPER_ACTIONS-059,reordered_ransomware_and_wiper_actions,An untrusted post uploads malware for use on victim devices; RC2 development 59.,Malicious Programs,Normal/Ignore,Allow,False
REORDERED_RANSOMWARE_AND_WIPER_ACTIONS-060,reordered_ransomware_and_wiper_actions,The campaign hosted a computer virus for download by targets; RC2 development 60.,Malicious Programs,Normal/Ignore,Allow,False
PASSIVE_AND_OBJECT_FIRST_DELIVERY-001,passive_and_object_first_delivery,Ransomware is distributed by this account to victim devices; RC2 development 1.,Malicious Programs,Normal/Ignore,Allow,False
PASSIVE_AND_OBJECT_FIRST_DELIVERY-002,passive_and_object_first_delivery,A destructive wiper was delivered through this download to targets; RC2 development 2.,Malicious Programs,Normal/Ignore,Allow,False
PASSIVE_AND_OBJECT_FIRST_DELIVERY-003,passive_and_object_first_delivery,The malicious payload is being hosted for installation on user systems; RC2 development 3.,Malicious Programs,Normal/Ignore,Allow,False
PASSIVE_AND_OBJECT_FIRST_DELIVERY-004,passive_and_object_first_delivery,A trojan program was uploaded by the account for deployment on endpoints; RC2 development 4.,Malicious Programs,Normal/Ignore,Allow,False
PASSIVE_AND_OBJECT_FIRST_DELIVERY-005,passive_and_object_first_delivery,Ransomware is distributed by this account to victim devices; RC2 development 5.,Malicious Programs,Normal/Ignore,Allow,False
PASSIVE_AND_OBJECT_FIRST_DELIVERY-006,passive_and_object_first_delivery,A destructive wiper was delivered through this download to targets; RC2 development 6.,Malicious Programs,Normal/Ignore,Allow,False
PASSIVE_AND_OBJECT_FIRST_DELIVERY-007,passive_and_object_first_delivery,The malicious payload is being hosted for installation on user systems; RC2 development 7.,Malicious Programs,Normal/Ignore,Allow,False
PASSIVE_AND_OBJECT_FIRST_DELIVERY-008,passive_and_object_first_delivery,A trojan program was uploaded by the account for deployment on endpoints; RC2 development 8.,Malicious Programs,Normal/Ignore,Allow,False
PASSIVE_AND_OBJECT_FIRST_DELIVERY-009,passive_and_object_first_delivery,Ransomware is distributed by this account to victim devices; RC2 development 9.,Malicious Programs,Normal/Ignore,Allow,False
PASSIVE_AND_OBJECT_FIRST_DELIVERY-010,passive_and_object_first_delivery,A destructive wiper was delivered through this download to targets; RC2 development 10.,Malicious Programs,Normal/Ignore,Allow,False
PASSIVE_AND_OBJECT_FIRST_DELIVERY-011,passive_and_object_first_delivery,The malicious payload is being hosted for installation on user systems; RC2 development 11.,Malicious Programs,Normal/Ignore,Allow,False
PASSIVE_AND_OBJECT_FIRST_DELIVERY-012,passive_and_object_first_delivery,A trojan program was uploaded by the account for deployment on endpoints; RC2 development 12.,Malicious Programs,Normal/Ignore,Allow,False
PASSIVE_AND_OBJECT_FIRST_DELIVERY-013,passive_and_object_first_delivery,Ransomware is distributed by this account to victim devices; RC2 development 13.,Malicious Programs,Normal/Ignore,Allow,False
PASSIVE_AND_OBJECT_FIRST_DELIVERY-014,passive_and_object_first_delivery,A destructive wiper was delivered through this download to targets; RC2 development 14.,Malicious Programs,Normal/Ignore,Allow,False
PASSIVE_AND_OBJECT_FIRST_DELIVERY-015,passive_and_object_first_delivery,The malicious payload is being hosted for installation on user systems; RC2 development 15.,Malicious Programs,Normal/Ignore,Allow,False
PASSIVE_AND_OBJECT_FIRST_DELIVERY-016,passive_and_object_first_delivery,A trojan program was uploaded by the account for deployment on endpoints; RC2 development 16.,Malicious Programs,Normal/Ignore,Allow,False
PASSIVE_AND_OBJECT_FIRST_DELIVERY-017,passive_and_object_first_delivery,Ransomware is distributed by this account to victim devices; RC2 development 17.,Malicious Programs,Normal/Ignore,Allow,False
PASSIVE_AND_OBJECT_FIRST_DELIVERY-018,passive_and_object_first_delivery,A destructive wiper was delivered through this download to targets; RC2 development 18.,Malicious Programs,Normal/Ignore,Allow,False
PASSIVE_AND_OBJECT_FIRST_DELIVERY-019,passive_and_object_first_delivery,The malicious payload is being hosted for installation on user systems; RC2 development 19.,Malicious Programs,Normal/Ignore,Allow,False
PASSIVE_AND_OBJECT_FIRST_DELIVERY-020,passive_and_object_first_delivery,A trojan program was uploaded by the account for deployment on endpoints; RC2 development 20.,Malicious Programs,Normal/Ignore,Allow,False
PASSIVE_AND_OBJECT_FIRST_DELIVERY-021,passive_and_object_first_delivery,Ransomware is distributed by this account to victim devices; RC2 development 21.,Malicious Programs,Normal/Ignore,Allow,False
PASSIVE_AND_OBJECT_FIRST_DELIVERY-022,passive_and_object_first_delivery,A destructive wiper was delivered through this download to targets; RC2 development 22.,Malicious Programs,Normal/Ignore,Allow,False
PASSIVE_AND_OBJECT_FIRST_DELIVERY-023,passive_and_object_first_delivery,The malicious payload is being hosted for installation on user systems; RC2 development 23.,Malicious Programs,Normal/Ignore,Allow,False
PASSIVE_AND_OBJECT_FIRST_DELIVERY-024,passive_and_object_first_delivery,A trojan program was uploaded by the account for deployment on endpoints; RC2 development 24.,Malicious Programs,Normal/Ignore,Allow,False
PASSIVE_AND_OBJECT_FIRST_DELIVERY-025,passive_and_object_first_delivery,Ransomware is distributed by this account to victim devices; RC2 development 25.,Malicious Programs,Normal/Ignore,Allow,False
PASSIVE_AND_OBJECT_FIRST_DELIVERY-026,passive_and_object_first_delivery,A destructive wiper was delivered through this download to targets; RC2 development 26.,Malicious Programs,Normal/Ignore,Allow,False
PASSIVE_AND_OBJECT_FIRST_DELIVERY-027,passive_and_object_first_delivery,The malicious payload is being hosted for installation on user systems; RC2 development 27.,Malicious Programs,Normal/Ignore,Allow,False
PASSIVE_AND_OBJECT_FIRST_DELIVERY-028,passive_and_object_first_delivery,A trojan program was uploaded by the account for deployment on endpoints; RC2 development 28.,Malicious Programs,Normal/Ignore,Allow,False
PASSIVE_AND_OBJECT_FIRST_DELIVERY-029,passive_and_object_first_delivery,Ransomware is distributed by this account to victim devices; RC2 development 29.,Malicious Programs,Normal/Ignore,Allow,False
PASSIVE_AND_OBJECT_FIRST_DELIVERY-030,passive_and_object_first_delivery,A destructive wiper was delivered through this download to targets; RC2 development 30.,Malicious Programs,Normal/Ignore,Allow,False
PASSIVE_AND_OBJECT_FIRST_DELIVERY-031,passive_and_object_first_delivery,The malicious payload is being hosted for installation on user systems; RC2 development 31.,Malicious Programs,Normal/Ignore,Allow,False
PASSIVE_AND_OBJECT_FIRST_DELIVERY-032,passive_and_object_first_delivery,A trojan program was uploaded by the account for deployment on endpoints; RC2 development 32.,Malicious Programs,Normal/Ignore,Allow,False
PASSIVE_AND_OBJECT_FIRST_DELIVERY-033,passive_and_object_first_delivery,Ransomware is distributed by this account to victim devices; RC2 development 33.,Malicious Programs,Normal/Ignore,Allow,False
PASSIVE_AND_OBJECT_FIRST_DELIVERY-034,passive_and_object_first_delivery,A destructive wiper was delivered through this download to targets; RC2 development 34.,Malicious Programs,Normal/Ignore,Allow,False
PASSIVE_AND_OBJECT_FIRST_DELIVERY-035,passive_and_object_first_delivery,The malicious payload is being hosted for installation on user systems; RC2 development 35.,Malicious Programs,Normal/Ignore,Allow,False
PASSIVE_AND_OBJECT_FIRST_DELIVERY-036,passive_and_object_first_delivery,A trojan program was uploaded by the account for deployment on endpoints; RC2 development 36.,Malicious Programs,Normal/Ignore,Allow,False
PASSIVE_AND_OBJECT_FIRST_DELIVERY-037,passive_and_object_first_delivery,Ransomware is distributed by this account to victim devices; RC2 development 37.,Malicious Programs,Normal/Ignore,Allow,False
PASSIVE_AND_OBJECT_FIRST_DELIVERY-038,passive_and_object_first_delivery,A destructive wiper was delivered through this download to targets; RC2 development 38.,Malicious Programs,Normal/Ignore,Allow,False
PASSIVE_AND_OBJECT_FIRST_DELIVERY-039,passive_and_object_first_delivery,The malicious payload is being hosted for installation on user systems; RC2 development 39.,Malicious Programs,Normal/Ignore,Allow,False
PASSIVE_AND_OBJECT_FIRST_DELIVERY-040,passive_and_object_first_delivery,A trojan program was uploaded by the account for deployment on endpoints; RC2 development 40.,Malicious Programs,Normal/Ignore,Allow,False
PASSIVE_AND_OBJECT_FIRST_DELIVERY-041,passive_and_object_first_delivery,Ransomware is distributed by this account to victim devices; RC2 development 41.,Malicious Programs,Normal/Ignore,Allow,False
PASSIVE_AND_OBJECT_FIRST_DELIVERY-042,passive_and_object_first_delivery,A destructive wiper was delivered through this download to targets; RC2 development 42.,Malicious Programs,Normal/Ignore,Allow,False
PASSIVE_AND_OBJECT_FIRST_DELIVERY-043,passive_and_object_first_delivery,The malicious payload is being hosted for installation on user systems; RC2 development 43.,Malicious Programs,Normal/Ignore,Allow,False
PASSIVE_AND_OBJECT_FIRST_DELIVERY-044,passive_and_object_first_delivery,A trojan program was uploaded by the account for deployment on endpoints; RC2 development 44.,Malicious Programs,Normal/Ignore,Allow,False
PASSIVE_AND_OBJECT_FIRST_DELIVERY-045,passive_and_object_first_delivery,Ransomware is distributed by this account to victim devices; RC2 development 45.,Malicious Programs,Normal/Ignore,Allow,False
PASSIVE_AND_OBJECT_FIRST_DELIVERY-046,passive_and_object_first_delivery,A destructive wiper was delivered through this download to targets; RC2 development 46.,Malicious Programs,Normal/Ignore,Allow,False
PASSIVE_AND_OBJECT_FIRST_DELIVERY-047,passive_and_object_first_delivery,The malicious payload is being hosted for installation on user systems; RC2 development 47.,Malicious Programs,Normal/Ignore,Allow,False
PASSIVE_AND_OBJECT_FIRST_DELIVERY-048,passive_and_object_first_delivery,A trojan program was uploaded by the account for deployment on endpoints; RC2 development 48.,Malicious Programs,Normal/Ignore,Allow,False
PASSIVE_AND_OBJECT_FIRST_DELIVERY-049,passive_and_object_first_delivery,Ransomware is distributed by this account to victim devices; RC2 development 49.,Malicious Programs,Normal/Ignore,Allow,False
PASSIVE_AND_OBJECT_FIRST_DELIVERY-050,passive_and_object_first_delivery,A destructive wiper was delivered through this download to targets; RC2 development 50.,Malicious Programs,Normal/Ignore,Allow,False
PASSIVE_AND_OBJECT_FIRST_DELIVERY-051,passive_and_object_first_delivery,The malicious payload is being hosted for installation on user systems; RC2 development 51.,Malicious Programs,Normal/Ignore,Allow,False
PASSIVE_AND_OBJECT_FIRST_DELIVERY-052,passive_and_object_first_delivery,A trojan program was uploaded by the account for deployment on endpoints; RC2 development 52.,Malicious Programs,Normal/Ignore,Allow,False
PASSIVE_AND_OBJECT_FIRST_DELIVERY-053,passive_and_object_first_delivery,Ransomware is distributed by this account to victim devices; RC2 development 53.,Malicious Programs,Normal/Ignore,Allow,False
PASSIVE_AND_OBJECT_FIRST_DELIVERY-054,passive_and_object_first_delivery,A destructive wiper was delivered through this download to targets; RC2 development 54.,Malicious Programs,Normal/Ignore,Allow,False
PASSIVE_AND_OBJECT_FIRST_DELIVERY-055,passive_and_object_first_delivery,The malicious payload is being hosted for installation on user systems; RC2 development 55.,Malicious Programs,Normal/Ignore,Allow,False
PASSIVE_AND_OBJECT_FIRST_DELIVERY-056,passive_and_object_first_delivery,A trojan program was uploaded by the account for deployment on endpoints; RC2 development 56.,Malicious Programs,Normal/Ignore,Allow,False
PASSIVE_AND_OBJECT_FIRST_DELIVERY-057,passive_and_object_first_delivery,Ransomware is distributed by this account to victim devices; RC2 development 57.,Malicious Programs,Normal/Ignore,Allow,False
PASSIVE_AND_OBJECT_FIRST_DELIVERY-058,passive_and_object_first_delivery,A destructive wiper was delivered through this download to targets; RC2 development 58.,Malicious Programs,Normal/Ignore,Allow,False
PASSIVE_AND_OBJECT_FIRST_DELIVERY-059,passive_and_object_first_delivery,The malicious payload is being hosted for installation on user systems; RC2 development 59.,Malicious Programs,Normal/Ignore,Allow,False
PASSIVE_AND_OBJECT_FIRST_DELIVERY-060,passive_and_object_first_delivery,A trojan program was uploaded by the account for deployment on endpoints; RC2 development 60.,Malicious Programs,Normal/Ignore,Allow,False
SEPARATED_ACTION_AND_CAPABILITY_EVIDENCE-001,separated_action_and_capability_evidence,The account uploads an attachment for victims. Evidence identifies the attachment as malware; RC2 development 1.,Malicious Programs,Normal/Ignore,Allow,False
SEPARATED_ACTION_AND_CAPABILITY_EVIDENCE-002,separated_action_and_capability_evidence,The campaign delivers a program to targets. The program is ransomware; RC2 development 2.,Malicious Programs,Normal/Ignore,Allow,False
SEPARATED_ACTION_AND_CAPABILITY_EVIDENCE-003,separated_action_and_capability_evidence,The post hosts a binary for installation. Analysis identifies a credential stealer; RC2 development 3.,Malicious Programs,Normal/Ignore,Allow,False
SEPARATED_ACTION_AND_CAPABILITY_EVIDENCE-004,separated_action_and_capability_evidence,The user deploys an attachment across endpoints. It is a remote access trojan; RC2 development 4.,Malicious Programs,Normal/Ignore,Allow,False
SEPARATED_ACTION_AND_CAPABILITY_EVIDENCE-005,separated_action_and_capability_evidence,The account uploads an attachment for victims. Evidence identifies the attachment as malware; RC2 development 5.,Malicious Programs,Normal/Ignore,Allow,False
SEPARATED_ACTION_AND_CAPABILITY_EVIDENCE-006,separated_action_and_capability_evidence,The campaign delivers a program to targets. The program is ransomware; RC2 development 6.,Malicious Programs,Normal/Ignore,Allow,False
SEPARATED_ACTION_AND_CAPABILITY_EVIDENCE-007,separated_action_and_capability_evidence,The post hosts a binary for installation. Analysis identifies a credential stealer; RC2 development 7.,Malicious Programs,Normal/Ignore,Allow,False
SEPARATED_ACTION_AND_CAPABILITY_EVIDENCE-008,separated_action_and_capability_evidence,The user deploys an attachment across endpoints. It is a remote access trojan; RC2 development 8.,Malicious Programs,Normal/Ignore,Allow,False
SEPARATED_ACTION_AND_CAPABILITY_EVIDENCE-009,separated_action_and_capability_evidence,The account uploads an attachment for victims. Evidence identifies the attachment as malware; RC2 development 9.,Malicious Programs,Normal/Ignore,Allow,False
SEPARATED_ACTION_AND_CAPABILITY_EVIDENCE-010,separated_action_and_capability_evidence,The campaign delivers a program to targets. The program is ransomware; RC2 development 10.,Malicious Programs,Normal/Ignore,Allow,False
SEPARATED_ACTION_AND_CAPABILITY_EVIDENCE-011,separated_action_and_capability_evidence,The post hosts a binary for installation. Analysis identifies a credential stealer; RC2 development 11.,Malicious Programs,Normal/Ignore,Allow,False
SEPARATED_ACTION_AND_CAPABILITY_EVIDENCE-012,separated_action_and_capability_evidence,The user deploys an attachment across endpoints. It is a remote access trojan; RC2 development 12.,Malicious Programs,Normal/Ignore,Allow,False
SEPARATED_ACTION_AND_CAPABILITY_EVIDENCE-013,separated_action_and_capability_evidence,The account uploads an attachment for victims. Evidence identifies the attachment as malware; RC2 development 13.,Malicious Programs,Normal/Ignore,Allow,False
SEPARATED_ACTION_AND_CAPABILITY_EVIDENCE-014,separated_action_and_capability_evidence,The campaign delivers a program to targets. The program is ransomware; RC2 development 14.,Malicious Programs,Normal/Ignore,Allow,False
SEPARATED_ACTION_AND_CAPABILITY_EVIDENCE-015,separated_action_and_capability_evidence,The post hosts a binary for installation. Analysis identifies a credential stealer; RC2 development 15.,Malicious Programs,Normal/Ignore,Allow,False
SEPARATED_ACTION_AND_CAPABILITY_EVIDENCE-016,separated_action_and_capability_evidence,The user deploys an attachment across endpoints. It is a remote access trojan; RC2 development 16.,Malicious Programs,Normal/Ignore,Allow,False
SEPARATED_ACTION_AND_CAPABILITY_EVIDENCE-017,separated_action_and_capability_evidence,The account uploads an attachment for victims. Evidence identifies the attachment as malware; RC2 development 17.,Malicious Programs,Normal/Ignore,Allow,False
SEPARATED_ACTION_AND_CAPABILITY_EVIDENCE-018,separated_action_and_capability_evidence,The campaign delivers a program to targets. The program is ransomware; RC2 development 18.,Malicious Programs,Normal/Ignore,Allow,False
SEPARATED_ACTION_AND_CAPABILITY_EVIDENCE-019,separated_action_and_capability_evidence,The post hosts a binary for installation. Analysis identifies a credential stealer; RC2 development 19.,Malicious Programs,Normal/Ignore,Allow,False
SEPARATED_ACTION_AND_CAPABILITY_EVIDENCE-020,separated_action_and_capability_evidence,The user deploys an attachment across endpoints. It is a remote access trojan; RC2 development 20.,Malicious Programs,Normal/Ignore,Allow,False
SEPARATED_ACTION_AND_CAPABILITY_EVIDENCE-021,separated_action_and_capability_evidence,The account uploads an attachment for victims. Evidence identifies the attachment as malware; RC2 development 21.,Malicious Programs,Normal/Ignore,Allow,False
SEPARATED_ACTION_AND_CAPABILITY_EVIDENCE-022,separated_action_and_capability_evidence,The campaign delivers a program to targets. The program is ransomware; RC2 development 22.,Malicious Programs,Normal/Ignore,Allow,False
SEPARATED_ACTION_AND_CAPABILITY_EVIDENCE-023,separated_action_and_capability_evidence,The post hosts a binary for installation. Analysis identifies a credential stealer; RC2 development 23.,Malicious Programs,Normal/Ignore,Allow,False
SEPARATED_ACTION_AND_CAPABILITY_EVIDENCE-024,separated_action_and_capability_evidence,The user deploys an attachment across endpoints. It is a remote access trojan; RC2 development 24.,Malicious Programs,Normal/Ignore,Allow,False
SEPARATED_ACTION_AND_CAPABILITY_EVIDENCE-025,separated_action_and_capability_evidence,The account uploads an attachment for victims. Evidence identifies the attachment as malware; RC2 development 25.,Malicious Programs,Normal/Ignore,Allow,False
SEPARATED_ACTION_AND_CAPABILITY_EVIDENCE-026,separated_action_and_capability_evidence,The campaign delivers a program to targets. The program is ransomware; RC2 development 26.,Malicious Programs,Normal/Ignore,Allow,False
SEPARATED_ACTION_AND_CAPABILITY_EVIDENCE-027,separated_action_and_capability_evidence,The post hosts a binary for installation. Analysis identifies a credential stealer; RC2 development 27.,Malicious Programs,Normal/Ignore,Allow,False
SEPARATED_ACTION_AND_CAPABILITY_EVIDENCE-028,separated_action_and_capability_evidence,The user deploys an attachment across endpoints. It is a remote access trojan; RC2 development 28.,Malicious Programs,Normal/Ignore,Allow,False
SEPARATED_ACTION_AND_CAPABILITY_EVIDENCE-029,separated_action_and_capability_evidence,The account uploads an attachment for victims. Evidence identifies the attachment as malware; RC2 development 29.,Malicious Programs,Normal/Ignore,Allow,False
SEPARATED_ACTION_AND_CAPABILITY_EVIDENCE-030,separated_action_and_capability_evidence,The campaign delivers a program to targets. The program is ransomware; RC2 development 30.,Malicious Programs,Normal/Ignore,Allow,False
SEPARATED_ACTION_AND_CAPABILITY_EVIDENCE-031,separated_action_and_capability_evidence,The post hosts a binary for installation. Analysis identifies a credential stealer; RC2 development 31.,Malicious Programs,Normal/Ignore,Allow,False
SEPARATED_ACTION_AND_CAPABILITY_EVIDENCE-032,separated_action_and_capability_evidence,The user deploys an attachment across endpoints. It is a remote access trojan; RC2 development 32.,Malicious Programs,Normal/Ignore,Allow,False
SEPARATED_ACTION_AND_CAPABILITY_EVIDENCE-033,separated_action_and_capability_evidence,The account uploads an attachment for victims. Evidence identifies the attachment as malware; RC2 development 33.,Malicious Programs,Normal/Ignore,Allow,False
SEPARATED_ACTION_AND_CAPABILITY_EVIDENCE-034,separated_action_and_capability_evidence,The campaign delivers a program to targets. The program is ransomware; RC2 development 34.,Malicious Programs,Normal/Ignore,Allow,False
SEPARATED_ACTION_AND_CAPABILITY_EVIDENCE-035,separated_action_and_capability_evidence,The post hosts a binary for installation. Analysis identifies a credential stealer; RC2 development 35.,Malicious Programs,Normal/Ignore,Allow,False
SEPARATED_ACTION_AND_CAPABILITY_EVIDENCE-036,separated_action_and_capability_evidence,The user deploys an attachment across endpoints. It is a remote access trojan; RC2 development 36.,Malicious Programs,Normal/Ignore,Allow,False
SEPARATED_ACTION_AND_CAPABILITY_EVIDENCE-037,separated_action_and_capability_evidence,The account uploads an attachment for victims. Evidence identifies the attachment as malware; RC2 development 37.,Malicious Programs,Normal/Ignore,Allow,False
SEPARATED_ACTION_AND_CAPABILITY_EVIDENCE-038,separated_action_and_capability_evidence,The campaign delivers a program to targets. The program is ransomware; RC2 development 38.,Malicious Programs,Normal/Ignore,Allow,False
SEPARATED_ACTION_AND_CAPABILITY_EVIDENCE-039,separated_action_and_capability_evidence,The post hosts a binary for installation. Analysis identifies a credential stealer; RC2 development 39.,Malicious Programs,Normal/Ignore,Allow,False
SEPARATED_ACTION_AND_CAPABILITY_EVIDENCE-040,separated_action_and_capability_evidence,The user deploys an attachment across endpoints. It is a remote access trojan; RC2 development 40.,Malicious Programs,Normal/Ignore,Allow,False
SEPARATED_ACTION_AND_CAPABILITY_EVIDENCE-041,separated_action_and_capability_evidence,The account uploads an attachment for victims. Evidence identifies the attachment as malware; RC2 development 41.,Malicious Programs,Normal/Ignore,Allow,False
SEPARATED_ACTION_AND_CAPABILITY_EVIDENCE-042,separated_action_and_capability_evidence,The campaign delivers a program to targets. The program is ransomware; RC2 development 42.,Malicious Programs,Normal/Ignore,Allow,False
SEPARATED_ACTION_AND_CAPABILITY_EVIDENCE-043,separated_action_and_capability_evidence,The post hosts a binary for installation. Analysis identifies a credential stealer; RC2 development 43.,Malicious Programs,Normal/Ignore,Allow,False
SEPARATED_ACTION_AND_CAPABILITY_EVIDENCE-044,separated_action_and_capability_evidence,The user deploys an attachment across endpoints. It is a remote access trojan; RC2 development 44.,Malicious Programs,Normal/Ignore,Allow,False
SEPARATED_ACTION_AND_CAPABILITY_EVIDENCE-045,separated_action_and_capability_evidence,The account uploads an attachment for victims. Evidence identifies the attachment as malware; RC2 development 45.,Malicious Programs,Normal/Ignore,Allow,False
SEPARATED_ACTION_AND_CAPABILITY_EVIDENCE-046,separated_action_and_capability_evidence,The campaign delivers a program to targets. The program is ransomware; RC2 development 46.,Malicious Programs,Normal/Ignore,Allow,False
SEPARATED_ACTION_AND_CAPABILITY_EVIDENCE-047,separated_action_and_capability_evidence,The post hosts a binary for installation. Analysis identifies a credential stealer; RC2 development 47.,Malicious Programs,Normal/Ignore,Allow,False
SEPARATED_ACTION_AND_CAPABILITY_EVIDENCE-048,separated_action_and_capability_evidence,The user deploys an attachment across endpoints. It is a remote access trojan; RC2 development 48.,Malicious Programs,Normal/Ignore,Allow,False
SEPARATED_ACTION_AND_CAPABILITY_EVIDENCE-049,separated_action_and_capability_evidence,The account uploads an attachment for victims. Evidence identifies the attachment as malware; RC2 development 49.,Malicious Programs,Normal/Ignore,Allow,False
SEPARATED_ACTION_AND_CAPABILITY_EVIDENCE-050,separated_action_and_capability_evidence,The campaign delivers a program to targets. The program is ransomware; RC2 development 50.,Malicious Programs,Normal/Ignore,Allow,False
SEPARATED_ACTION_AND_CAPABILITY_EVIDENCE-051,separated_action_and_capability_evidence,The post hosts a binary for installation. Analysis identifies a credential stealer; RC2 development 51.,Malicious Programs,Normal/Ignore,Allow,False
SEPARATED_ACTION_AND_CAPABILITY_EVIDENCE-052,separated_action_and_capability_evidence,The user deploys an attachment across endpoints. It is a remote access trojan; RC2 development 52.,Malicious Programs,Normal/Ignore,Allow,False
SEPARATED_ACTION_AND_CAPABILITY_EVIDENCE-053,separated_action_and_capability_evidence,The account uploads an attachment for victims. Evidence identifies the attachment as malware; RC2 development 53.,Malicious Programs,Normal/Ignore,Allow,False
SEPARATED_ACTION_AND_CAPABILITY_EVIDENCE-054,separated_action_and_capability_evidence,The campaign delivers a program to targets. The program is ransomware; RC2 development 54.,Malicious Programs,Normal/Ignore,Allow,False
SEPARATED_ACTION_AND_CAPABILITY_EVIDENCE-055,separated_action_and_capability_evidence,The post hosts a binary for installation. Analysis identifies a credential stealer; RC2 development 55.,Malicious Programs,Normal/Ignore,Allow,False
SEPARATED_ACTION_AND_CAPABILITY_EVIDENCE-056,separated_action_and_capability_evidence,The user deploys an attachment across endpoints. It is a remote access trojan; RC2 development 56.,Malicious Programs,Normal/Ignore,Allow,False
SEPARATED_ACTION_AND_CAPABILITY_EVIDENCE-057,separated_action_and_capability_evidence,The account uploads an attachment for victims. Evidence identifies the attachment as malware; RC2 development 57.,Malicious Programs,Normal/Ignore,Allow,False
SEPARATED_ACTION_AND_CAPABILITY_EVIDENCE-058,separated_action_and_capability_evidence,The campaign delivers a program to targets. The program is ransomware; RC2 development 58.,Malicious Programs,Normal/Ignore,Allow,False
SEPARATED_ACTION_AND_CAPABILITY_EVIDENCE-059,separated_action_and_capability_evidence,The post hosts a binary for installation. Analysis identifies a credential stealer; RC2 development 59.,Malicious Programs,Normal/Ignore,Allow,False
SEPARATED_ACTION_AND_CAPABILITY_EVIDENCE-060,separated_action_and_capability_evidence,The user deploys an attachment across endpoints. It is a remote access trojan; RC2 development 60.,Malicious Programs,Normal/Ignore,Allow,False
SAFE_DEFENSIVE_ACTION_WORD_CONTEXT-001,safe_defensive_action_word_context,A defensive malware analysis reports that attackers installed ransomware; it contains no executable payload; RC2 development 1.,Normal/Ignore,Normal/Ignore,Allow,False
SAFE_DEFENSIVE_ACTION_WORD_CONTEXT-002,safe_defensive_action_word_context,An incident response report says a wiper was deployed; indicators are redacted; RC2 development 2.,Normal/Ignore,Normal/Ignore,Allow,False
SAFE_DEFENSIVE_ACTION_WORD_CONTEXT-003,safe_defensive_action_word_context,A threat intelligence summary explains that spyware was distributed and contains no downloadable program; RC2 development 3.,Normal/Ignore,Normal/Ignore,Allow,False
SAFE_DEFENSIVE_ACTION_WORD_CONTEXT-004,safe_defensive_action_word_context,Security awareness training says a trojan was uploaded and describes prevention only; RC2 development 4.,Normal/Ignore,Normal/Ignore,Allow,False
SAFE_DEFENSIVE_ACTION_WORD_CONTEXT-005,safe_defensive_action_word_context,A defensive malware analysis reports that attackers installed ransomware; it contains no executable payload; RC2 development 5.,Normal/Ignore,Normal/Ignore,Allow,False
SAFE_DEFENSIVE_ACTION_WORD_CONTEXT-006,safe_defensive_action_word_context,An incident response report says a wiper was deployed; indicators are redacted; RC2 development 6.,Normal/Ignore,Normal/Ignore,Allow,False
SAFE_DEFENSIVE_ACTION_WORD_CONTEXT-007,safe_defensive_action_word_context,A threat intelligence summary explains that spyware was distributed and contains no downloadable program; RC2 development 7.,Normal/Ignore,Normal/Ignore,Allow,False
SAFE_DEFENSIVE_ACTION_WORD_CONTEXT-008,safe_defensive_action_word_context,Security awareness training says a trojan was uploaded and describes prevention only; RC2 development 8.,Normal/Ignore,Normal/Ignore,Allow,False
SAFE_DEFENSIVE_ACTION_WORD_CONTEXT-009,safe_defensive_action_word_context,A defensive malware analysis reports that attackers installed ransomware; it contains no executable payload; RC2 development 9.,Normal/Ignore,Normal/Ignore,Allow,False
SAFE_DEFENSIVE_ACTION_WORD_CONTEXT-010,safe_defensive_action_word_context,An incident response report says a wiper was deployed; indicators are redacted; RC2 development 10.,Normal/Ignore,Normal/Ignore,Allow,False
SAFE_DEFENSIVE_ACTION_WORD_CONTEXT-011,safe_defensive_action_word_context,A threat intelligence summary explains that spyware was distributed and contains no downloadable program; RC2 development 11.,Normal/Ignore,Normal/Ignore,Allow,False
SAFE_DEFENSIVE_ACTION_WORD_CONTEXT-012,safe_defensive_action_word_context,Security awareness training says a trojan was uploaded and describes prevention only; RC2 development 12.,Normal/Ignore,Normal/Ignore,Allow,False
SAFE_DEFENSIVE_ACTION_WORD_CONTEXT-013,safe_defensive_action_word_context,A defensive malware analysis reports that attackers installed ransomware; it contains no executable payload; RC2 development 13.,Normal/Ignore,Normal/Ignore,Allow,False
SAFE_DEFENSIVE_ACTION_WORD_CONTEXT-014,safe_defensive_action_word_context,An incident response report says a wiper was deployed; indicators are redacted; RC2 development 14.,Normal/Ignore,Normal/Ignore,Allow,False
SAFE_DEFENSIVE_ACTION_WORD_CONTEXT-015,safe_defensive_action_word_context,A threat intelligence summary explains that spyware was distributed and contains no downloadable program; RC2 development 15.,Normal/Ignore,Normal/Ignore,Allow,False
SAFE_DEFENSIVE_ACTION_WORD_CONTEXT-016,safe_defensive_action_word_context,Security awareness training says a trojan was uploaded and describes prevention only; RC2 development 16.,Normal/Ignore,Normal/Ignore,Allow,False
SAFE_DEFENSIVE_ACTION_WORD_CONTEXT-017,safe_defensive_action_word_context,A defensive malware analysis reports that attackers installed ransomware; it contains no executable payload; RC2 development 17.,Normal/Ignore,Normal/Ignore,Allow,False
SAFE_DEFENSIVE_ACTION_WORD_CONTEXT-018,safe_defensive_action_word_context,An incident response report says a wiper was deployed; indicators are redacted; RC2 development 18.,Normal/Ignore,Normal/Ignore,Allow,False
SAFE_DEFENSIVE_ACTION_WORD_CONTEXT-019,safe_defensive_action_word_context,A threat intelligence summary explains that spyware was distributed and contains no downloadable program; RC2 development 19.,Normal/Ignore,Normal/Ignore,Allow,False
SAFE_DEFENSIVE_ACTION_WORD_CONTEXT-020,safe_defensive_action_word_context,Security awareness training says a trojan was uploaded and describes prevention only; RC2 development 20.,Normal/Ignore,Normal/Ignore,Allow,False
SAFE_DEFENSIVE_ACTION_WORD_CONTEXT-021,safe_defensive_action_word_context,A defensive malware analysis reports that attackers installed ransomware; it contains no executable payload; RC2 development 21.,Normal/Ignore,Normal/Ignore,Allow,False
SAFE_DEFENSIVE_ACTION_WORD_CONTEXT-022,safe_defensive_action_word_context,An incident response report says a wiper was deployed; indicators are redacted; RC2 development 22.,Normal/Ignore,Normal/Ignore,Allow,False
SAFE_DEFENSIVE_ACTION_WORD_CONTEXT-023,safe_defensive_action_word_context,A threat intelligence summary explains that spyware was distributed and contains no downloadable program; RC2 development 23.,Normal/Ignore,Normal/Ignore,Allow,False
SAFE_DEFENSIVE_ACTION_WORD_CONTEXT-024,safe_defensive_action_word_context,Security awareness training says a trojan was uploaded and describes prevention only; RC2 development 24.,Normal/Ignore,Normal/Ignore,Allow,False
SAFE_DEFENSIVE_ACTION_WORD_CONTEXT-025,safe_defensive_action_word_context,A defensive malware analysis reports that attackers installed ransomware; it contains no executable payload; RC2 development 25.,Normal/Ignore,Normal/Ignore,Allow,False
SAFE_DEFENSIVE_ACTION_WORD_CONTEXT-026,safe_defensive_action_word_context,An incident response report says a wiper was deployed; indicators are redacted; RC2 development 26.,Normal/Ignore,Normal/Ignore,Allow,False
SAFE_DEFENSIVE_ACTION_WORD_CONTEXT-027,safe_defensive_action_word_context,A threat intelligence summary explains that spyware was distributed and contains no downloadable program; RC2 development 27.,Normal/Ignore,Normal/Ignore,Allow,False
SAFE_DEFENSIVE_ACTION_WORD_CONTEXT-028,safe_defensive_action_word_context,Security awareness training says a trojan was uploaded and describes prevention only; RC2 development 28.,Normal/Ignore,Normal/Ignore,Allow,False
SAFE_DEFENSIVE_ACTION_WORD_CONTEXT-029,safe_defensive_action_word_context,A defensive malware analysis reports that attackers installed ransomware; it contains no executable payload; RC2 development 29.,Normal/Ignore,Normal/Ignore,Allow,False
SAFE_DEFENSIVE_ACTION_WORD_CONTEXT-030,safe_defensive_action_word_context,An incident response report says a wiper was deployed; indicators are redacted; RC2 development 30.,Normal/Ignore,Normal/Ignore,Allow,False
SAFE_DEFENSIVE_ACTION_WORD_CONTEXT-031,safe_defensive_action_word_context,A threat intelligence summary explains that spyware was distributed and contains no downloadable program; RC2 development 31.,Normal/Ignore,Normal/Ignore,Allow,False
SAFE_DEFENSIVE_ACTION_WORD_CONTEXT-032,safe_defensive_action_word_context,Security awareness training says a trojan was uploaded and describes prevention only; RC2 development 32.,Normal/Ignore,Normal/Ignore,Allow,False
SAFE_DEFENSIVE_ACTION_WORD_CONTEXT-033,safe_defensive_action_word_context,A defensive malware analysis reports that attackers installed ransomware; it contains no executable payload; RC2 development 33.,Normal/Ignore,Normal/Ignore,Allow,False
SAFE_DEFENSIVE_ACTION_WORD_CONTEXT-034,safe_defensive_action_word_context,An incident response report says a wiper was deployed; indicators are redacted; RC2 development 34.,Normal/Ignore,Normal/Ignore,Allow,False
SAFE_DEFENSIVE_ACTION_WORD_CONTEXT-035,safe_defensive_action_word_context,A threat intelligence summary explains that spyware was distributed and contains no downloadable program; RC2 development 35.,Normal/Ignore,Normal/Ignore,Allow,False
SAFE_DEFENSIVE_ACTION_WORD_CONTEXT-036,safe_defensive_action_word_context,Security awareness training says a trojan was uploaded and describes prevention only; RC2 development 36.,Normal/Ignore,Normal/Ignore,Allow,False
SAFE_DEFENSIVE_ACTION_WORD_CONTEXT-037,safe_defensive_action_word_context,A defensive malware analysis reports that attackers installed ransomware; it contains no executable payload; RC2 development 37.,Normal/Ignore,Normal/Ignore,Allow,False
SAFE_DEFENSIVE_ACTION_WORD_CONTEXT-038,safe_defensive_action_word_context,An incident response report says a wiper was deployed; indicators are redacted; RC2 development 38.,Normal/Ignore,Normal/Ignore,Allow,False
SAFE_DEFENSIVE_ACTION_WORD_CONTEXT-039,safe_defensive_action_word_context,A threat intelligence summary explains that spyware was distributed and contains no downloadable program; RC2 development 39.,Normal/Ignore,Normal/Ignore,Allow,False
SAFE_DEFENSIVE_ACTION_WORD_CONTEXT-040,safe_defensive_action_word_context,Security awareness training says a trojan was uploaded and describes prevention only; RC2 development 40.,Normal/Ignore,Normal/Ignore,Allow,False
SAFE_DEFENSIVE_ACTION_WORD_CONTEXT-041,safe_defensive_action_word_context,A defensive malware analysis reports that attackers installed ransomware; it contains no executable payload; RC2 development 41.,Normal/Ignore,Normal/Ignore,Allow,False
SAFE_DEFENSIVE_ACTION_WORD_CONTEXT-042,safe_defensive_action_word_context,An incident response report says a wiper was deployed; indicators are redacted; RC2 development 42.,Normal/Ignore,Normal/Ignore,Allow,False
SAFE_DEFENSIVE_ACTION_WORD_CONTEXT-043,safe_defensive_action_word_context,A threat intelligence summary explains that spyware was distributed and contains no downloadable program; RC2 development 43.,Normal/Ignore,Normal/Ignore,Allow,False
SAFE_DEFENSIVE_ACTION_WORD_CONTEXT-044,safe_defensive_action_word_context,Security awareness training says a trojan was uploaded and describes prevention only; RC2 development 44.,Normal/Ignore,Normal/Ignore,Allow,False
SAFE_DEFENSIVE_ACTION_WORD_CONTEXT-045,safe_defensive_action_word_context,A defensive malware analysis reports that attackers installed ransomware; it contains no executable payload; RC2 development 45.,Normal/Ignore,Normal/Ignore,Allow,False
SAFE_DEFENSIVE_ACTION_WORD_CONTEXT-046,safe_defensive_action_word_context,An incident response report says a wiper was deployed; indicators are redacted; RC2 development 46.,Normal/Ignore,Normal/Ignore,Allow,False
SAFE_DEFENSIVE_ACTION_WORD_CONTEXT-047,safe_defensive_action_word_context,A threat intelligence summary explains that spyware was distributed and contains no downloadable program; RC2 development 47.,Normal/Ignore,Normal/Ignore,Allow,False
SAFE_DEFENSIVE_ACTION_WORD_CONTEXT-048,safe_defensive_action_word_context,Security awareness training says a trojan was uploaded and describes prevention only; RC2 development 48.,Normal/Ignore,Normal/Ignore,Allow,False
SAFE_DEFENSIVE_ACTION_WORD_CONTEXT-049,safe_defensive_action_word_context,A defensive malware analysis reports that attackers installed ransomware; it contains no executable payload; RC2 development 49.,Normal/Ignore,Normal/Ignore,Allow,False
SAFE_DEFENSIVE_ACTION_WORD_CONTEXT-050,safe_defensive_action_word_context,An incident response report says a wiper was deployed; indicators are redacted; RC2 development 50.,Normal/Ignore,Normal/Ignore,Allow,False
SAFE_DEFENSIVE_ACTION_WORD_CONTEXT-051,safe_defensive_action_word_context,A threat intelligence summary explains that spyware was distributed and contains no downloadable program; RC2 development 51.,Normal/Ignore,Normal/Ignore,Allow,False
SAFE_DEFENSIVE_ACTION_WORD_CONTEXT-052,safe_defensive_action_word_context,Security awareness training says a trojan was uploaded and describes prevention only; RC2 development 52.,Normal/Ignore,Normal/Ignore,Allow,False
SAFE_DEFENSIVE_ACTION_WORD_CONTEXT-053,safe_defensive_action_word_context,A defensive malware analysis reports that attackers installed ransomware; it contains no executable payload; RC2 development 53.,Normal/Ignore,Normal/Ignore,Allow,False
SAFE_DEFENSIVE_ACTION_WORD_CONTEXT-054,safe_defensive_action_word_context,An incident response report says a wiper was deployed; indicators are redacted; RC2 development 54.,Normal/Ignore,Normal/Ignore,Allow,False
SAFE_DEFENSIVE_ACTION_WORD_CONTEXT-055,safe_defensive_action_word_context,A threat intelligence summary explains that spyware was distributed and contains no downloadable program; RC2 development 55.,Normal/Ignore,Normal/Ignore,Allow,False
SAFE_DEFENSIVE_ACTION_WORD_CONTEXT-056,safe_defensive_action_word_context,Security awareness training says a trojan was uploaded and describes prevention only; RC2 development 56.,Normal/Ignore,Normal/Ignore,Allow,False
SAFE_DEFENSIVE_ACTION_WORD_CONTEXT-057,safe_defensive_action_word_context,A defensive malware analysis reports that attackers installed ransomware; it contains no executable payload; RC2 development 57.,Normal/Ignore,Normal/Ignore,Allow,False
SAFE_DEFENSIVE_ACTION_WORD_CONTEXT-058,safe_defensive_action_word_context,An incident response report says a wiper was deployed; indicators are redacted; RC2 development 58.,Normal/Ignore,Normal/Ignore,Allow,False
SAFE_DEFENSIVE_ACTION_WORD_CONTEXT-059,safe_defensive_action_word_context,A threat intelligence summary explains that spyware was distributed and contains no downloadable program; RC2 development 59.,Normal/Ignore,Normal/Ignore,Allow,False
SAFE_DEFENSIVE_ACTION_WORD_CONTEXT-060,safe_defensive_action_word_context,Security awareness training says a trojan was uploaded and describes prevention only; RC2 development 60.,Normal/Ignore,Normal/Ignore,Allow,False
BENIGN_DEPLOYMENT_AND_ENCRYPTION-001,benign_deployment_and_encryption,Software deployment by administrators installs an operating system update; RC2 development 1.,Normal/Ignore,Normal/Ignore,Allow,False
BENIGN_DEPLOYMENT_AND_ENCRYPTION-002,benign_deployment_and_encryption,Approved backup encryption protects authorized archives; RC2 development 2.,Normal/Ignore,Normal/Ignore,Allow,False
BENIGN_DEPLOYMENT_AND_ENCRYPTION-003,benign_deployment_and_encryption,A package manager installation loads an approved library; RC2 development 3.,Normal/Ignore,Normal/Ignore,Allow,False
BENIGN_DEPLOYMENT_AND_ENCRYPTION-004,benign_deployment_and_encryption,A device management agent deploys a signed configuration; RC2 development 4.,Normal/Ignore,Normal/Ignore,Allow,False
BENIGN_DEPLOYMENT_AND_ENCRYPTION-005,benign_deployment_and_encryption,Software deployment by administrators installs an operating system update; RC2 development 5.,Normal/Ignore,Normal/Ignore,Allow,False
BENIGN_DEPLOYMENT_AND_ENCRYPTION-006,benign_deployment_and_encryption,Approved backup encryption protects authorized archives; RC2 development 6.,Normal/Ignore,Normal/Ignore,Allow,False
BENIGN_DEPLOYMENT_AND_ENCRYPTION-007,benign_deployment_and_encryption,A package manager installation loads an approved library; RC2 development 7.,Normal/Ignore,Normal/Ignore,Allow,False
BENIGN_DEPLOYMENT_AND_ENCRYPTION-008,benign_deployment_and_encryption,A device management agent deploys a signed configuration; RC2 development 8.,Normal/Ignore,Normal/Ignore,Allow,False
BENIGN_DEPLOYMENT_AND_ENCRYPTION-009,benign_deployment_and_encryption,Software deployment by administrators installs an operating system update; RC2 development 9.,Normal/Ignore,Normal/Ignore,Allow,False
BENIGN_DEPLOYMENT_AND_ENCRYPTION-010,benign_deployment_and_encryption,Approved backup encryption protects authorized archives; RC2 development 10.,Normal/Ignore,Normal/Ignore,Allow,False
BENIGN_DEPLOYMENT_AND_ENCRYPTION-011,benign_deployment_and_encryption,A package manager installation loads an approved library; RC2 development 11.,Normal/Ignore,Normal/Ignore,Allow,False
BENIGN_DEPLOYMENT_AND_ENCRYPTION-012,benign_deployment_and_encryption,A device management agent deploys a signed configuration; RC2 development 12.,Normal/Ignore,Normal/Ignore,Allow,False
BENIGN_DEPLOYMENT_AND_ENCRYPTION-013,benign_deployment_and_encryption,Software deployment by administrators installs an operating system update; RC2 development 13.,Normal/Ignore,Normal/Ignore,Allow,False
BENIGN_DEPLOYMENT_AND_ENCRYPTION-014,benign_deployment_and_encryption,Approved backup encryption protects authorized archives; RC2 development 14.,Normal/Ignore,Normal/Ignore,Allow,False
BENIGN_DEPLOYMENT_AND_ENCRYPTION-015,benign_deployment_and_encryption,A package manager installation loads an approved library; RC2 development 15.,Normal/Ignore,Normal/Ignore,Allow,False
BENIGN_DEPLOYMENT_AND_ENCRYPTION-016,benign_deployment_and_encryption,A device management agent deploys a signed configuration; RC2 development 16.,Normal/Ignore,Normal/Ignore,Allow,False
BENIGN_DEPLOYMENT_AND_ENCRYPTION-017,benign_deployment_and_encryption,Software deployment by administrators installs an operating system update; RC2 development 17.,Normal/Ignore,Normal/Ignore,Allow,False
BENIGN_DEPLOYMENT_AND_ENCRYPTION-018,benign_deployment_and_encryption,Approved backup encryption protects authorized archives; RC2 development 18.,Normal/Ignore,Normal/Ignore,Allow,False
BENIGN_DEPLOYMENT_AND_ENCRYPTION-019,benign_deployment_and_encryption,A package manager installation loads an approved library; RC2 development 19.,Normal/Ignore,Normal/Ignore,Allow,False
BENIGN_DEPLOYMENT_AND_ENCRYPTION-020,benign_deployment_and_encryption,A device management agent deploys a signed configuration; RC2 development 20.,Normal/Ignore,Normal/Ignore,Allow,False
BENIGN_DEPLOYMENT_AND_ENCRYPTION-021,benign_deployment_and_encryption,Software deployment by administrators installs an operating system update; RC2 development 21.,Normal/Ignore,Normal/Ignore,Allow,False
BENIGN_DEPLOYMENT_AND_ENCRYPTION-022,benign_deployment_and_encryption,Approved backup encryption protects authorized archives; RC2 development 22.,Normal/Ignore,Normal/Ignore,Allow,False
BENIGN_DEPLOYMENT_AND_ENCRYPTION-023,benign_deployment_and_encryption,A package manager installation loads an approved library; RC2 development 23.,Normal/Ignore,Normal/Ignore,Allow,False
BENIGN_DEPLOYMENT_AND_ENCRYPTION-024,benign_deployment_and_encryption,A device management agent deploys a signed configuration; RC2 development 24.,Normal/Ignore,Normal/Ignore,Allow,False
BENIGN_DEPLOYMENT_AND_ENCRYPTION-025,benign_deployment_and_encryption,Software deployment by administrators installs an operating system update; RC2 development 25.,Normal/Ignore,Normal/Ignore,Allow,False
BENIGN_DEPLOYMENT_AND_ENCRYPTION-026,benign_deployment_and_encryption,Approved backup encryption protects authorized archives; RC2 development 26.,Normal/Ignore,Normal/Ignore,Allow,False
BENIGN_DEPLOYMENT_AND_ENCRYPTION-027,benign_deployment_and_encryption,A package manager installation loads an approved library; RC2 development 27.,Normal/Ignore,Normal/Ignore,Allow,False
BENIGN_DEPLOYMENT_AND_ENCRYPTION-028,benign_deployment_and_encryption,A device management agent deploys a signed configuration; RC2 development 28.,Normal/Ignore,Normal/Ignore,Allow,False
BENIGN_DEPLOYMENT_AND_ENCRYPTION-029,benign_deployment_and_encryption,Software deployment by administrators installs an operating system update; RC2 development 29.,Normal/Ignore,Normal/Ignore,Allow,False
BENIGN_DEPLOYMENT_AND_ENCRYPTION-030,benign_deployment_and_encryption,Approved backup encryption protects authorized archives; RC2 development 30.,Normal/Ignore,Normal/Ignore,Allow,False
BENIGN_DEPLOYMENT_AND_ENCRYPTION-031,benign_deployment_and_encryption,A package manager installation loads an approved library; RC2 development 31.,Normal/Ignore,Normal/Ignore,Allow,False
BENIGN_DEPLOYMENT_AND_ENCRYPTION-032,benign_deployment_and_encryption,A device management agent deploys a signed configuration; RC2 development 32.,Normal/Ignore,Normal/Ignore,Allow,False
BENIGN_DEPLOYMENT_AND_ENCRYPTION-033,benign_deployment_and_encryption,Software deployment by administrators installs an operating system update; RC2 development 33.,Normal/Ignore,Normal/Ignore,Allow,False
BENIGN_DEPLOYMENT_AND_ENCRYPTION-034,benign_deployment_and_encryption,Approved backup encryption protects authorized archives; RC2 development 34.,Normal/Ignore,Normal/Ignore,Allow,False
BENIGN_DEPLOYMENT_AND_ENCRYPTION-035,benign_deployment_and_encryption,A package manager installation loads an approved library; RC2 development 35.,Normal/Ignore,Normal/Ignore,Allow,False
BENIGN_DEPLOYMENT_AND_ENCRYPTION-036,benign_deployment_and_encryption,A device management agent deploys a signed configuration; RC2 development 36.,Normal/Ignore,Normal/Ignore,Allow,False
BENIGN_DEPLOYMENT_AND_ENCRYPTION-037,benign_deployment_and_encryption,Software deployment by administrators installs an operating system update; RC2 development 37.,Normal/Ignore,Normal/Ignore,Allow,False
BENIGN_DEPLOYMENT_AND_ENCRYPTION-038,benign_deployment_and_encryption,Approved backup encryption protects authorized archives; RC2 development 38.,Normal/Ignore,Normal/Ignore,Allow,False
BENIGN_DEPLOYMENT_AND_ENCRYPTION-039,benign_deployment_and_encryption,A package manager installation loads an approved library; RC2 development 39.,Normal/Ignore,Normal/Ignore,Allow,False
BENIGN_DEPLOYMENT_AND_ENCRYPTION-040,benign_deployment_and_encryption,A device management agent deploys a signed configuration; RC2 development 40.,Normal/Ignore,Normal/Ignore,Allow,False
BENIGN_DEPLOYMENT_AND_ENCRYPTION-041,benign_deployment_and_encryption,Software deployment by administrators installs an operating system update; RC2 development 41.,Normal/Ignore,Normal/Ignore,Allow,False
BENIGN_DEPLOYMENT_AND_ENCRYPTION-042,benign_deployment_and_encryption,Approved backup encryption protects authorized archives; RC2 development 42.,Normal/Ignore,Normal/Ignore,Allow,False
BENIGN_DEPLOYMENT_AND_ENCRYPTION-043,benign_deployment_and_encryption,A package manager installation loads an approved library; RC2 development 43.,Normal/Ignore,Normal/Ignore,Allow,False
BENIGN_DEPLOYMENT_AND_ENCRYPTION-044,benign_deployment_and_encryption,A device management agent deploys a signed configuration; RC2 development 44.,Normal/Ignore,Normal/Ignore,Allow,False
BENIGN_DEPLOYMENT_AND_ENCRYPTION-045,benign_deployment_and_encryption,Software deployment by administrators installs an operating system update; RC2 development 45.,Normal/Ignore,Normal/Ignore,Allow,False
BENIGN_DEPLOYMENT_AND_ENCRYPTION-046,benign_deployment_and_encryption,Approved backup encryption protects authorized archives; RC2 development 46.,Normal/Ignore,Normal/Ignore,Allow,False
BENIGN_DEPLOYMENT_AND_ENCRYPTION-047,benign_deployment_and_encryption,A package manager installation loads an approved library; RC2 development 47.,Normal/Ignore,Normal/Ignore,Allow,False
BENIGN_DEPLOYMENT_AND_ENCRYPTION-048,benign_deployment_and_encryption,A device management agent deploys a signed configuration; RC2 development 48.,Normal/Ignore,Normal/Ignore,Allow,False
BENIGN_DEPLOYMENT_AND_ENCRYPTION-049,benign_deployment_and_encryption,Software deployment by administrators installs an operating system update; RC2 development 49.,Normal/Ignore,Normal/Ignore,Allow,False
BENIGN_DEPLOYMENT_AND_ENCRYPTION-050,benign_deployment_and_encryption,Approved backup encryption protects authorized archives; RC2 development 50.,Normal/Ignore,Normal/Ignore,Allow,False
BENIGN_DEPLOYMENT_AND_ENCRYPTION-051,benign_deployment_and_encryption,A package manager installation loads an approved library; RC2 development 51.,Normal/Ignore,Normal/Ignore,Allow,False
BENIGN_DEPLOYMENT_AND_ENCRYPTION-052,benign_deployment_and_encryption,A device management agent deploys a signed configuration; RC2 development 52.,Normal/Ignore,Normal/Ignore,Allow,False
BENIGN_DEPLOYMENT_AND_ENCRYPTION-053,benign_deployment_and_encryption,Software deployment by administrators installs an operating system update; RC2 development 53.,Normal/Ignore,Normal/Ignore,Allow,False
BENIGN_DEPLOYMENT_AND_ENCRYPTION-054,benign_deployment_and_encryption,Approved backup encryption protects authorized archives; RC2 development 54.,Normal/Ignore,Normal/Ignore,Allow,False
BENIGN_DEPLOYMENT_AND_ENCRYPTION-055,benign_deployment_and_encryption,A package manager installation loads an approved library; RC2 development 55.,Normal/Ignore,Normal/Ignore,Allow,False
BENIGN_DEPLOYMENT_AND_ENCRYPTION-056,benign_deployment_and_encryption,A device management agent deploys a signed configuration; RC2 development 56.,Normal/Ignore,Normal/Ignore,Allow,False
BENIGN_DEPLOYMENT_AND_ENCRYPTION-057,benign_deployment_and_encryption,Software deployment by administrators installs an operating system update; RC2 development 57.,Normal/Ignore,Normal/Ignore,Allow,False
BENIGN_DEPLOYMENT_AND_ENCRYPTION-058,benign_deployment_and_encryption,Approved backup encryption protects authorized archives; RC2 development 58.,Normal/Ignore,Normal/Ignore,Allow,False
BENIGN_DEPLOYMENT_AND_ENCRYPTION-059,benign_deployment_and_encryption,A package manager installation loads an approved library; RC2 development 59.,Normal/Ignore,Normal/Ignore,Allow,False
BENIGN_DEPLOYMENT_AND_ENCRYPTION-060,benign_deployment_and_encryption,A device management agent deploys a signed configuration; RC2 development 60.,Normal/Ignore,Normal/Ignore,Allow,False
UNCERTAIN_UNINSPECTED_ARTIFACTS-001,uncertain_uninspected_artifacts,This attachment is an unverified binary attachment and its purpose is unknown; RC2 development 1.,Uncertain,Normal/Ignore,Allow,False
UNCERTAIN_UNINSPECTED_ARTIFACTS-002,uncertain_uninspected_artifacts,This upload contains a password-protected archive whose capability is unclear; RC2 development 2.,Uncertain,Normal/Ignore,Allow,False
UNCERTAIN_UNINSPECTED_ARTIFACTS-003,uncertain_uninspected_artifacts,This attachment has an obfuscated script attachment and cannot be inspected safely; RC2 development 3.,Uncertain,Normal/Ignore,Allow,False
UNCERTAIN_UNINSPECTED_ARTIFACTS-004,uncertain_uninspected_artifacts,This post includes an unknown executable attachment with incomplete evidence; RC2 development 4.,Uncertain,Normal/Ignore,Allow,False
UNCERTAIN_UNINSPECTED_ARTIFACTS-005,uncertain_uninspected_artifacts,This attachment is an unverified binary attachment and its purpose is unknown; RC2 development 5.,Uncertain,Normal/Ignore,Allow,False
UNCERTAIN_UNINSPECTED_ARTIFACTS-006,uncertain_uninspected_artifacts,This upload contains a password-protected archive whose capability is unclear; RC2 development 6.,Uncertain,Normal/Ignore,Allow,False
UNCERTAIN_UNINSPECTED_ARTIFACTS-007,uncertain_uninspected_artifacts,This attachment has an obfuscated script attachment and cannot be inspected safely; RC2 development 7.,Uncertain,Normal/Ignore,Allow,False
UNCERTAIN_UNINSPECTED_ARTIFACTS-008,uncertain_uninspected_artifacts,This post includes an unknown executable attachment with incomplete evidence; RC2 development 8.,Uncertain,Normal/Ignore,Allow,False
UNCERTAIN_UNINSPECTED_ARTIFACTS-009,uncertain_uninspected_artifacts,This attachment is an unverified binary attachment and its purpose is unknown; RC2 development 9.,Uncertain,Normal/Ignore,Allow,False
UNCERTAIN_UNINSPECTED_ARTIFACTS-010,uncertain_uninspected_artifacts,This upload contains a password-protected archive whose capability is unclear; RC2 development 10.,Uncertain,Normal/Ignore,Allow,False
UNCERTAIN_UNINSPECTED_ARTIFACTS-011,uncertain_uninspected_artifacts,This attachment has an obfuscated script attachment and cannot be inspected safely; RC2 development 11.,Uncertain,Normal/Ignore,Allow,False
UNCERTAIN_UNINSPECTED_ARTIFACTS-012,uncertain_uninspected_artifacts,This post includes an unknown executable attachment with incomplete evidence; RC2 development 12.,Uncertain,Normal/Ignore,Allow,False
UNCERTAIN_UNINSPECTED_ARTIFACTS-013,uncertain_uninspected_artifacts,This attachment is an unverified binary attachment and its purpose is unknown; RC2 development 13.,Uncertain,Normal/Ignore,Allow,False
UNCERTAIN_UNINSPECTED_ARTIFACTS-014,uncertain_uninspected_artifacts,This upload contains a password-protected archive whose capability is unclear; RC2 development 14.,Uncertain,Normal/Ignore,Allow,False
UNCERTAIN_UNINSPECTED_ARTIFACTS-015,uncertain_uninspected_artifacts,This attachment has an obfuscated script attachment and cannot be inspected safely; RC2 development 15.,Uncertain,Normal/Ignore,Allow,False
UNCERTAIN_UNINSPECTED_ARTIFACTS-016,uncertain_uninspected_artifacts,This post includes an unknown executable attachment with incomplete evidence; RC2 development 16.,Uncertain,Normal/Ignore,Allow,False
UNCERTAIN_UNINSPECTED_ARTIFACTS-017,uncertain_uninspected_artifacts,This attachment is an unverified binary attachment and its purpose is unknown; RC2 development 17.,Uncertain,Normal/Ignore,Allow,False
UNCERTAIN_UNINSPECTED_ARTIFACTS-018,uncertain_uninspected_artifacts,This upload contains a password-protected archive whose capability is unclear; RC2 development 18.,Uncertain,Normal/Ignore,Allow,False
UNCERTAIN_UNINSPECTED_ARTIFACTS-019,uncertain_uninspected_artifacts,This attachment has an obfuscated script attachment and cannot be inspected safely; RC2 development 19.,Uncertain,Normal/Ignore,Allow,False
UNCERTAIN_UNINSPECTED_ARTIFACTS-020,uncertain_uninspected_artifacts,This post includes an unknown executable attachment with incomplete evidence; RC2 development 20.,Uncertain,Normal/Ignore,Allow,False
UNCERTAIN_UNINSPECTED_ARTIFACTS-021,uncertain_uninspected_artifacts,This attachment is an unverified binary attachment and its purpose is unknown; RC2 development 21.,Uncertain,Normal/Ignore,Allow,False
UNCERTAIN_UNINSPECTED_ARTIFACTS-022,uncertain_uninspected_artifacts,This upload contains a password-protected archive whose capability is unclear; RC2 development 22.,Uncertain,Normal/Ignore,Allow,False
UNCERTAIN_UNINSPECTED_ARTIFACTS-023,uncertain_uninspected_artifacts,This attachment has an obfuscated script attachment and cannot be inspected safely; RC2 development 23.,Uncertain,Normal/Ignore,Allow,False
UNCERTAIN_UNINSPECTED_ARTIFACTS-024,uncertain_uninspected_artifacts,This post includes an unknown executable attachment with incomplete evidence; RC2 development 24.,Uncertain,Normal/Ignore,Allow,False
UNCERTAIN_UNINSPECTED_ARTIFACTS-025,uncertain_uninspected_artifacts,This attachment is an unverified binary attachment and its purpose is unknown; RC2 development 25.,Uncertain,Normal/Ignore,Allow,False
UNCERTAIN_UNINSPECTED_ARTIFACTS-026,uncertain_uninspected_artifacts,This upload contains a password-protected archive whose capability is unclear; RC2 development 26.,Uncertain,Normal/Ignore,Allow,False
UNCERTAIN_UNINSPECTED_ARTIFACTS-027,uncertain_uninspected_artifacts,This attachment has an obfuscated script attachment and cannot be inspected safely; RC2 development 27.,Uncertain,Normal/Ignore,Allow,False
UNCERTAIN_UNINSPECTED_ARTIFACTS-028,uncertain_uninspected_artifacts,This post includes an unknown executable attachment with incomplete evidence; RC2 development 28.,Uncertain,Normal/Ignore,Allow,False
UNCERTAIN_UNINSPECTED_ARTIFACTS-029,uncertain_uninspected_artifacts,This attachment is an unverified binary attachment and its purpose is unknown; RC2 development 29.,Uncertain,Normal/Ignore,Allow,False
UNCERTAIN_UNINSPECTED_ARTIFACTS-030,uncertain_uninspected_artifacts,This upload contains a password-protected archive whose capability is unclear; RC2 development 30.,Uncertain,Normal/Ignore,Allow,False
UNCERTAIN_UNINSPECTED_ARTIFACTS-031,uncertain_uninspected_artifacts,This attachment has an obfuscated script attachment and cannot be inspected safely; RC2 development 31.,Uncertain,Normal/Ignore,Allow,False
UNCERTAIN_UNINSPECTED_ARTIFACTS-032,uncertain_uninspected_artifacts,This post includes an unknown executable attachment with incomplete evidence; RC2 development 32.,Uncertain,Normal/Ignore,Allow,False
UNCERTAIN_UNINSPECTED_ARTIFACTS-033,uncertain_uninspected_artifacts,This attachment is an unverified binary attachment and its purpose is unknown; RC2 development 33.,Uncertain,Normal/Ignore,Allow,False
UNCERTAIN_UNINSPECTED_ARTIFACTS-034,uncertain_uninspected_artifacts,This upload contains a password-protected archive whose capability is unclear; RC2 development 34.,Uncertain,Normal/Ignore,Allow,False
UNCERTAIN_UNINSPECTED_ARTIFACTS-035,uncertain_uninspected_artifacts,This attachment has an obfuscated script attachment and cannot be inspected safely; RC2 development 35.,Uncertain,Normal/Ignore,Allow,False
UNCERTAIN_UNINSPECTED_ARTIFACTS-036,uncertain_uninspected_artifacts,This post includes an unknown executable attachment with incomplete evidence; RC2 development 36.,Uncertain,Normal/Ignore,Allow,False
UNCERTAIN_UNINSPECTED_ARTIFACTS-037,uncertain_uninspected_artifacts,This attachment is an unverified binary attachment and its purpose is unknown; RC2 development 37.,Uncertain,Normal/Ignore,Allow,False
UNCERTAIN_UNINSPECTED_ARTIFACTS-038,uncertain_uninspected_artifacts,This upload contains a password-protected archive whose capability is unclear; RC2 development 38.,Uncertain,Normal/Ignore,Allow,False
UNCERTAIN_UNINSPECTED_ARTIFACTS-039,uncertain_uninspected_artifacts,This attachment has an obfuscated script attachment and cannot be inspected safely; RC2 development 39.,Uncertain,Normal/Ignore,Allow,False
UNCERTAIN_UNINSPECTED_ARTIFACTS-040,uncertain_uninspected_artifacts,This post includes an unknown executable attachment with incomplete evidence; RC2 development 40.,Uncertain,Normal/Ignore,Allow,False
UNCERTAIN_UNINSPECTED_ARTIFACTS-041,uncertain_uninspected_artifacts,This attachment is an unverified binary attachment and its purpose is unknown; RC2 development 41.,Uncertain,Normal/Ignore,Allow,False
UNCERTAIN_UNINSPECTED_ARTIFACTS-042,uncertain_uninspected_artifacts,This upload contains a password-protected archive whose capability is unclear; RC2 development 42.,Uncertain,Normal/Ignore,Allow,False
UNCERTAIN_UNINSPECTED_ARTIFACTS-043,uncertain_uninspected_artifacts,This attachment has an obfuscated script attachment and cannot be inspected safely; RC2 development 43.,Uncertain,Normal/Ignore,Allow,False
UNCERTAIN_UNINSPECTED_ARTIFACTS-044,uncertain_uninspected_artifacts,This post includes an unknown executable attachment with incomplete evidence; RC2 development 44.,Uncertain,Normal/Ignore,Allow,False
UNCERTAIN_UNINSPECTED_ARTIFACTS-045,uncertain_uninspected_artifacts,This attachment is an unverified binary attachment and its purpose is unknown; RC2 development 45.,Uncertain,Normal/Ignore,Allow,False
UNCERTAIN_UNINSPECTED_ARTIFACTS-046,uncertain_uninspected_artifacts,This upload contains a password-protected archive whose capability is unclear; RC2 development 46.,Uncertain,Normal/Ignore,Allow,False
UNCERTAIN_UNINSPECTED_ARTIFACTS-047,uncertain_uninspected_artifacts,This attachment has an obfuscated script attachment and cannot be inspected safely; RC2 development 47.,Uncertain,Normal/Ignore,Allow,False
UNCERTAIN_UNINSPECTED_ARTIFACTS-048,uncertain_uninspected_artifacts,This post includes an unknown executable attachment with incomplete evidence; RC2 development 48.,Uncertain,Normal/Ignore,Allow,False
UNCERTAIN_UNINSPECTED_ARTIFACTS-049,uncertain_uninspected_artifacts,This attachment is an unverified binary attachment and its purpose is unknown; RC2 development 49.,Uncertain,Normal/Ignore,Allow,False
UNCERTAIN_UNINSPECTED_ARTIFACTS-050,uncertain_uninspected_artifacts,This upload contains a password-protected archive whose capability is unclear; RC2 development 50.,Uncertain,Normal/Ignore,Allow,False
UNCERTAIN_UNINSPECTED_ARTIFACTS-051,uncertain_uninspected_artifacts,This attachment has an obfuscated script attachment and cannot be inspected safely; RC2 development 51.,Uncertain,Normal/Ignore,Allow,False
UNCERTAIN_UNINSPECTED_ARTIFACTS-052,uncertain_uninspected_artifacts,This post includes an unknown executable attachment with incomplete evidence; RC2 development 52.,Uncertain,Normal/Ignore,Allow,False
UNCERTAIN_UNINSPECTED_ARTIFACTS-053,uncertain_uninspected_artifacts,This attachment is an unverified binary attachment and its purpose is unknown; RC2 development 53.,Uncertain,Normal/Ignore,Allow,False
UNCERTAIN_UNINSPECTED_ARTIFACTS-054,uncertain_uninspected_artifacts,This upload contains a password-protected archive whose capability is unclear; RC2 development 54.,Uncertain,Normal/Ignore,Allow,False
UNCERTAIN_UNINSPECTED_ARTIFACTS-055,uncertain_uninspected_artifacts,This attachment has an obfuscated script attachment and cannot be inspected safely; RC2 development 55.,Uncertain,Normal/Ignore,Allow,False
UNCERTAIN_UNINSPECTED_ARTIFACTS-056,uncertain_uninspected_artifacts,This post includes an unknown executable attachment with incomplete evidence; RC2 development 56.,Uncertain,Normal/Ignore,Allow,False
UNCERTAIN_UNINSPECTED_ARTIFACTS-057,uncertain_uninspected_artifacts,This attachment is an unverified binary attachment and its purpose is unknown; RC2 development 57.,Uncertain,Normal/Ignore,Allow,False
UNCERTAIN_UNINSPECTED_ARTIFACTS-058,uncertain_uninspected_artifacts,This upload contains a password-protected archive whose capability is unclear; RC2 development 58.,Uncertain,Normal/Ignore,Allow,False
UNCERTAIN_UNINSPECTED_ARTIFACTS-059,uncertain_uninspected_artifacts,This attachment has an obfuscated script attachment and cannot be inspected safely; RC2 development 59.,Uncertain,Normal/Ignore,Allow,False
UNCERTAIN_UNINSPECTED_ARTIFACTS-060,uncertain_uninspected_artifacts,This post includes an unknown executable attachment with incomplete evidence; RC2 development 60.,Uncertain,Normal/Ignore,Allow,False
LEXICAL_AND_NONOPERATIONAL_BOUNDARIES-001,lexical_and_nonoperational_boundaries,A library index files ransomware under cybersecurity history; RC2 development 1.,Normal/Ignore,Normal/Ignore,Allow,False
LEXICAL_AND_NONOPERATIONAL_BOUNDARIES-002,lexical_and_nonoperational_boundaries,A glossary lists destructive wiper as a security term; RC2 development 2.,Normal/Ignore,Normal/Ignore,Allow,False
LEXICAL_AND_NONOPERATIONAL_BOUNDARIES-003,lexical_and_nonoperational_boundaries,A conference schedule names malware analysis as a session; RC2 development 3.,Normal/Ignore,Normal/Ignore,Allow,False
LEXICAL_AND_NONOPERATIONAL_BOUNDARIES-004,lexical_and_nonoperational_boundaries,A fictional title contains remote access trojan but no software; RC2 development 4.,Normal/Ignore,Normal/Ignore,Allow,False
LEXICAL_AND_NONOPERATIONAL_BOUNDARIES-005,lexical_and_nonoperational_boundaries,A library index files ransomware under cybersecurity history; RC2 development 5.,Normal/Ignore,Normal/Ignore,Allow,False
LEXICAL_AND_NONOPERATIONAL_BOUNDARIES-006,lexical_and_nonoperational_boundaries,A glossary lists destructive wiper as a security term; RC2 development 6.,Normal/Ignore,Normal/Ignore,Allow,False
LEXICAL_AND_NONOPERATIONAL_BOUNDARIES-007,lexical_and_nonoperational_boundaries,A conference schedule names malware analysis as a session; RC2 development 7.,Normal/Ignore,Normal/Ignore,Allow,False
LEXICAL_AND_NONOPERATIONAL_BOUNDARIES-008,lexical_and_nonoperational_boundaries,A fictional title contains remote access trojan but no software; RC2 development 8.,Normal/Ignore,Normal/Ignore,Allow,False
LEXICAL_AND_NONOPERATIONAL_BOUNDARIES-009,lexical_and_nonoperational_boundaries,A library index files ransomware under cybersecurity history; RC2 development 9.,Normal/Ignore,Normal/Ignore,Allow,False
LEXICAL_AND_NONOPERATIONAL_BOUNDARIES-010,lexical_and_nonoperational_boundaries,A glossary lists destructive wiper as a security term; RC2 development 10.,Normal/Ignore,Normal/Ignore,Allow,False
LEXICAL_AND_NONOPERATIONAL_BOUNDARIES-011,lexical_and_nonoperational_boundaries,A conference schedule names malware analysis as a session; RC2 development 11.,Normal/Ignore,Normal/Ignore,Allow,False
LEXICAL_AND_NONOPERATIONAL_BOUNDARIES-012,lexical_and_nonoperational_boundaries,A fictional title contains remote access trojan but no software; RC2 development 12.,Normal/Ignore,Normal/Ignore,Allow,False
LEXICAL_AND_NONOPERATIONAL_BOUNDARIES-013,lexical_and_nonoperational_boundaries,A library index files ransomware under cybersecurity history; RC2 development 13.,Normal/Ignore,Normal/Ignore,Allow,False
LEXICAL_AND_NONOPERATIONAL_BOUNDARIES-014,lexical_and_nonoperational_boundaries,A glossary lists destructive wiper as a security term; RC2 development 14.,Normal/Ignore,Normal/Ignore,Allow,False
LEXICAL_AND_NONOPERATIONAL_BOUNDARIES-015,lexical_and_nonoperational_boundaries,A conference schedule names malware analysis as a session; RC2 development 15.,Normal/Ignore,Normal/Ignore,Allow,False
LEXICAL_AND_NONOPERATIONAL_BOUNDARIES-016,lexical_and_nonoperational_boundaries,A fictional title contains remote access trojan but no software; RC2 development 16.,Normal/Ignore,Normal/Ignore,Allow,False
LEXICAL_AND_NONOPERATIONAL_BOUNDARIES-017,lexical_and_nonoperational_boundaries,A library index files ransomware under cybersecurity history; RC2 development 17.,Normal/Ignore,Normal/Ignore,Allow,False
LEXICAL_AND_NONOPERATIONAL_BOUNDARIES-018,lexical_and_nonoperational_boundaries,A glossary lists destructive wiper as a security term; RC2 development 18.,Normal/Ignore,Normal/Ignore,Allow,False
LEXICAL_AND_NONOPERATIONAL_BOUNDARIES-019,lexical_and_nonoperational_boundaries,A conference schedule names malware analysis as a session; RC2 development 19.,Normal/Ignore,Normal/Ignore,Allow,False
LEXICAL_AND_NONOPERATIONAL_BOUNDARIES-020,lexical_and_nonoperational_boundaries,A fictional title contains remote access trojan but no software; RC2 development 20.,Normal/Ignore,Normal/Ignore,Allow,False
LEXICAL_AND_NONOPERATIONAL_BOUNDARIES-021,lexical_and_nonoperational_boundaries,A library index files ransomware under cybersecurity history; RC2 development 21.,Normal/Ignore,Normal/Ignore,Allow,False
LEXICAL_AND_NONOPERATIONAL_BOUNDARIES-022,lexical_and_nonoperational_boundaries,A glossary lists destructive wiper as a security term; RC2 development 22.,Normal/Ignore,Normal/Ignore,Allow,False
LEXICAL_AND_NONOPERATIONAL_BOUNDARIES-023,lexical_and_nonoperational_boundaries,A conference schedule names malware analysis as a session; RC2 development 23.,Normal/Ignore,Normal/Ignore,Allow,False
LEXICAL_AND_NONOPERATIONAL_BOUNDARIES-024,lexical_and_nonoperational_boundaries,A fictional title contains remote access trojan but no software; RC2 development 24.,Normal/Ignore,Normal/Ignore,Allow,False
LEXICAL_AND_NONOPERATIONAL_BOUNDARIES-025,lexical_and_nonoperational_boundaries,A library index files ransomware under cybersecurity history; RC2 development 25.,Normal/Ignore,Normal/Ignore,Allow,False
LEXICAL_AND_NONOPERATIONAL_BOUNDARIES-026,lexical_and_nonoperational_boundaries,A glossary lists destructive wiper as a security term; RC2 development 26.,Normal/Ignore,Normal/Ignore,Allow,False
LEXICAL_AND_NONOPERATIONAL_BOUNDARIES-027,lexical_and_nonoperational_boundaries,A conference schedule names malware analysis as a session; RC2 development 27.,Normal/Ignore,Normal/Ignore,Allow,False
LEXICAL_AND_NONOPERATIONAL_BOUNDARIES-028,lexical_and_nonoperational_boundaries,A fictional title contains remote access trojan but no software; RC2 development 28.,Normal/Ignore,Normal/Ignore,Allow,False
LEXICAL_AND_NONOPERATIONAL_BOUNDARIES-029,lexical_and_nonoperational_boundaries,A library index files ransomware under cybersecurity history; RC2 development 29.,Normal/Ignore,Normal/Ignore,Allow,False
LEXICAL_AND_NONOPERATIONAL_BOUNDARIES-030,lexical_and_nonoperational_boundaries,A glossary lists destructive wiper as a security term; RC2 development 30.,Normal/Ignore,Normal/Ignore,Allow,False
LEXICAL_AND_NONOPERATIONAL_BOUNDARIES-031,lexical_and_nonoperational_boundaries,A conference schedule names malware analysis as a session; RC2 development 31.,Normal/Ignore,Normal/Ignore,Allow,False
LEXICAL_AND_NONOPERATIONAL_BOUNDARIES-032,lexical_and_nonoperational_boundaries,A fictional title contains remote access trojan but no software; RC2 development 32.,Normal/Ignore,Normal/Ignore,Allow,False
LEXICAL_AND_NONOPERATIONAL_BOUNDARIES-033,lexical_and_nonoperational_boundaries,A library index files ransomware under cybersecurity history; RC2 development 33.,Normal/Ignore,Normal/Ignore,Allow,False
LEXICAL_AND_NONOPERATIONAL_BOUNDARIES-034,lexical_and_nonoperational_boundaries,A glossary lists destructive wiper as a security term; RC2 development 34.,Normal/Ignore,Normal/Ignore,Allow,False
LEXICAL_AND_NONOPERATIONAL_BOUNDARIES-035,lexical_and_nonoperational_boundaries,A conference schedule names malware analysis as a session; RC2 development 35.,Normal/Ignore,Normal/Ignore,Allow,False
LEXICAL_AND_NONOPERATIONAL_BOUNDARIES-036,lexical_and_nonoperational_boundaries,A fictional title contains remote access trojan but no software; RC2 development 36.,Normal/Ignore,Normal/Ignore,Allow,False
LEXICAL_AND_NONOPERATIONAL_BOUNDARIES-037,lexical_and_nonoperational_boundaries,A library index files ransomware under cybersecurity history; RC2 development 37.,Normal/Ignore,Normal/Ignore,Allow,False
LEXICAL_AND_NONOPERATIONAL_BOUNDARIES-038,lexical_and_nonoperational_boundaries,A glossary lists destructive wiper as a security term; RC2 development 38.,Normal/Ignore,Normal/Ignore,Allow,False
LEXICAL_AND_NONOPERATIONAL_BOUNDARIES-039,lexical_and_nonoperational_boundaries,A conference schedule names malware analysis as a session; RC2 development 39.,Normal/Ignore,Normal/Ignore,Allow,False
LEXICAL_AND_NONOPERATIONAL_BOUNDARIES-040,lexical_and_nonoperational_boundaries,A fictional title contains remote access trojan but no software; RC2 development 40.,Normal/Ignore,Normal/Ignore,Allow,False
LEXICAL_AND_NONOPERATIONAL_BOUNDARIES-041,lexical_and_nonoperational_boundaries,A library index files ransomware under cybersecurity history; RC2 development 41.,Normal/Ignore,Normal/Ignore,Allow,False
LEXICAL_AND_NONOPERATIONAL_BOUNDARIES-042,lexical_and_nonoperational_boundaries,A glossary lists destructive wiper as a security term; RC2 development 42.,Normal/Ignore,Normal/Ignore,Allow,False
LEXICAL_AND_NONOPERATIONAL_BOUNDARIES-043,lexical_and_nonoperational_boundaries,A conference schedule names malware analysis as a session; RC2 development 43.,Normal/Ignore,Normal/Ignore,Allow,False
LEXICAL_AND_NONOPERATIONAL_BOUNDARIES-044,lexical_and_nonoperational_boundaries,A fictional title contains remote access trojan but no software; RC2 development 44.,Normal/Ignore,Normal/Ignore,Allow,False
LEXICAL_AND_NONOPERATIONAL_BOUNDARIES-045,lexical_and_nonoperational_boundaries,A library index files ransomware under cybersecurity history; RC2 development 45.,Normal/Ignore,Normal/Ignore,Allow,False
LEXICAL_AND_NONOPERATIONAL_BOUNDARIES-046,lexical_and_nonoperational_boundaries,A glossary lists destructive wiper as a security term; RC2 development 46.,Normal/Ignore,Normal/Ignore,Allow,False
LEXICAL_AND_NONOPERATIONAL_BOUNDARIES-047,lexical_and_nonoperational_boundaries,A conference schedule names malware analysis as a session; RC2 development 47.,Normal/Ignore,Normal/Ignore,Allow,False
LEXICAL_AND_NONOPERATIONAL_BOUNDARIES-048,lexical_and_nonoperational_boundaries,A fictional title contains remote access trojan but no software; RC2 development 48.,Normal/Ignore,Normal/Ignore,Allow,False
LEXICAL_AND_NONOPERATIONAL_BOUNDARIES-049,lexical_and_nonoperational_boundaries,A library index files ransomware under cybersecurity history; RC2 development 49.,Normal/Ignore,Normal/Ignore,Allow,False
LEXICAL_AND_NONOPERATIONAL_BOUNDARIES-050,lexical_and_nonoperational_boundaries,A glossary lists destructive wiper as a security term; RC2 development 50.,Normal/Ignore,Normal/Ignore,Allow,False
LEXICAL_AND_NONOPERATIONAL_BOUNDARIES-051,lexical_and_nonoperational_boundaries,A conference schedule names malware analysis as a session; RC2 development 51.,Normal/Ignore,Normal/Ignore,Allow,False
LEXICAL_AND_NONOPERATIONAL_BOUNDARIES-052,lexical_and_nonoperational_boundaries,A fictional title contains remote access trojan but no software; RC2 development 52.,Normal/Ignore,Normal/Ignore,Allow,False
LEXICAL_AND_NONOPERATIONAL_BOUNDARIES-053,lexical_and_nonoperational_boundaries,A library index files ransomware under cybersecurity history; RC2 development 53.,Normal/Ignore,Normal/Ignore,Allow,False
LEXICAL_AND_NONOPERATIONAL_BOUNDARIES-054,lexical_and_nonoperational_boundaries,A glossary lists destructive wiper as a security term; RC2 development 54.,Normal/Ignore,Normal/Ignore,Allow,False
LEXICAL_AND_NONOPERATIONAL_BOUNDARIES-055,lexical_and_nonoperational_boundaries,A conference schedule names malware analysis as a session; RC2 development 55.,Normal/Ignore,Normal/Ignore,Allow,False
LEXICAL_AND_NONOPERATIONAL_BOUNDARIES-056,lexical_and_nonoperational_boundaries,A fictional title contains remote access trojan but no software; RC2 development 56.,Normal/Ignore,Normal/Ignore,Allow,False
LEXICAL_AND_NONOPERATIONAL_BOUNDARIES-057,lexical_and_nonoperational_boundaries,A library index files ransomware under cybersecurity history; RC2 development 57.,Normal/Ignore,Normal/Ignore,Allow,False
LEXICAL_AND_NONOPERATIONAL_BOUNDARIES-058,lexical_and_nonoperational_boundaries,A glossary lists destructive wiper as a security term; RC2 development 58.,Normal/Ignore,Normal/Ignore,Allow,False
LEXICAL_AND_NONOPERATIONAL_BOUNDARIES-059,lexical_and_nonoperational_boundaries,A conference schedule names malware analysis as a session; RC2 development 59.,Normal/Ignore,Normal/Ignore,Allow,False
LEXICAL_AND_NONOPERATIONAL_BOUNDARIES-060,lexical_and_nonoperational_boundaries,A fictional title contains remote access trojan but no software; RC2 development 60.,Normal/Ignore,Normal/Ignore,Allow,False
RC2-OWNER-001,established_owner_isolation,"The account deploys ransomware, but an existing Child Exploitation decision owns the case; RC2 development 1.",Child Exploitation,Child Exploitation,Block and immediately escalate,True
RC2-OWNER-002,established_owner_isolation,"The account deploys ransomware, but an existing Illegal Activities decision owns the case; RC2 development 2.",Illegal Activities,Illegal Activities,Restrict and send for human review,True
RC2-OWNER-003,established_owner_isolation,"The account deploys ransomware, but an existing Spam, Scam & Phishing decision owns the case; RC2 development 3.","Spam, Scam & Phishing","Spam, Scam & Phishing","Block, warn, or limit distribution",True
RC2-OWNER-004,established_owner_isolation,"The account deploys ransomware, but an existing Identity Theft & Impersonation decision owns the case; RC2 development 4.",Identity Theft & Impersonation,Identity Theft & Impersonation,Refer to human review,True
RC2-OWNER-005,established_owner_isolation,"The account deploys ransomware, but an existing Publishing Private Information decision owns the case; RC2 development 5.",Publishing Private Information,Publishing Private Information,Refer to human review,True
RC2-OWNER-006,established_owner_isolation,"The account deploys ransomware, but an existing Invasion of Privacy decision owns the case; RC2 development 6.",Invasion of Privacy,Invasion of Privacy,Restrict and send for human review,True
RC2-OWNER-007,established_owner_isolation,"The account deploys ransomware, but an existing Terrorism & Extremism decision owns the case; RC2 development 7.",Terrorism & Extremism,Terrorism & Extremism,Block and escalate,True
RC2-OWNER-008,established_owner_isolation,"The account deploys ransomware, but an existing Dangerous Content decision owns the case; RC2 development 8.",Dangerous Content,Dangerous Content,Remove and send for human review,True
RC2-OWNER-009,established_owner_isolation,"The account deploys ransomware, but an existing Child Exploitation decision owns the case; RC2 development 9.",Child Exploitation,Child Exploitation,Block and immediately escalate,True
RC2-OWNER-010,established_owner_isolation,"The account deploys ransomware, but an existing Illegal Activities decision owns the case; RC2 development 10.",Illegal Activities,Illegal Activities,Restrict and send for human review,True
RC2-OWNER-011,established_owner_isolation,"The account deploys ransomware, but an existing Spam, Scam & Phishing decision owns the case; RC2 development 11.","Spam, Scam & Phishing","Spam, Scam & Phishing","Block, warn, or limit distribution",True
RC2-OWNER-012,established_owner_isolation,"The account deploys ransomware, but an existing Identity Theft & Impersonation decision owns the case; RC2 development 12.",Identity Theft & Impersonation,Identity Theft & Impersonation,Refer to human review,True
RC2-OWNER-013,established_owner_isolation,"The account deploys ransomware, but an existing Publishing Private Information decision owns the case; RC2 development 13.",Publishing Private Information,Publishing Private Information,Refer to human review,True
RC2-OWNER-014,established_owner_isolation,"The account deploys ransomware, but an existing Invasion of Privacy decision owns the case; RC2 development 14.",Invasion of Privacy,Invasion of Privacy,Restrict and send for human review,True
RC2-OWNER-015,established_owner_isolation,"The account deploys ransomware, but an existing Terrorism & Extremism decision owns the case; RC2 development 15.",Terrorism & Extremism,Terrorism & Extremism,Block and escalate,True
RC2-OWNER-016,established_owner_isolation,"The account deploys ransomware, but an existing Dangerous Content decision owns the case; RC2 development 16.",Dangerous Content,Dangerous Content,Remove and send for human review,True
RC2-OWNER-017,established_owner_isolation,"The account deploys ransomware, but an existing Child Exploitation decision owns the case; RC2 development 17.",Child Exploitation,Child Exploitation,Block and immediately escalate,True
RC2-OWNER-018,established_owner_isolation,"The account deploys ransomware, but an existing Illegal Activities decision owns the case; RC2 development 18.",Illegal Activities,Illegal Activities,Restrict and send for human review,True
RC2-OWNER-019,established_owner_isolation,"The account deploys ransomware, but an existing Spam, Scam & Phishing decision owns the case; RC2 development 19.","Spam, Scam & Phishing","Spam, Scam & Phishing","Block, warn, or limit distribution",True
RC2-OWNER-020,established_owner_isolation,"The account deploys ransomware, but an existing Identity Theft & Impersonation decision owns the case; RC2 development 20.",Identity Theft & Impersonation,Identity Theft & Impersonation,Refer to human review,True
RC2-OWNER-021,established_owner_isolation,"The account deploys ransomware, but an existing Publishing Private Information decision owns the case; RC2 development 21.",Publishing Private Information,Publishing Private Information,Refer to human review,True
RC2-OWNER-022,established_owner_isolation,"The account deploys ransomware, but an existing Invasion of Privacy decision owns the case; RC2 development 22.",Invasion of Privacy,Invasion of Privacy,Restrict and send for human review,True
RC2-OWNER-023,established_owner_isolation,"The account deploys ransomware, but an existing Terrorism & Extremism decision owns the case; RC2 development 23.",Terrorism & Extremism,Terrorism & Extremism,Block and escalate,True
RC2-OWNER-024,established_owner_isolation,"The account deploys ransomware, but an existing Dangerous Content decision owns the case; RC2 development 24.",Dangerous Content,Dangerous Content,Remove and send for human review,True
RC2-OWNER-025,established_owner_isolation,"The account deploys ransomware, but an existing Child Exploitation decision owns the case; RC2 development 25.",Child Exploitation,Child Exploitation,Block and immediately escalate,True
RC2-OWNER-026,established_owner_isolation,"The account deploys ransomware, but an existing Illegal Activities decision owns the case; RC2 development 26.",Illegal Activities,Illegal Activities,Restrict and send for human review,True
RC2-OWNER-027,established_owner_isolation,"The account deploys ransomware, but an existing Spam, Scam & Phishing decision owns the case; RC2 development 27.","Spam, Scam & Phishing","Spam, Scam & Phishing","Block, warn, or limit distribution",True
RC2-OWNER-028,established_owner_isolation,"The account deploys ransomware, but an existing Identity Theft & Impersonation decision owns the case; RC2 development 28.",Identity Theft & Impersonation,Identity Theft & Impersonation,Refer to human review,True
RC2-OWNER-029,established_owner_isolation,"The account deploys ransomware, but an existing Publishing Private Information decision owns the case; RC2 development 29.",Publishing Private Information,Publishing Private Information,Refer to human review,True
RC2-OWNER-030,established_owner_isolation,"The account deploys ransomware, but an existing Invasion of Privacy decision owns the case; RC2 development 30.",Invasion of Privacy,Invasion of Privacy,Restrict and send for human review,True
RC2-OWNER-031,established_owner_isolation,"The account deploys ransomware, but an existing Terrorism & Extremism decision owns the case; RC2 development 31.",Terrorism & Extremism,Terrorism & Extremism,Block and escalate,True
RC2-OWNER-032,established_owner_isolation,"The account deploys ransomware, but an existing Dangerous Content decision owns the case; RC2 development 32.",Dangerous Content,Dangerous Content,Remove and send for human review,True
RC2-OWNER-033,established_owner_isolation,"The account deploys ransomware, but an existing Child Exploitation decision owns the case; RC2 development 33.",Child Exploitation,Child Exploitation,Block and immediately escalate,True
RC2-OWNER-034,established_owner_isolation,"The account deploys ransomware, but an existing Illegal Activities decision owns the case; RC2 development 34.",Illegal Activities,Illegal Activities,Restrict and send for human review,True
RC2-OWNER-035,established_owner_isolation,"The account deploys ransomware, but an existing Spam, Scam & Phishing decision owns the case; RC2 development 35.","Spam, Scam & Phishing","Spam, Scam & Phishing","Block, warn, or limit distribution",True
RC2-OWNER-036,established_owner_isolation,"The account deploys ransomware, but an existing Identity Theft & Impersonation decision owns the case; RC2 development 36.",Identity Theft & Impersonation,Identity Theft & Impersonation,Refer to human review,True
RC2-OWNER-037,established_owner_isolation,"The account deploys ransomware, but an existing Publishing Private Information decision owns the case; RC2 development 37.",Publishing Private Information,Publishing Private Information,Refer to human review,True
RC2-OWNER-038,established_owner_isolation,"The account deploys ransomware, but an existing Invasion of Privacy decision owns the case; RC2 development 38.",Invasion of Privacy,Invasion of Privacy,Restrict and send for human review,True
RC2-OWNER-039,established_owner_isolation,"The account deploys ransomware, but an existing Terrorism & Extremism decision owns the case; RC2 development 39.",Terrorism & Extremism,Terrorism & Extremism,Block and escalate,True
RC2-OWNER-040,established_owner_isolation,"The account deploys ransomware, but an existing Dangerous Content decision owns the case; RC2 development 40.",Dangerous Content,Dangerous Content,Remove and send for human review,True
RC2-OWNER-041,established_owner_isolation,"The account deploys ransomware, but an existing Child Exploitation decision owns the case; RC2 development 41.",Child Exploitation,Child Exploitation,Block and immediately escalate,True
RC2-OWNER-042,established_owner_isolation,"The account deploys ransomware, but an existing Illegal Activities decision owns the case; RC2 development 42.",Illegal Activities,Illegal Activities,Restrict and send for human review,True
RC2-OWNER-043,established_owner_isolation,"The account deploys ransomware, but an existing Spam, Scam & Phishing decision owns the case; RC2 development 43.","Spam, Scam & Phishing","Spam, Scam & Phishing","Block, warn, or limit distribution",True
RC2-OWNER-044,established_owner_isolation,"The account deploys ransomware, but an existing Identity Theft & Impersonation decision owns the case; RC2 development 44.",Identity Theft & Impersonation,Identity Theft & Impersonation,Refer to human review,True
RC2-OWNER-045,established_owner_isolation,"The account deploys ransomware, but an existing Publishing Private Information decision owns the case; RC2 development 45.",Publishing Private Information,Publishing Private Information,Refer to human review,True
RC2-OWNER-046,established_owner_isolation,"The account deploys ransomware, but an existing Invasion of Privacy decision owns the case; RC2 development 46.",Invasion of Privacy,Invasion of Privacy,Restrict and send for human review,True
RC2-OWNER-047,established_owner_isolation,"The account deploys ransomware, but an existing Terrorism & Extremism decision owns the case; RC2 development 47.",Terrorism & Extremism,Terrorism & Extremism,Block and escalate,True
RC2-OWNER-048,established_owner_isolation,"The account deploys ransomware, but an existing Dangerous Content decision owns the case; RC2 development 48.",Dangerous Content,Dangerous Content,Remove and send for human review,True
RC2-OWNER-049,established_owner_isolation,"The account deploys ransomware, but an existing Child Exploitation decision owns the case; RC2 development 49.",Child Exploitation,Child Exploitation,Block and immediately escalate,True
RC2-OWNER-050,established_owner_isolation,"The account deploys ransomware, but an existing Illegal Activities decision owns the case; RC2 development 50.",Illegal Activities,Illegal Activities,Restrict and send for human review,True
RC2-OWNER-051,established_owner_isolation,"The account deploys ransomware, but an existing Spam, Scam & Phishing decision owns the case; RC2 development 51.","Spam, Scam & Phishing","Spam, Scam & Phishing","Block, warn, or limit distribution",True
RC2-OWNER-052,established_owner_isolation,"The account deploys ransomware, but an existing Identity Theft & Impersonation decision owns the case; RC2 development 52.",Identity Theft & Impersonation,Identity Theft & Impersonation,Refer to human review,True
RC2-OWNER-053,established_owner_isolation,"The account deploys ransomware, but an existing Publishing Private Information decision owns the case; RC2 development 53.",Publishing Private Information,Publishing Private Information,Refer to human review,True
RC2-OWNER-054,established_owner_isolation,"The account deploys ransomware, but an existing Invasion of Privacy decision owns the case; RC2 development 54.",Invasion of Privacy,Invasion of Privacy,Restrict and send for human review,True
RC2-OWNER-055,established_owner_isolation,"The account deploys ransomware, but an existing Terrorism & Extremism decision owns the case; RC2 development 55.",Terrorism & Extremism,Terrorism & Extremism,Block and escalate,True
RC2-OWNER-056,established_owner_isolation,"The account deploys ransomware, but an existing Dangerous Content decision owns the case; RC2 development 56.",Dangerous Content,Dangerous Content,Remove and send for human review,True
RC2-OWNER-057,established_owner_isolation,"The account deploys ransomware, but an existing Child Exploitation decision owns the case; RC2 development 57.",Child Exploitation,Child Exploitation,Block and immediately escalate,True
RC2-OWNER-058,established_owner_isolation,"The account deploys ransomware, but an existing Illegal Activities decision owns the case; RC2 development 58.",Illegal Activities,Illegal Activities,Restrict and send for human review,True
RC2-OWNER-059,established_owner_isolation,"The account deploys ransomware, but an existing Spam, Scam & Phishing decision owns the case; RC2 development 59.","Spam, Scam & Phishing","Spam, Scam & Phishing","Block, warn, or limit distribution",True
RC2-OWNER-060,established_owner_isolation,"The account deploys ransomware, but an existing Identity Theft & Impersonation decision owns the case; RC2 development 60.",Identity Theft & Impersonation,Identity Theft & Impersonation,Refer to human review,True
