language,phrase,normalized_phrase,weight,source_page
assamese,$ বনাওক,$ বনাওক,1.0,9
assamese,$ ৰ ওপৰত দান কৰ,$ ৰ ওপৰত দান কৰ,1.25,4
assamese,$ ৰািহ কৰক,$ ৰািহ কৰক,1.25,13
assamese,0.99,0.99,1.0,1
assamese,0.999,0.999,1.0,1
assamese,100%,100%,1.0,1
assamese,absa bank,absa bank,1.0,1
assamese,amazon,amazon,1.0,1
assamese,atm,atm,1.0,1
assamese,b1tc0in,b1tc0in,1.0,2
assamese,binance,binance,1.0,2
assamese,bitc0in,bitc0in,1.0,2
assamese,btc,btc,1.0,2
assamese,cashcashcash,cashcashcash,1.0,3
assamese,cialis,cialis,1.0,3
assamese,covid,covid,1.0,4
assamese,cutie,cutie,1.0,4
assamese,dm,dm,1.0,4
assamese,eth3rium,eth3rium,1.0,5
assamese,flipkart,flipkart,1.0,5
assamese,fnb,fnb,1.0,5
assamese,follow back,follow back,1.0,5
assamese,get upto,get upto,1.0,6
assamese,give away,give away,1.0,6
assamese,giveaway,giveaway,1.0,6
assamese,inam,inam,1.0,7
assamese,invest0r,invest0r,1.0,8
assamese,jackpot,jackpot,1.0,8
assamese,lambo,lambo,1.0,8
assamese,paypal,paypal,1.0,11
assamese,paytm,paytm,1.0,11
assamese,rekoo,rekoo,1.0,12
assamese,reply িবষয় আঁতৰা,reply িবষয় আঁতৰা,1.25,13
assamese,rs,rs,1.0,13
assamese,rs.,rs.,1.0,13
assamese,seo,seo,1.0,13
assamese,seo সজঁিুল,seo সজঁিুল,1.0,13
assamese,smarttrade,smarttrade,1.0,14
assamese,subscribe kare,subscribe kare,1.0,14
assamese,t.me,t.me,1.0,14
assamese,viagra,viagra,1.5,15
assamese,vip,vip,1.0,15
assamese,wa.me,wa.me,1.0,15
assamese,xanax,xanax,1.5,16
assamese,xxx,xxx,1.0,16
assamese,£ ৰ ওপৰত দান কৰ,£ ৰ ওপৰত দান কৰ,1.25,4
assamese,অংশকালীন,অংশকালীন,1.0,11
assamese,অংশকালীন চাকিৰ,অংশকালীন চাকিৰ,1.0,11
assamese,অতুলনীয় অফাৰ,অতুলনীয় অফাৰ,1.0,15
assamese,অনলাইন,অনলাইন,1.0,11
assamese,অনলাইন আয়,অনলাইন আয়,1.0,11
assamese,অনলাইন আেবদন ক,অনলাইন আেবদন ক,1.25,1
assamese,অনলাইন িবজৰ সুেযা,অনলাইন িবজৰ সুেযা,1.25,11
assamese,অনলাইনত টকা উপা,অনলাইনত টকা উপা,1.25,9
assamese,অনলাইনত তুলনা ক,অনলাইনত তুলনা ক,1.25,3
assamese,অনসুৰণ কৰা,অনসুৰণ কৰা,1.0,5
assamese,অনেুৰাধ,অনেুৰাধ,1.0,13
assamese,অফাৰ,অফাৰ,1.0,10
assamese,অফাৰ িদেয়,অফাৰ িদেয়,1.0,11
assamese,অিবহেন জীয়াই থািক,অিবহেন জীয়াই থািক,1.25,2
assamese,অেলৗিকক ঘটনা,অেলৗিকক ঘটনা,1.0,9
assamese,আঁচিন,আঁচিন,1.0,13
assamese,আঁতিৰ আিহল,আঁতিৰ আিহল,1.0,11
assamese,আঁতেৰাৱা,আঁতেৰাৱা,1.0,12
assamese,আইনী জাননী,আইনী জাননী,1.0,8
assamese,আচিৰত অফাৰ,আচিৰত অফাৰ,1.0,1
assamese,আচিৰত হ’ব,আচিৰত হ’ব,1.0,2
assamese,আজীৱন,আজীৱন,1.0,8
assamese,আথামকােৰত হপাতািরত? এিমিন,আথামকােৰত হপাতািরত? এিমিন,1.25,2
assamese,আপুিন অনেুৰাধ কৰা,আপুিন অনেুৰাধ কৰা,1.25,7
assamese,আপুিন এজন িবজয়ী,আপুিন এজন িবজয়ী,1.25,16
assamese,আপুিন এজন িবজয়ী!,আপুিন এজন িবজয়ী!,1.25,16
assamese,আপুিন ভাগিৰ পিৰেছ,আপুিন ভাগিৰ পিৰেছ,1.25,1
assamese,আমাৰ ডলাৰ,আমাৰ ডলাৰ,1.0,15
assamese,আশৰামজী,আশৰামজী,1.0,1
assamese,আিজ অনেুৰাধ কৰক,আিজ অনেুৰাধ কৰক,1.25,13
assamese,আিজেয়ই কৰক,আিজেয়ই কৰক,1.0,4
assamese,আিজেয়ই চাইনআপ ি,আিজেয়ই চাইনআপ ি,1.25,14
assamese,আিজেয়ই পাওক,আিজেয়ই পাওক,1.0,6
assamese,আিজেয়ই িকিন লওক,আিজেয়ই িকিন লওক,1.25,2
assamese,আিজেয়ই িবনামলূীয়া,আিজেয়ই িবনামলূীয়া,1.0,14
assamese,আেপানাক নাকচ কৰ,আেপানাক নাকচ কৰ,1.25,7
assamese,আেপানাৰ আয়,আেপানাৰ আয়,1.0,16
assamese,আেপানাৰ ঋণ আদায়,আেপানাৰ ঋণ আদায়,1.25,12
assamese,আেপানাৰ ঋণ িনিমষ,আেপানাৰ ঋণ িনিমষ,1.25,12
assamese,আেপানাৰ টকািখিন ল,আেপানাৰ টকািখিন ল,1.25,6
assamese,আেপানাৰ নগদ ধন দ,আেপানাৰ নগদ ধন দ,1.25,4
assamese,আেপানাৰ বােব,আেপানাৰ বােব,1.0,6
assamese,আেপানাৰ বােব িবেশ,আেপানাৰ বােব িবেশ,1.25,14
assamese,আেপানাৰ সুতৰ হাৰ,আেপানাৰ সুতৰ হাৰ,1.25,12
assamese,আেপানাৰ িবল পিৰেশ,আেপানাৰ িবল পিৰেশ,1.25,11
assamese,ইউেৰা,ইউেৰা,1.0,5
assamese,ইয়াত আেবদন কৰক,ইয়াত আেবদন কৰক,1.25,1
assamese,ইয়াত িকছুমান উদাহ,ইয়াত িকছুমান উদাহ,1.25,7
assamese,ইেথিৰয়াম,ইেথিৰয়াম,1.0,5
assamese,ইেমইল চেপাৱা,ইেমইল চেপাৱা,1.0,5
assamese,উধৰ,উধৰ,1.0,15
assamese,উপকাৰী অফাৰ,উপকাৰী অফাৰ,1.0,2
assamese,উপচাৰ,উপচাৰ,1.0,15
assamese,উিলওৱা,উিলওৱা,1.0,16
assamese,উৎপাদন কিৰ বািহৰ,উৎপাদন কিৰ বািহৰ,1.25,12
assamese,ঋণ,ঋণ,1.0,8
assamese,ঋণ অনেুমািদত,ঋণ অনেুমািদত,1.0,8
assamese,ঋণৰ পৰা ওলাই যাও,ঋণৰ পৰা ওলাই যাও,1.25,6
assamese,এই তািলকাৰ পৰা আ,এই তািলকাৰ পৰা আ,1.25,15
assamese,এইিবষেয়,এইিবষেয়,1.0,12
assamese,এইেটা জাংক নহয়,এইেটা জাংক নহয়,1.25,15
assamese,এইেটাক জাংক নহয়,এইেটাক জাংক নহয়,1.25,9
assamese,এককসকলক লগ পায়,এককসকলক লগ পায়,1.25,9
assamese,এপ,এপ,1.0,1
assamese,এপসমহূ,এপসমহূ,1.0,1
assamese,এবাৰৈল,এবাৰৈল,1.0,11
assamese,এশ শতাংশ,এশ শতাংশ,1.0,11
assamese,এিতয়া তুলনা কৰক,এিতয়া তুলনা কৰক,1.25,3
assamese,এিতয়া পাওক,এিতয়া পাওক,1.0,6
assamese,এিতয়া বািতল কৰক,এিতয়া বািতল কৰক,1.25,3
assamese,এিতয়াই অনেুৰাধ কৰ,এিতয়াই অনেুৰাধ কৰ,1.25,13
assamese,এিতয়াই আেবদন কৰ,এিতয়াই আেবদন কৰ,1.25,1
assamese,এিতয়াই ঋণৰ পৰা ও,এিতয়াই ঋণৰ পৰা ও,1.25,6
assamese,এিতয়াই কাম কৰক,এিতয়াই কাম কৰক,1.25,1
assamese,এিতয়াই কাম কৰক!,এিতয়াই কাম কৰক!,1.25,1
assamese,এিতয়াই কৰক,এিতয়াই কৰক,1.0,4
assamese,এিতয়াই পাওক,এিতয়াই পাওক,1.0,6
assamese,এিতয়াই িকিন লওক,এিতয়াই িকিন লওক,1.25,2
assamese,ওজন কমাব লােগ,ওজন কমাব লােগ,1.25,9
assamese,ওেলাটা হয়,ওেলাটা হয়,1.0,13
assamese,ক'ড,ক'ড,1.0,3
assamese,কবীৰ,কবীৰ,1.0,8
assamese,কম দাম,কম দাম,1.0,9
assamese,কম সুত,কম সুত,1.0,9
assamese,কম সুতৰ হাৰ,কম সুতৰ হাৰ,1.25,9
assamese,কম হাৰত,কম হাৰত,1.0,9
assamese,কামনা,কামনা,1.0,8
assamese,কামাও,কামাও,1.0,8
assamese,কামােন,কামােন,1.0,8
assamese,কিপ িডিভিড,কিপ িডিভিড,1.0,3
assamese,কিবানামলূীয়া কল,কিবানামলূীয়া কল,1.0,6
assamese,কিম অহা সুত,কিম অহা সুত,1.25,5
assamese,খজনমনা করা,খজনমনা করা,1.0,4
assamese,খাটা,খাটা,1.0,8
assamese,খােত,খােত,1.0,8
assamese,খিলুজঁংিকছ,খিলুজঁংিকছ,1.0,8
assamese,খৰচ,খৰচ,1.0,4
assamese,গণ ইেমইল,গণ ইেমইল,1.0,9
assamese,গহীন,গহীন,1.0,13
assamese,ঘৰত টকা,ঘৰত টকা,1.0,9
assamese,ঘৰেত কাম কৰা,ঘৰেত কাম কৰা,1.25,16
assamese,ঘৰৰ পৰা কাম কৰা,ঘৰৰ পৰা কাম কৰা,1.25,16
assamese,ঘৰৱুা িনেয়াগ,ঘৰৱুা িনেয়াগ,1.0,7
assamese,চাইনআপ কৰক,চাইনআপ কৰক,1.0,14
assamese,ছ’িচেয়ল িমিডয়াত উ,ছ’িচেয়ল িমিডয়াত উ,1.25,14
assamese,জয়,জয়,1.0,16
assamese,জাংক নহয়,জাংক নহয়,1.0,10
assamese,জীৱন বীমা,জীৱন বীমা,1.0,8
assamese,জীৱনত এবাৰ,জীৱনত এবাৰ,1.0,11
assamese,টকা,টকা,1.0,2
assamese,টকা ঘূৰাই িদয়া,টকা ঘূৰাই িদয়া,1.25,9
assamese,টকা পাব,টকা পাব,1.0,6
assamese,টকা ৰািহ কৰক,টকা ৰািহ কৰক,1.25,13
assamese,টকা 💰,টকা 💰,1.0,9
assamese,ডাউনল’ড,ডাউনল’ড,1.0,4
assamese,ডাঙৰ কৰা,ডাঙৰ কৰা,1.0,5
assamese,ডাঙৰ জয়,ডাঙৰ জয়,1.0,16
assamese,ডাঙৰ টকা,ডাঙৰ টকা,1.0,2
assamese,ডাঙৰ টকা ৰািহ কৰ,ডাঙৰ টকা ৰািহ কৰ,1.25,13
assamese,ডাঙৰ ৰািহ কৰক,ডাঙৰ ৰািহ কৰক,1.25,13
assamese,তআা!িম আইনী,তআা!িম আইনী,1.0,15
assamese,তএিতয়াই বজাৰ কৰক,তএিতয়াই বজাৰ কৰক,1.25,13
assamese,তজাীৱন-যাপনৰ ধৰণ,তজাীৱন-যাপনৰ ধৰণ,1.0,15
assamese,ততািলেক,ততািলেক,1.0,7
assamese,তুিম এজন িবজয়ী,তুিম এজন িবজয়ী,1.25,16
assamese,দদািাববী কৰা,দদািাববী কৰা,1.0,3
assamese,দবুাৰ পঢ়ক,দবুাৰ পঢ়ক,1.0,12
assamese,দাবী,দাবী,1.0,3
assamese,দৰদাম কৰা,দৰদাম কৰা,1.0,2
assamese,দৰমহা পাব,দৰমহা পাব,1.0,6
assamese,দৰৱ,দৰৱ,1.0,9
assamese,ধন,ধন,1.0,4
assamese,ধন উভেতাৱা,ধন উভেতাৱা,1.0,12
assamese,ধন ঘটাৰ কাম,ধন ঘটাৰ কাম,1.25,10
assamese,ধনী,ধনী,1.0,13
assamese,ধাৰা ৩০১,ধাৰা ৩০১,1.0,13
assamese,নঅেটা ইেমইল আঁতেৰা,নঅেটা ইেমইল আঁতেৰা,1.25,1
assamese,নগদ,নগদ,1.0,3
assamese,নগদ ধনৰ অধীনত,নগদ ধনৰ অধীনত,1.25,14
assamese,নগদিবহীন,নগদিবহীন,1.0,3
assamese,নডলাৰ,নডলাৰ,1.0,4
assamese,নপুংসকতা,নপুংসকতা,1.0,7
assamese,নমনুা,নমনুা,1.0,13
assamese,নাক কটাব,নাক কটাব,1.0,14
assamese,পইছা,পইছা,1.0,11
assamese,পিৰমাণ,পিৰমাণ,1.0,1
assamese,পিৰমাণ সীিমত,পিৰমাণ সীিমত,1.0,12
assamese,পিৰেশািধত,পিৰেশািধত,1.0,11
assamese,ফmকlm,ফmকlm,1.0,9
assamese,বাইনাৰী,বাইনাৰী,1.0,2
assamese,বাকী থকা ধনৰািশ,বাকী থকা ধনৰািশ,1.25,11
assamese,বাপু,বাপু,1.0,2
assamese,বািতল কৰক,বািতল কৰক,1.0,2
assamese,বিলেৰখা আঁতৰায়,বিলেৰখা আঁতৰায়,1.0,13
assamese,বিশকৰণ,বিশকৰণ,1.0,15
assamese,বীমা,বীমা,1.0,8
assamese,বীমা ওজন কমাব,বীমা ওজন কমাব,1.25,8
assamese,ভাউচাৰ,ভাউচাৰ,1.0,15
assamese,ভাল বা সচঁা বিুল ক,ভাল বা সচঁা বিুল ক,1.25,3
assamese,মহান,মহান,1.0,7
assamese,মহাৰাজ,মহাৰাজ,1.0,9
assamese,মানংক,মানংক,1.0,13
assamese,য়িকবনালামলূীয়া অফাৰ,য়িকবনালামলূীয়া অফাৰ,1.0,6
assamese,রআেপানাৰ ঘৰেটা পুন,রআেপানাৰ ঘৰেটা পুন,1.25,12
assamese,রইেমািজ,রইেমািজ,1.0,5
assamese,রচাইন ইন কৰক,রচাইন ইন কৰক,1.25,14
assamese,রসীিমত সময়,রসীিমত সময়,1.0,8
assamese,রিববাহ,রিববাহ,1.0,9
assamese,লএীইেটা দবুাৰ পঢ়ক,লএীইেটা দবুাৰ পঢ়ক,1.25,12
assamese,লকু াই থকা,লকু াই থকা,1.25,7
assamese,লকু াই থকা অিভেযাগ,লকু াই থকা অিভেযাগ,1.25,7
assamese,লকু াই থকা খৰচ,লকু াই থকা খৰচ,1.25,7
assamese,লকু াই থকা মাচুল,লকু াই থকা মাচুল,1.25,7
assamese,লটাৰী,লটাৰী,1.0,9
assamese,লাখ লাখ,লাখ লাখ,1.0,9
assamese,লাখ লাখ আেমিৰকান,লাখ লাখ আেমিৰকান,1.25,8
assamese,লাভ কৰা,লাভ কৰা,1.0,9
assamese,সকেলা নতুন,সকেলা নতুন,1.0,1
assamese,সকেলােৱ কিৰব পােৰ,সকেলােৱ কিৰব পােৰ,1.25,5
assamese,সফলতা,সফলতা,1.0,14
assamese,সময় সীিমত,সময় সীিমত,1.0,15
assamese,সময়-সীিমত,সময়-সীিমত,1.0,15
assamese,সহজ আয়,সহজ আয়,1.0,5
assamese,সিবেশষ,সিবেশষ,1.0,4
assamese,সীমাহীন,সীমাহীন,1.0,15
assamese,সীমাহীন িবচাৰ,সীমাহীন িবচাৰ,1.0,15
assamese,সীিমত অফাৰ,সীিমত অফাৰ,1.0,8
assamese,সীিমত পিৰমাণৰ,সীিমত পিৰমাণৰ,1.0,8
assamese,সীিমত সময়েহ,সীিমত সময়েহ,1.0,8
assamese,সীিমত সময়ৰ অফাৰ,সীিমত সময়ৰ অফাৰ,1.25,8
assamese,সুতৰ হাৰ কম,সুতৰ হাৰ কম,1.25,9
assamese,সুেযাগ,সুেযাগ,1.0,11
assamese,সৎসংগ,সৎসংগ,1.0,13
assamese,হাজাৰ হাজাৰ,হাজাৰ হাজাৰ,1.0,15
assamese,হাৰ,হাৰ,1.0,12
assamese,হাৰ তুলনা কৰক,হাৰ তুলনা কৰক,1.25,3
assamese,ািরবণনামলূীয়াৈক,ািরবণনামলূীয়াৈক,1.0,1
assamese,িকংিক,িকংিক,1.0,8
assamese,িকনা,িকনা,1.0,2
assamese,িজিকিছল,িজিকিছল,1.0,16
assamese,িদ িদ,িদ িদ,1.0,6
assamese,িদ িদয়ক,িদ িদয়ক,1.0,6
assamese,িদনেটাত পইচা,িদনেটাত পইচা,1.0,11
assamese,িনজৰ বছ,িনজৰ বছ,1.0,11
assamese,িনজৰ বছ হওক,িনজৰ বছ হওক,1.25,2
assamese,িনদাগ তীখা,িনদাগ তীখা,1.0,14
assamese,িনযুত,িনযুত,1.0,9
assamese,িনিমষেত,িনিমষেত,1.0,8
assamese,িনিমষেত ওজন কমা,িনিমষেত ওজন কমা,1.25,9
assamese,িনেচই সৰহ ভাগ,িনেচই সৰহ ভাগ,1.25,9
assamese,িনেজই চাওক,িনেজই চাওক,1.0,13
assamese,িনৰাময় কেৰ,িনৰাময় কেৰ,1.0,4
assamese,িবজয়ী,িবজয়ী,1.0,16
assamese,িবটকইন,িবটকইন,1.0,2
assamese,িবটকইনৰ বােব উপহ,িবটকইনৰ বােব উপহ,1.25,6
assamese,িবটকন,িবটকন,1.0,2
assamese,িবনামলূীয়া অনদুানৰ,িবনামলূীয়া অনদুানৰ,1.0,6
assamese,িবনামলূীয়া আৰ ুিবন,িবনামলূীয়া আৰ ুিবন,1.25,6
assamese,িবনামলূীয়া উপহাৰ,িবনামলূীয়া উপহাৰ,1.0,6
assamese,িবনামলূীয়া ধন,িবনামলূীয়া ধন,1.0,6
assamese,িবনামলূীয়া নগদ ধন,িবনামলূীয়া নগদ ধন,1.25,6
assamese,িবনামলূীয়া নমনুা,িবনামলূীয়া নমনুা,1.0,6
assamese,িবনামলূীয়া িবিনেয়াগ,িবনামলূীয়া িবিনেয়াগ,1.0,6
assamese,িবনামলূীয়া িলড,িবনামলূীয়া িলড,1.0,6
assamese,িবনামলূীয়া!,িবনামলূীয়া!,1.0,6
assamese,িবনামলূীয়াৈক আগব,িবনামলূীয়াৈক আগব,1.0,11
assamese,িবপণন,িবপণন,1.0,9
assamese,িবপণন সজঁিুল,িবপণন সজঁিুল,1.0,9
assamese,িবপণন সফলতা,িবপণন সফলতা,1.0,9
assamese,িবপণন সমাধান,িবপণন সমাধান,1.0,9
assamese,িবপৰীত,িবপৰীত,1.0,13
assamese,িবল,িবল,1.0,2
assamese,িবল পিৰেশাধ কিৰব,িবল পিৰেশাধ কিৰব,1.25,2
assamese,িবলাসী গাড়ী,িবলাসী গাড়ী,1.0,9
assamese,িবিনেয়াগ,িবিনেয়াগ,1.0,8
assamese,িবিনেয়াগ এপ,িবিনেয়াগ এপ,1.0,8
assamese,িবিনেয়াগ কৰা,িবিনেয়াগ কৰা,1.0,8
assamese,িবিলং,িবিলং,1.0,2
assamese,িবিলয়ন ডলাৰ,িবিলয়ন ডলাৰ,1.0,2
assamese,িবিলয়ন িবিলয়ন,িবিলয়ন িবিলয়ন,1.0,2
assamese,িবিলয়নাৰ,িবিলয়নাৰ,1.0,2
assamese,িবেশষ অফাৰ,িবেশষ অফাৰ,1.0,14
assamese,িভছা,িভছা,1.0,15
assamese,িভেকািডন,িভেকািডন,1.0,15
assamese,িমিলয়ন ডলাৰ,িমিলয়ন ডলাৰ,1.0,9
assamese,িিরবনামলূীয়া,িিরবনামলূীয়া,1.0,5
assamese,েবनএনিकত নाয়!াা!ই কাম কৰক!,েবनএনিकত নाয়!াা!ই কাম কৰক!,1.25,1
assamese,েসয়ীরিমত,েসয়ীরিমত,1.0,8
assamese,০ তলৈল,০ তলৈল,1.0,1
assamese,১িবিনেয়াগকাৰী,১িবিনেয়াগকাৰী,1.0,1
assamese,১০০% টকা ঘূৰাই িদ,১০০% টকা ঘূৰাই িদ,1.25,1
assamese,১০০% িবনামলূীয়া,১০০% িবনামলূীয়া,1.0,1
assamese,ৰ অধীনত,ৰ অধীনত,1.0,14
assamese,ৰািশ,ৰািশ,1.0,12
assamese,€ ৰ ওপৰত দান কৰ,€ ৰ ওপৰত দান কৰ,1.25,4
assamese,€ ৰািহ কৰক,€ ৰািহ কৰক,1.25,13
bengali,0 িনেচ,0 িনেচ,1.0,1
bengali,0% ঝুঁিক,0% ঝুঁিক,1.0,1
bengali,0.99,0.99,1.0,1
bengali,0.999,0.999,1.0,1
bengali,1 িবিনেয়াগকারী,1 িবিনেয়াগকারী,1.0,1
bengali,100%,100%,1.0,1
bengali,100% ছাড়,100% ছাড়,1.0,1
bengali,1nvest0r,1nvest0r,1.0,1
bengali,50,50,1.0,1
bengali,amazon,amazon,1.0,1
bengali,b1tc0in,b1tc0in,1.0,2
bengali,binance,binance,1.0,2
bengali,bitc0in,bitc0in,1.0,2
bengali,cashcashcash,cashcashcash,1.0,3
bengali,cialis,cialis,1.0,3
bengali,dm,dm,1.0,4
bengali,eth3rium,eth3rium,1.0,5
bengali,flipkart,flipkart,1.0,5
bengali,kamaane,kamaane,1.0,8
bengali,rekoo,rekoo,1.0,12
bengali,sar tan se,sar tan se,1.25,13
bengali,SEO,seo,1.0,13
bengali,udhar,udhar,1.0,14
bengali,wa.me,wa.me,1.0,15
bengali,xो?anax,xो?anax,1.0,15
bengali,ऑজफামरানত হার,ऑজफামरানত হার,1.0,9
bengali,कলरটाাির,कলरটाাির,1.0,8
bengali,टইाেकমইाল,टইाেकমইाল,1.0,5
bengali,णএখेন ডােকা!,णএখेন ডােকা!,1.0,2
bengali,तএখीचনा দदাाিवবा करा!,तএখीचনा দदাाিवবा करा!,1.25,3
bengali,तটাইমেশয়ার অফার,तটাইমেশয়ার অফার,1.0,14
bengali,दআेऊ মशােकদরत ोক कলा?,दআेऊ মशােकদরत ोক कলा?,1.25,2
bengali,दদावািবा करा,दদावািবा करा,1.0,3
bengali,नএावখेনই িকননু,नএावখेনই িকননু,1.0,12
bengali,नবाািড়েত কাজ,नবाািড়েত কাজ,1.0,15
bengali,नভंबাरলবাসা খুজঁিছ,नভंबাरলবাসা খুজঁিছ,1.0,8
bengali,रিবলািসতা গাড়ী,रিবলািসতা গাড়ী,1.0,9
bengali,वিाবপণন সমাধান,वিाবপণন সমাধান,1.0,9
bengali,सএंधকीবার,सএंधকीবার,1.0,10
bengali,ाSEO টুলস,ाseo টুলস,1.0,13
bengali,ाঅदनযািচত,ाঅदनযািচত,1.0,15
bengali,ाসহজ আয়,ाসহজ আয়,1.0,5
bengali,ीঅনলাইন কাজ,ीঅনলাইন কাজ,1.0,11
bengali,े?xxx,े?xxx,1.0,15
bengali,े?জয়,े?জয়,1.0,15
bengali,ेআসল িজিনস,ेআসল িজিনস,1.0,12
bengali,ोব आড় हজेसয়,ोব आড় हজेसয়,1.25,15
bengali,ोবणীমेা,ोবणীমेা,1.0,7
bengali,ोি বआজहয়ेसী?,ोি বआজहয়ेसী?,1.0,15
bengali,অনলাইন,অনলাইন,1.0,11
bengali,অনলাইন আয়,অনলাইন আয়,1.0,11
bengali,অনলাইন িবজ সুেযাগ,অনলাইন িবজ সুেযাগ,1.25,11
bengali,অনলাইেন আেবদন,অনলাইেন আেবদন,1.0,1
bengali,অনসুরণ,অনসুরণ,1.0,5
bengali,অনেুরাধ,অনেুরাধ,1.0,12
bengali,অপরােজয় অফার,অপরােজয় অফার,1.0,14
bengali,অপসারণ,অপসারণ,1.0,12
bengali,অপসারণ কের,অপসারণ কের,1.0,12
bengali,অফার,অফার,1.0,10
bengali,অিনরাপদ ঋণ,অিনরাপদ ঋণ,1.0,15
bengali,অেলৗিকক ঘটনা,অেলৗিকক ঘটনা,1.0,9
bengali,আইন অনযুায়ী,আইন অনযুায়ী,1.0,7
bengali,আজ অনেুরাধ,আজ অনেুরাধ,1.0,12
bengali,আজ এটা কেরা,আজ এটা কেরা,1.25,4
bengali,আজ িকননু,আজ িকননু,1.0,2
bengali,আপনার অনেুরাধ ক,আপনার অনেুরাধ ক,1.25,7
bengali,আপনার কাছাকািছ,আপনার কাছাকািছ,1.0,10
bengali,আপনার টাকা পান,আপনার টাকা পান,1.25,6
bengali,আপনার বািড়েত পুন,আপনার বািড়েত পুন,1.25,12
bengali,আপনার িনেজর বস,আপনার িনেজর বস,1.25,2
bengali,আপনার িবল পিরেশা,আপনার িবল পিরেশা,1.25,11
bengali,আপিন একজন িবজয়,আপিন একজন িবজয়,1.25,15
bengali,আপিন একজন িবেজ,আপিন একজন িবেজ,1.25,15
bengali,আপিন যখন ঘুমান,আপিন যখন ঘুমান,1.25,15
bengali,আপিন িক আমােদর,আপিন িক আমােদর,1.25,2
bengali,আমরা আইিন,আমরা আইিন,1.0,15
bengali,আমানত,আমানত,1.0,4
bengali,আমােক অনসুরণ কর,আমােক অনসুরণ কর,1.25,5
bengali,আমােক ইেমল করা ব,আমােক ইেমল করা ব,1.25,14
bengali,আমােক ডােকা,আমােক ডােকা,1.0,2
bengali,আমােদর ওেয়বসাইট,আমােদর ওেয়বসাইট,1.0,15
bengali,আয়,আয়,1.0,7
bengali,আশারামিজ,আশারামিজ,1.0,1
bengali,আেগ না,আেগ না,1.0,10
bengali,আেদশ,আেদশ,1.0,11
bengali,আেরা টাকা ইনকাম,আেরা টাকা ইনকাম,1.25,9
bengali,ইউেরা,ইউেরা,1.0,5
bengali,ইনাম,ইনাম,1.0,7
bengali,ইেথিরয়াম,ইেথিরয়াম,1.0,5
bengali,ইেমইল ফসল,ইেমইল ফসল,1.0,5
bengali,ইেমািজ,ইেমািজ,1.0,5
bengali,উপকারী অফার,উপকারী অফার,1.0,2
bengali,উপহার,উপহার,1.0,6
bengali,ঋণ,ঋণ,1.0,4
bengali,ঋণ অনেুমািদত,ঋণ অনেুমািদত,1.0,8
bengali,ঋণ কমােত,ঋণ কমােত,1.0,12
bengali,ঋণ দরূ করা,ঋণ দরূ করা,1.25,5
bengali,এই ইেমল খুলনু!,এই ইেমল খুলনু!,1.25,11
bengali,একশত ভাগ,একশত ভাগ,1.0,10
bengali,একেশা শতাংশ িবনাম,একেশা শতাংশ িবনাম,1.25,10
bengali,এখন অনেুরাধ,এখন অনেুরাধ,1.0,12
bengali,এখন আপনার িডসক,এখন আপনার িডসক,1.25,3
bengali,এখন আেবদন কর,এখন আেবদন কর,1.25,1
bengali,এখন আেবদন কর!,এখন আেবদন কর!,1.25,1
bengali,এখন কাজ!,এখন কাজ!,1.0,1
bengali,এখন ডােকা,এখন ডােকা,1.0,2
bengali,এখন বািতল,এখন বািতল,1.0,3
bengali,এখন বেুঝছ,এখন বেুঝছ,1.0,6
bengali,এখনই নাও,এখনই নাও,1.0,6
bengali,এখােন িকছু উদাহরণ,এখােন িকছু উদাহরণ,1.25,7
bengali,এখিন আেদশ কর,এখিন আেদশ কর,1.25,11
bengali,এখিন এটা কর,এখিন এটা কর,1.25,4
bengali,এমএলএম,এমএলএম,1.0,9
bengali,ওজন কমােনা,ওজন কমােনা,1.0,8
bengali,ওষুধ,ওষুধ,1.0,9
bengali,কম দাম,কম দাম,1.0,9
bengali,কম সুদ,কম সুদ,1.0,9
bengali,কম হার,কম হার,1.0,9
bengali,কামনা,কামনা,1.0,8
bengali,কামাও,কামাও,1.0,8
bengali,খরচ,খরচ,1.0,3
bengali,খাতা,খাতা,1.0,8
bengali,খােত,খােত,1.0,8
bengali,গরম বাবেুদর,গরম বাবেুদর,1.0,7
bengali,চমৎকার কাজ,চমৎকার কাজ,1.0,6
bengali,চালান,চালান,1.0,8
bengali,ছাড়া বাঁচেত পাের না,ছাড়া বাঁচেত পাের না,1.25,2
bengali,জমাকৃত পিরমাণ,জমাকৃত পিরমাণ,1.0,1
bengali,জয়ুা,জয়ুা,1.0,6
bengali,জীবনকাল,জীবনকাল,1.0,8
bengali,জীবনবীমা,জীবনবীমা,1.0,8
bengali,জীবেন একবার,জীবেন একবার,1.0,10
bengali,ঝুঁিকহীন,ঝুঁিকহীন,1.0,10
bengali,টাইমেশয়ার,টাইমেশয়ার,1.0,14
bengali,টাক িনরাময় কের,টাক িনরাময় কের,1.25,4
bengali,টাকা,টাকা,1.0,2
bengali,টাকা 💰,টাকা 💰,1.0,9
bengali,ডলার,ডলার,1.0,4
bengali,ডাউনেলাড করেত আ,ডাউনেলাড করেত আ,1.25,3
bengali,তহিবল,তহিবল,1.0,6
bengali,তারাতাির কর,তারাতাির কর,1.0,7
bengali,তািলকািবহীন,তািলকািবহীন,1.0,10
bengali,তুলনা করা,তুলনা করা,1.0,3
bengali,দইুবার পড়ুন,দইুবার পড়ুন,1.0,12
bengali,দয়া কের খুলনু,দয়া কের খুলনু,1.25,11
bengali,দয়া কের পড়ুন,দয়া কের পড়ুন,1.25,11
bengali,দর কষাকিষ,দর কষাকিষ,1.0,2
bengali,দাম,দাম,1.0,11
bengali,ধন,ধন,1.0,4
bengali,ধনী,ধনী,1.0,12
bengali,ধনী হও,ধনী হও,1.0,6
bengali,ধারা 301,ধারা 301,1.0,13
bengali,নগদ,নগদ,1.0,3
bengali,নগদহীন,নগদহীন,1.0,3
bengali,নমনুা,নমনুা,1.0,13
bengali,নাক ডাকা,নাক ডাকা,1.0,13
bengali,পয়সা,পয়সা,1.0,11
bengali,পিরমাণ,পিরমাণ,1.0,1
bengali,পিরমাণ সীিমত,পিরমাণ সীিমত,1.0,12
bengali,পিরেশাধ,পিরেশাধ,1.0,11
bengali,পুেরা নতুন,পুেরা নতুন,1.0,1
bengali,পৃথক,পৃথক,1.0,13
bengali,বড় করা,বড় করা,1.0,5
bengali,বড় টাকা বাঁচান,বড় টাকা বাঁচান,1.25,13
bengali,বাইনাির,বাইনাির,1.0,2
bengali,বাছাই করা,বাছাই করা,1.0,11
bengali,বাপু,বাপু,1.0,2
bengali,বাস করার উপায়,বাস করার উপায়,1.25,15
bengali,বািকর পিরমাণ,বািকর পিরমাণ,1.0,11
bengali,বািড়েত টাকা,বািড়েত টাকা,1.0,9
bengali,বািতল,বািতল,1.0,2
bengali,বিলেরখা দরূ কের,বিলেরখা দরূ কের,1.25,12
bengali,বিশকরণ,বিশকরণ,1.0,15
bengali,বীমা ওজন হারান,বীমা ওজন হারান,1.25,7
bengali,ভর ইেমইল,ভর ইেমইল,1.0,9
bengali,ভাউচার,ভাউচার,1.0,15
bengali,ভালবাসা,ভালবাসা,1.0,8
bengali,ভােলা দাম,ভােলা দাম,1.0,2
bengali,মহান,মহান,1.0,6
bengali,মহান অফার,মহান অফার,1.0,6
bengali,মহারাজ,মহারাজ,1.0,9
bengali,মািসক আয়,মািসক আয়,1.0,5
bengali,রািশ,রািশ,1.0,12
bengali,লকু ােনা খরচ,লকু ােনা খরচ,1.25,7
bengali,লকু ােনা িফ,লকু ােনা িফ,1.25,7
bengali,লাভ,লাভ,1.0,12
bengali,লাভ কর,লাভ কর,1.0,9
bengali,সবাই এটা করেত পাে,সবাই এটা করেত পাে,1.25,5
bengali,সময় সীিমত,সময় সীিমত,1.0,14
bengali,সরবরাহ,সরবরাহ,1.0,14
bengali,সরবরাহ সীিমত,সরবরাহ সীিমত,1.0,14
bengali,সরাসির ইেমইল,সরাসির ইেমইল,1.0,4
bengali,সরাসির সরবরাহ,সরাসির সরবরাহ,1.0,4
bengali,সরাসির িকননু,সরাসির িকননু,1.0,2
bengali,সরাসির িবপণন,সরাসির িবপণন,1.0,4
bengali,সামািজক িমিডয়া উ,সামািজক িমিডয়া উ,1.25,13
bengali,সীমাহীন,সীমাহীন,1.0,14
bengali,সীিমত,সীিমত,1.0,8
bengali,সীিমত সময়,সীিমত সময়,1.0,8
bengali,সীিমত সরবরাহ,সীিমত সরবরাহ,1.0,8
bengali,সীিমত সুেযাগ,সীিমত সুেযাগ,1.0,8
bengali,সুেযাগ,সুেযাগ,1.0,11
bengali,হাজার হাজার,হাজার হাজার,1.0,14
bengali,হার,হার,1.0,12
bengali,হার তুলনা,হার তুলনা,1.0,3
bengali,িকেশার,িকেশার,1.0,14
bengali,িচিকৎসা,িচিকৎসা,1.0,9
bengali,িজেতেছ,িজেতেছ,1.0,15
bengali,িনখুতঁ,িনখুতঁ,1.0,11
bengali,িনরাময়,িনরাময়,1.0,4
bengali,িবচার,িবচার,1.0,14
bengali,িবটকন,িবটকন,1.0,2
bengali,িবটকেয়ন,িবটকেয়ন,1.0,2
bengali,িবপরীত,িবপরীত,1.0,12
bengali,িববাহ,িববাহ,1.0,9
bengali,িবল,িবল,1.0,2
bengali,িবল পিরেশাধ করেত,িবল পিরেশাধ করেত,1.25,2
bengali,িবষয় অপসারণ,িবষয় অপসারণ,1.0,12
bengali,িবষেয,িবষেয,1.0,14
bengali,িবিনেয়াগ,িবিনেয়াগ,1.0,8
bengali,িবিনেয়াগ0r,িবিনেয়াগ0r,1.0,8
bengali,িবিনেয়াগকারী,িবিনেয়াগকারী,1.0,8
bengali,িবিনেয়াগকারীেদর,িবিনেয়াগকারীেদর,1.0,8
bengali,িবিলং,িবিলং,1.0,2
bengali,িবিলয়ন,িবিলয়ন,1.0,2
bengali,িবিলয়ন ডলার,িবিলয়ন ডলার,1.0,2
bengali,িবেশষ অফার,িবেশষ অফার,1.0,13
bengali,িভআইিপ,িভআইিপ,1.0,15
bengali,িভসা,িভসা,1.0,15
bengali,িভেকািডন,িভেকািডন,1.0,15
bengali,িমিলয়ন,িমিলয়ন,1.0,9
bengali,িমিলয়ন ডলার,িমিলয়ন ডলার,1.0,9
bengali,িরেবট,িরেবট,1.0,12
bengali,িহসাব,িহসাব,1.0,1
english,% off,% off,1.0,1
english,% satisfied,% satisfied,1.0,1
english,0 down,0 down,1.0,1
english,0% risk,0% risk,1.0,1
english,0.99,0.99,1.0,1
english,0.999,0.999,1.0,1
english,100%,100%,1.0,1
english,100% free,100% free,1.5,1
english,100% money back,100% money back,1.25,1
english,100% more,100% more,1.0,1
english,100% off,100% off,1.0,1
english,100% satisfaction,100% satisfaction,1.0,1
english,100% satisfied,100% satisfied,1.0,1
english,1nvest0r,1nvest0r,1.0,1
english,1nvestor,1nvestor,1.0,1
english,50% off,50% off,1.0,1
english,a few bob,a few bob,1.25,1
english,absa bank,absa bank,1.0,1
english,absolutely free,absolutely free,1.0,1
english,accept cash cards,accept cash cards,1.25,1
english,accept credit cards,accept credit cards,1.5,1
english,access,access,1.0,1
english,access for free,access for free,1.25,1
english,access now,access now,1.0,1
english,access right away,access right away,1.25,1
english,accounts,accounts,1.0,1
english,act immediately,act immediately,1.0,1
english,act now,act now,1.5,1
english,act now while supplies last,act now while supplies last,1.5,1
english,act now!,act now!,1.5,1
english,act now! don\'t hesitate!,act now! don\'t hesitate!,1.5,1
english,action required,action required,1.0,1
english,additional income,additional income,1.0,1
english,additional money,additional money,1.0,1
english,addresses on cd,addresses on cd,1.25,1
english,affliate marketing,affliate marketing,1.0,1
english,affordable deal,affordable deal,1.0,1
english,alert me,alert me,1.0,1
english,all natural,all natural,1.0,1
english,all new,all new,1.0,1
english,all-natural,all-natural,1.0,1
english,all-new,all-new,1.0,1
english,amazing offer,amazing offer,1.0,1
english,amazon,amazon,1.0,1
english,amount,amount,1.0,1
english,amount credited,amount credited,1.0,1
english,app,app,1.0,1
english,apply here,apply here,1.0,1
english,apply now,apply now,1.0,1
english,apply now!,apply now!,1.0,1
english,apply online,apply online,1.0,1
english,apps,apps,1.0,1
english,appstore,appstore,1.0,1
english,are you tired of,are you tired of,1.25,1
english,armchair invest,armchair invest,1.0,1
english,as seen on,as seen on,1.25,1
english,as seen on oprah,as seen on oprah,1.25,1
english,as seen on tv,as seen on tv,1.25,1
english,asharamji,asharamji,1.0,1
english,ask me how,ask me how,1.25,1
english,at no cost,at no cost,1.25,1
english,atm,atm,1.0,1
english,auto email removal,auto email removal,1.25,1
english,avoice bankruptcy,avoice bankruptcy,1.0,1
english,avoid bankruptcy,avoid bankruptcy,1.0,2
english,awards office,awards office,1.0,2
english,b1tc0in,b1tc0in,1.0,2
english,bad credit,bad credit,1.0,2
english,bank transfer,bank transfer,1.5,2
english,bankruptcy,bankruptcy,1.0,2
english,bapu,bapu,1.0,2
english,bargain,bargain,1.0,2
english,be amazed,be amazed,1.0,2
english,be surprised,be surprised,1.0,2
english,be your own boss,be your own boss,1.25,2
english,become a member,become a member,1.25,2
english,before it's too late,before it's too late,1.25,2
english,being a member,being a member,1.25,2
english,believe me,believe me,1.0,2
english,beneficial offer,beneficial offer,1.0,2
english,beneficiary,beneficiary,1.0,2
english,benefited from my company,benefited from my company,1.25,2
english,best bargain,best bargain,1.0,2
english,best deal,best deal,1.0,2
english,best offer,best offer,1.0,2
english,best price,best price,1.0,2
english,best rates,best rates,1.0,2
english,best selling product of the year,best selling product of the year,1.25,2
english,big bucks,big bucks,1.0,2
english,biggest breakthrough ever,biggest breakthrough ever,1.25,2
english,bill,bill,1.0,2
english,billing,billing,1.0,2
english,billing address,billing address,1.0,2
english,billion dollars,billion dollars,1.0,2
english,bills to pay,bills to pay,1.25,2
english,binance,binance,1.0,2
english,binary,binary,1.0,2
english,bitc0in,bitc0in,1.0,2
english,bitcoin,bitcoin,1.5,2
english,bitcon,bitcon,1.0,2
english,blogging success,blogging success,1.0,2
english,blogs,blogs,1.0,2
english,bonus,bonus,1.0,2
english,bonus credited,bonus credited,1.0,2
english,brand new pager,brand new pager,1.25,2
english,breakup,breakup,1.0,2
english,btc,btc,1.0,2
english,bucks,bucks,1.0,2
english,bulk,bulk,1.0,2
english,bulk email,bulk email,1.0,2
english,business,business,1.0,2
english,business proposal,business proposal,1.0,2
english,business success,business success,1.0,2
english,buy,buy,1.0,2
english,buy direct,buy direct,1.0,2
english,buy now,buy now,1.0,2
english,buy today,buy today,1.0,2
english,buying,buying,1.0,2
english,buying judgements,buying judgements,1.0,2
english,buying judgments,buying judgments,1.0,2
english,cable converter,cable converter,1.0,2
english,call free,call free,1.0,2
english,call me,call me,1.0,2
english,call now,call now,1.0,2
english,call now!,call now!,1.0,2
english,call us,call us,1.0,2
english,calling creditors,calling creditors,1.0,2
english,can we have a minute,can we have a minute,1.25,2
english,can you help us?,can you help us?,1.25,2
english,can't live without,can't live without,1.25,2
english,cancel,cancel,1.0,2
english,cancel at any time,cancel at any time,1.25,3
english,cancel now,cancel now,1.0,3
english,cancellation required,cancellation required,1.0,3
english,cancer,cancer,1.0,3
english,cannot be combined,cannot be combined,1.25,3
english,cannot be considered spam,cannot be considered spam,1.25,3
english,card accepted,card accepted,1.0,3
english,cards accepted,cards accepted,1.0,3
english,cash,cash,1.0,3
english,cash bonus,cash bonus,1.0,3
english,cash out,cash out,1.0,3
english,cash-out,cash-out,1.0,3
english,cashcashcash,cashcashcash,1.0,3
english,cashless,cashless,1.0,3
english,casino,casino,1.0,3
english,celebrity,celebrity,1.0,3
english,cell phone cancer scam,cell phone cancer scam,1.25,3
english,cellphone cancer scam,cellphone cancer scam,1.25,3
english,cents on the dollar,cents on the dollar,1.25,3
english,cents on the dollars,cents on the dollars,1.25,3
english,certified,certified,1.0,3
english,channel,channel,1.0,3
english,cheap,cheap,1.0,3
english,cheap and nasty,cheap and nasty,1.25,3
english,cheap meds,cheap meds,1.0,3
english,check,check,1.0,3
english,check credited,check credited,1.0,3
english,cialis,cialis,1.0,3
english,claim,claim,1.0,3
english,claim now,claim now,1.0,3
english,claim your discount,claim your discount,1.25,3
english,claim your discount now!,claim your discount now!,1.25,3
english,claim your prize,claim your prize,1.5,3
english,claims,claims,1.0,3
english,clearance,clearance,1.0,3
english,click,click,1.0,3
english,click below,click below,1.0,3
english,click here link,click here link,1.5,3
english,click me to download,click me to download,1.25,3
english,click now,click now,1.0,3
english,click this link,click this link,1.25,3
english,click to find out,click to find out,1.25,3
english,click to get,click to get,1.25,3
english,click to remove,click to remove,1.25,3
english,clicking,clicking,1.0,3
english,closeout,closeout,1.0,3
english,code,code,1.0,3
english,collect,collect,1.0,3
english,collect child support,collect child support,1.25,3
english,comment,comment,1.0,3
english,compare,compare,1.0,3
english,compare now,compare now,1.0,3
english,compare online,compare online,1.0,3
english,compare rates,compare rates,1.0,3
english,compete for your business,compete for your business,1.25,3
english,competitions,competitions,1.0,3
english,confidential,confidential,1.0,3
english,confidentiality,confidentiality,1.0,3
english,confidentiality on all orders,confidentiality on all orders,1.25,3
english,congratulations,congratulations,1.0,3
english,consolidate debt,consolidate debt,1.0,3
english,consolidate your debt,consolidate your debt,1.25,3
english,contact me,contact me,1.0,3
english,contact us,contact us,1.0,3
english,contact us immediately,contact us immediately,1.25,3
english,content marketing,content marketing,1.0,3
english,contest,contest,1.0,3
english,copy accurately,copy accurately,1.0,4
english,copy dvd,copy dvd,1.0,4
english,corporate,corporate,1.0,4
english,cost,cost,1.0,4
english,coupon,coupon,1.0,4
english,covid,covid,1.0,4
english,credit,credit,1.0,4
english,credit bureaus,credit bureaus,1.0,4
english,credit card,credit card,1.5,4
english,credit card benefits,credit card benefits,1.5,4
english,credit card check,credit card check,1.5,4
english,credit card offers,credit card offers,1.5,4
english,credit cards for bad credit,credit cards for bad credit,1.5,4
english,credit check,credit check,1.0,4
english,credit or debit,credit or debit,1.25,4
english,credit report inquiry,credit report inquiry,1.25,4
english,credited,credited,1.0,4
english,crypto,crypto,1.5,4
english,cryptocurrency,cryptocurrency,1.5,4
english,cures,cures,1.0,4
english,cures baldness,cures baldness,1.0,4
english,currency,currency,1.0,4
english,cutie,cutie,1.0,4
english,daily earning,daily earning,1.0,4
english,dating site,dating site,1.0,4
english,days of the week,days of the week,1.25,4
english,deal,deal,1.0,4
english,deal breaker,deal breaker,1.0,4
english,deal ending soon,deal ending soon,1.25,4
english,dear friend,dear friend,1.0,4
english,debt,debt,1.0,4
english,deposit,deposit,1.0,4
english,details,details,1.0,4
english,dhan,dhan,1.0,4
english,diagnostic,diagnostic,1.0,4
english,different reply to,different reply to,1.25,4
english,dig up dirt on friends,dig up dirt on friends,1.25,4
english,digging up dirt on friends,digging up dirt on friends,1.25,4
english,digital marketing,digital marketing,1.0,4
english,direct delivery,direct delivery,1.0,4
english,direct email,direct email,1.0,4
english,direct marketing,direct marketing,1.0,4
english,disclaimer,disclaimer,1.0,4
english,discount,discount,1.0,4
english,divorcee,divorcee,1.0,4
english,do it now,do it now,1.25,4
english,do it today,do it today,1.25,4
english,dollars,dollars,1.0,4
english,don\'t delete,don\'t delete,1.0,4
english,don\'t waste time,don\'t waste time,1.25,4
english,don\’t hesitate,don\’t hesitate,1.0,4
english,don\’t hesitate!,don\’t hesitate!,1.0,4
english,don\’t wait,don\’t wait,1.0,4
english,donate over $,donate over $,1.25,4
english,donate over £,donate over £,1.25,4
english,donate over €,donate over €,1.25,4
english,double your,double your,1.0,4
english,double your cash,double your cash,1.25,4
english,double your income,double your income,1.25,4
english,double your leads,double your leads,1.25,4
english,double your wealth,double your wealth,1.25,4
english,download,download,1.0,4
english,downpayment,downpayment,1.0,4
english,drastically reduced,drastically reduced,1.0,4
english,dreams come,dreams come,1.0,4
english,earn,earn,1.0,4
english,earn $,earn $,1.0,4
english,earn cash,earn cash,1.0,5
english,earn extra cash,earn extra cash,1.25,5
english,earn extra income,earn extra income,1.25,5
english,earn extra profit,earn extra profit,1.25,5
english,earn fast,earn fast,1.0,5
english,earn fro,earn fro,1.0,5
english,earn from home,earn from home,1.25,5
english,earn money,earn money,1.0,5
english,earn monthly,earn monthly,1.0,5
english,earn per month,earn per month,1.25,5
english,earn per week,earn per week,1.25,5
english,earn your degree,earn your degree,1.25,5
english,earning,earning,1.0,5
english,earnings,earnings,1.0,5
english,easy income,easy income,1.0,5
english,easy terms,easy terms,1.0,5
english,ecommerce,ecommerce,1.0,5
english,eliminate bad credit,eliminate bad credit,1.25,5
english,eliminate debt,eliminate debt,1.0,5
english,email extractor,email extractor,1.0,5
english,email harvest,email harvest,1.0,5
english,email marketing,email marketing,1.0,5
english,email marketing tips,email marketing tips,1.25,5
english,emoji,emoji,1.0,5
english,enlarge,enlarge,1.0,5
english,enroll now,enroll now,1.0,5
english,eth3rium,eth3rium,1.0,5
english,etherium,etherium,1.0,5
english,euros,euros,1.0,5
english,everyone can do it,everyone can do it,1.25,5
english,exclusive deal,exclusive deal,1.0,5
english,exclusive discount,exclusive discount,1.0,5
english,exclusive offer,exclusive offer,1.0,5
english,expect to earn,expect to earn,1.25,5
english,expire,expire,1.0,5
english,expire today,expire today,1.0,5
english,expires,expires,1.0,5
english,expires today,expires today,1.0,5
english,expiring soon,expiring soon,1.0,5
english,explode your business,explode your business,1.25,5
english,extra,extra,1.0,5
english,extra cash,extra cash,1.0,5
english,extra income,extra income,1.0,5
english,extract email,extract email,1.0,5
english,f r e e,f r e e,1.25,5
english,falling interest,falling interest,1.0,5
english,fantastic,fantastic,1.0,5
english,fantastic deal,fantastic deal,1.0,5
english,fantastic offer,fantastic offer,1.0,5
english,fast,fast,1.0,5
english,fast cash,fast cash,1.0,5
english,fast money,fast money,1.0,5
english,fast viagra delivery,fast viagra delivery,1.5,5
english,final call,final call,1.0,5
english,finance,finance,1.0,5
english,financial,financial,1.0,5
english,financial freedom,financial freedom,1.0,5
english,financial general,financial general,1.0,5
english,financial independence,financial independence,1.0,5
english,financial troubles,financial troubles,1.0,5
english,financially independent,financially independent,1.0,5
english,find out anything,find out anything,1.25,5
english,flipkart,flipkart,1.0,5
english,fnb,fnb,1.0,5
english,follow,follow,1.0,5
english,follow back,follow back,1.0,5
english,follow me,follow me,1.0,5
english,for free,for free,1.0,6
english,for instant access,for instant access,1.25,6
english,for just $,for just $,1.25,6
english,for new customers only,for new customers only,1.25,6
english,for only,for only,1.0,6
english,for you,for you,1.0,6
english,foreclosure,foreclosure,1.0,6
english,forex,forex,1.0,6
english,form,form,1.0,6
english,fortune teller,fortune teller,1.0,6
english,free,free,1.0,6
english,free access,free access,1.0,6
english,free and free,free and free,1.25,6
english,free bonus,free bonus,1.0,6
english,free call,free call,1.0,6
english,free cash,free cash,1.0,6
english,free cell phone,free cell phone,1.25,6
english,free consultation,free consultation,1.0,6
english,free dvd,free dvd,1.0,6
english,free ebook download,free ebook download,1.25,6
english,free gift,free gift,1.0,6
english,free gifts,free gifts,1.0,6
english,free grant money,free grant money,1.25,6
english,free hosting,free hosting,1.0,6
english,free info,free info,1.0,6
english,free information,free information,1.0,6
english,free installation,free installation,1.0,6
english,free instant,free instant,1.0,6
english,free investment,free investment,1.0,6
english,free iphone,free iphone,1.0,6
english,free laptop,free laptop,1.0,6
english,free leads,free leads,1.0,6
english,free macbook,free macbook,1.0,6
english,free membership,free membership,1.0,6
english,free money,free money,1.0,6
english,free offer,free offer,1.0,6
english,free preview,free preview,1.0,6
english,free priority mail,free priority mail,1.25,6
english,free quote,free quote,1.0,6
english,free sample,free sample,1.0,6
english,free search engine listings,free search engine listings,1.25,6
english,free trial,free trial,1.0,6
english,free trial period,free trial period,1.25,6
english,free web traffic,free web traffic,1.25,6
english,free website,free website,1.0,6
english,free!,free!,1.0,6
english,freedom,freedom,1.0,6
english,friday before,friday before,1.0,6
english,full refund,full refund,1.0,6
english,fund,fund,1.0,6
english,fundraiser,fundraiser,1.0,6
english,gambling,gambling,1.0,6
english,get it away,get it away,1.25,6
english,get it now,get it now,1.25,6
english,get it today,get it today,1.25,6
english,get money,get money,1.0,6
english,get now,get now,1.0,6
english,get out of debt,get out of debt,1.25,6
english,get out of debt now,get out of debt now,1.25,6
english,get paid,get paid,1.0,6
english,get rich,get rich,1.0,6
english,get rid of debt,get rid of debt,1.25,6
english,get started,get started,1.0,6
english,get started now,get started now,1.25,6
english,get upto,get upto,1.0,6
english,get your money,get your money,1.25,6
english,gift card,gift card,1.0,6
english,gift cards for bitcoins,gift cards for bitcoins,1.5,7
english,gift certificate,gift certificate,1.0,7
english,gift included,gift included,1.0,7
english,give away,give away,1.0,7
english,give it away,give it away,1.25,7
english,giveaway,giveaway,1.0,7
english,giving away,giving away,1.0,7
english,giving it away,giving it away,1.25,7
english,gold,gold,1.0,7
english,google ranking,google ranking,1.0,7
english,great,great,1.0,7
english,great deal,great deal,1.0,7
english,great offer,great offer,1.0,7
english,growth hormone,growth hormone,1.0,7
english,guarantee,guarantee,1.0,7
english,guaranteed,guaranteed,1.0,7
english,guaranteed deposit,guaranteed deposit,1.0,7
english,guaranteed income,guaranteed income,1.5,7
english,guaranteed payment,guaranteed payment,1.0,7
english,guaranteed to work,guaranteed to work,1.25,7
english,guarantees,guarantees,1.0,7
english,hardcore,hardcore,1.0,7
english,have you been turned down?,have you been turned down?,1.25,7
english,hello,hello,1.0,7
english,help me,help me,1.0,7
english,here are some examples,here are some examples,1.25,7
english,hidden,hidden,1.0,7
english,hidden assets,hidden assets,1.0,7
english,hidden charges,hidden charges,1.0,7
english,hidden costs,hidden costs,1.0,7
english,hidden fees,hidden fees,1.0,7
english,high rollers,high rollers,1.0,7
english,high score,high score,1.0,7
english,high-score,high-score,1.0,7
english,hindu jagriti,hindu jagriti,1.0,7
english,home based,home based,1.0,7
english,home based business,home based business,1.25,7
english,home business,home business,1.0,7
english,home employment,home employment,1.0,7
english,home loan,home loan,1.0,7
english,home mortgage,home mortgage,1.0,7
english,home refinancing,home refinancing,1.0,7
english,home-based,home-based,1.0,7
english,home-based business,home-based business,1.0,7
english,homebased business,homebased business,1.0,7
english,homeloan,homeloan,1.0,7
english,hot babes,hot babes,1.0,7
english,hottie,hottie,1.0,7
english,how to get traffic,how to get traffic,1.25,7
english,huge discount,huge discount,1.0,7
english,human growth hormone,human growth hormone,1.25,7
english,hurry up,hurry up,1.0,7
english,husband and wife,husband and wife,1.25,7
english,husband wife problems,husband wife problems,1.25,7
english,immediately,immediately,1.0,7
english,important information,important information,1.0,7
english,important information regarding,important information regarding,1.25,7
english,important notification,important notification,1.0,7
english,impotence,impotence,1.0,7
english,in accordance with laws,in accordance with laws,1.25,7
english,inaam,inaam,1.0,7
english,inam,inam,1.0,7
english,income,income,1.0,7
english,income from home,income from home,1.25,7
english,increase income,increase income,1.0,7
english,increase revenue,increase revenue,1.0,7
english,increase sales,increase sales,1.0,7
english,increase traffic,increase traffic,1.0,8
english,increase your chances,increase your chances,1.25,8
english,increase your sales,increase your sales,1.25,8
english,incredible deal,incredible deal,1.0,8
english,info you requested,info you requested,1.25,8
english,information you requested,information you requested,1.25,8
english,initial investment,initial investment,1.0,8
english,install,install,1.0,8
english,instant,instant,1.0,8
english,instant access,instant access,1.0,8
english,instant cash,instant cash,1.0,8
english,instant delivery,instant delivery,1.0,8
english,instant earnings,instant earnings,1.0,8
english,instant income,instant income,1.0,8
english,instant offers,instant offers,1.0,8
english,instant weight loss,instant weight loss,1.25,8
english,instant withdrawals,instant withdrawals,1.0,8
english,instantly,instantly,1.0,8
english,insurance,insurance,1.0,8
english,insurance lose weight,insurance lose weight,1.25,8
english,interested,interested,1.0,8
english,internet market,internet market,1.0,8
english,internet marketing,internet marketing,1.0,8
english,inventory reduction,inventory reduction,1.0,8
english,invest,invest,1.0,8
english,invest0r,invest0r,1.0,8
english,investment,investment,1.0,8
english,investment advice,investment advice,1.0,8
english,investment app,investment app,1.0,8
english,investment decision,investment decision,1.0,8
english,investor,investor,1.0,8
english,investors,investors,1.0,8
english,invoice,invoice,1.0,8
english,it's effective,it's effective,1.0,8
english,jackpot,jackpot,1.0,8
english,job alert,job alert,1.0,8
english,job offer,job offer,1.0,8
english,join,join,1.0,8
english,join billions,join billions,1.0,8
english,join millions,join millions,1.0,8
english,join millions of americans,join millions of americans,1.25,8
english,join millions of people,join millions of people,1.25,8
english,join this link,join this link,1.25,8
english,join thousands,join thousands,1.0,8
english,junk,junk,1.0,8
english,kabir,kabir,1.0,8
english,kamaane,kamaane,1.0,8
english,kamana,kamana,1.0,8
english,kamao,kamao,1.0,8
english,khata,khata,1.0,8
english,khate,khate,1.0,8
english,kinky,kinky,1.0,8
english,kutumb,kutumb,1.0,8
english,kutumb app,kutumb app,1.0,8
english,lambo,lambo,1.0,8
english,laser printer,laser printer,1.0,8
english,last chance,last chance,1.0,8
english,last day,last day,1.0,8
english,legal notice,legal notice,1.0,8
english,levitra,levitra,1.0,8
english,life insurance,life insurance,1.0,8
english,lifetime,lifetime,1.0,8
english,lifetime access,lifetime access,1.0,8
english,lifetime deal,lifetime deal,1.0,8
english,limited,limited,1.0,8
english,limited amount,limited amount,1.0,8
english,limited number,limited number,1.0,8
english,limited offer,limited offer,1.0,9
english,limited supply,limited supply,1.0,9
english,limited time,limited time,1.5,9
english,limited time deal,limited time deal,1.5,9
english,limited time offer,limited time offer,1.5,9
english,limited time only,limited time only,1.5,9
english,link,link,1.0,9
english,link given,link given,1.0,9
english,loan,loan,1.0,9
english,loan approved,loan approved,1.0,9
english,loans,loans,1.0,9
english,long distance,long distance,1.0,9
english,long distance phone number,long distance phone number,1.25,9
english,long distance phone offer,long distance phone offer,1.25,9
english,long-term relationship,long-term relationship,1.0,9
english,looking for love,looking for love,1.25,9
english,looking for my soulmate,looking for my soulmate,1.25,9
english,los weight fast,los weight fast,1.25,9
english,lose weight,lose weight,1.0,9
english,lose weight fast,lose weight fast,1.25,9
english,lose weight instantly,lose weight instantly,1.25,9
english,lose weight spam,lose weight spam,1.25,9
english,lottery,lottery,1.0,9
english,lotto,lotto,1.0,9
english,love,love,1.0,9
english,loveproblemsolutionspecialist,loveproblemsolutionspecialist,1.0,9
english,low insurance premium,low insurance premium,1.25,9
english,low interest rates,low interest rates,1.25,9
english,low mortgage rates,low mortgage rates,1.25,9
english,low prices,low prices,1.0,9
english,lower interest,lower interest,1.0,9
english,lower interest rate,lower interest rate,1.25,9
english,lower interest rates,lower interest rates,1.25,9
english,lower monthly payment,lower monthly payment,1.25,9
english,lower monthly payments,lower monthly payments,1.25,9
english,lower rates,lower rates,1.0,9
english,lower your mortgage rate,lower your mortgage rate,1.25,9
english,lowest insurance rates,lowest insurance rates,1.25,9
english,lowest interest rate,lowest interest rate,1.25,9
english,lowest price,lowest price,1.0,9
english,lowest price ever,lowest price ever,1.25,9
english,lowest prices,lowest prices,1.0,9
english,lowest rate,lowest rate,1.0,9
english,lowest rates,lowest rates,1.0,9
english,luxury car,luxury car,1.0,9
english,maharaj,maharaj,1.0,9
english,mail in order form,mail in order form,1.25,9
english,make $,make $,1.0,9
english,make money,make money,1.5,9
english,make money online,make money online,1.5,9
english,make more money,make more money,1.25,9
english,make profit,make profit,1.0,9
english,mark this as not junk,mark this as not junk,1.25,9
english,marked down,marked down,1.0,9
english,marketing,marketing,1.0,9
english,marketing solution,marketing solution,1.0,9
english,marketing solutions,marketing solutions,1.0,9
english,marketing success,marketing success,1.0,9
english,marketing tools,marketing tools,1.0,9
english,marriage,marriage,1.0,9
english,marriage material,marriage material,1.0,9
english,mass email,mass email,1.0,9
english,mastercard,mastercard,1.0,9
english,mature,mature,1.0,9
english,maximum,maximum,1.0,9
english,medical,medical,1.0,9
english,medicine,medicine,1.0,9
english,medium,medium,1.0,10
english,meet girls,meet girls,1.0,10
english,meet me,meet me,1.0,10
english,meet singles,meet singles,1.0,10
english,meet women,meet women,1.0,10
english,member,member,1.0,10
english,member stuff,member stuff,1.0,10
english,message from,message from,1.0,10
english,million dollars,million dollars,1.0,10
english,million email addresses,million email addresses,1.25,10
english,minimum,minimum,1.0,10
english,miracle,miracle,1.0,10
english,mirror trading,mirror trading,1.0,10
english,mlm,mlm,1.0,10
english,mobile number,mobile number,1.0,10
english,money,money,1.0,10
english,money at home,money at home,1.25,10
english,money back,money back,1.0,10
english,money fast,money fast,1.0,10
english,money making,money making,1.0,10
english,money order,money order,1.0,10
english,money 💰,money 💰,1.0,10
english,money-back guarantee,money-back guarantee,1.0,10
english,money-making,money-making,1.0,10
english,month trial offer,month trial offer,1.25,10
english,monthly payment,monthly payment,1.0,10
english,more internet traffic,more internet traffic,1.25,10
english,mortgage,mortgage,1.0,10
english,mortgage network,mortgage network,1.0,10
english,mortgage rate,mortgage rate,1.0,10
english,mortgage rates,mortgage rates,1.0,10
english,moving on to the next category.,moving on to the next category.,1.25,10
english,multi level marketing,multi level marketing,1.25,10
english,multi-level marketing,multi-level marketing,1.0,10
english,multilevel marketing,multilevel marketing,1.0,10
english,near you,near you,1.0,10
english,never before,never before,1.0,10
english,new customers only,new customers only,1.25,10
english,new domain extensions,new domain extensions,1.25,10
english,no age restrictions,no age restrictions,1.25,10
english,no capital,no capital,1.0,10
english,no catch,no catch,1.0,10
english,no claim forms,no claim forms,1.25,10
english,no cost,no cost,1.0,10
english,no credit card,no credit card,1.5,10
english,no credit check,no credit check,1.25,10
english,no credit experience,no credit experience,1.25,10
english,no deposit required,no deposit required,1.25,10
english,no disappointment,no disappointment,1.0,10
english,no experience needed,no experience needed,1.25,10
english,no extra cost,no extra cost,1.25,10
english,no fees,no fees,1.0,10
english,no gimmick,no gimmick,1.0,10
english,no gimmicks,no gimmicks,1.0,10
english,no hidden,no hidden,1.0,10
english,no hidden charges,no hidden charges,1.25,10
english,no hidden fees,no hidden fees,1.25,10
english,no hidden сosts,no hidden сosts,1.25,10
english,no interest,no interest,1.0,10
english,no interests,no interests,1.0,10
english,no inventory,no inventory,1.0,10
english,no investment,no investment,1.0,10
english,no investment required,no investment required,1.25,10
english,no medical exams,no medical exams,1.25,10
english,no middleman,no middleman,1.0,10
english,no obligation,no obligation,1.0,10
english,no payment required,no payment required,1.25,10
english,no purchase necessary,no purchase necessary,1.25,11
english,no purchase required,no purchase required,1.25,11
english,no questions asked,no questions asked,1.25,11
english,no refunds,no refunds,1.0,11
english,no risk,no risk,1.0,11
english,no selling,no selling,1.0,11
english,no strings attached,no strings attached,1.25,11
english,no-obligation,no-obligation,1.0,11
english,no-selling,no-selling,1.0,11
english,nominated bank account,nominated bank account,1.25,11
english,not junk,not junk,1.0,11
english,not scam,not scam,1.0,11
english,not spam,not spam,1.0,11
english,not-scam,not-scam,1.0,11
english,notspam,notspam,1.0,11
english,now only,now only,1.0,11
english,nude,nude,1.0,11
english,number 1,number 1,1.0,11
english,number do,number do,1.0,11
english,number one,number one,1.0,11
english,obligation,obligation,1.0,11
english,off everything,off everything,1.0,11
english,off shore,off shore,1.0,11
english,offer,offer,1.0,11
english,offer expires,offer expires,1.0,11
english,offer expires in x days,offer expires in x days,1.25,11
english,offer extended,offer extended,1.0,11
english,offers,offers,1.0,11
english,offers coupon,offers coupon,1.0,11
english,offers extra cash,offers extra cash,1.25,11
english,offers free,offers free,1.0,11
english,offshore,offshore,1.0,11
english,once in a lifetime,once in a lifetime,1.25,11
english,once in a lifetime deal,once in a lifetime deal,1.25,11
english,once in a lifetime opportunity,once in a lifetime opportunity,1.25,11
english,once in lifetime,once in lifetime,1.25,11
english,one hundred percent,one hundred percent,1.25,11
english,one hundred percent free,one hundred percent free,1.25,11
english,one hundred percent guaranteed,one hundred percent guaranteed,1.25,11
english,one time,one time,1.0,11
english,one time mailing,one time mailing,1.25,11
english,one-time,one-time,1.0,11
english,one-time mailing,one-time mailing,1.0,11
english,online,online,1.0,11
english,online biz opportunity,online biz opportunity,1.25,11
english,online business opportunity,online business opportunity,1.25,11
english,online degree,online degree,1.0,11
english,online income,online income,1.0,11
english,online job,online job,1.0,11
english,online marketing,online marketing,1.0,11
english,online pharmacy,online pharmacy,1.0,11
english,only $,only $,1.0,11
english,only for today,only for today,1.25,11
english,only for you,only for you,1.25,11
english,open,open,1.0,11
english,open link,open link,1.0,11
english,open this email!,open this email!,1.25,11
english,opportunity,opportunity,1.0,11
english,opt in,opt in,1.0,11
english,opt-in,opt-in,1.0,11
english,opt-out,opt-out,1.0,11
english,options,options,1.0,11
english,order,order,1.0,11
english,order a report,order a report,1.25,11
english,order now,order now,1.0,11
english,order online,order online,1.0,11
english,order shipped by,order shipped by,1.25,11
english,order status,order status,1.0,12
english,order today,order today,1.0,12
english,orders shipped by,orders shipped by,1.25,12
english,orders shipped by priority mail,orders shipped by priority mail,1.25,12
english,orders shipped by shopper,orders shipped by shopper,1.25,12
english,orders shipped by the shopper,orders shipped by the shopper,1.25,12
english,outlandish claims,outlandish claims,1.0,12
english,outstanding amount,outstanding amount,1.0,12
english,outstanding value,outstanding value,1.0,12
english,outstanding values,outstanding values,1.0,12
english,own boss,own boss,1.0,12
english,paid,paid,1.0,12
english,paisa,paisa,1.0,12
english,part time,part time,1.0,12
english,part time job,part time job,1.25,12
english,password,password,1.5,12
english,passwords,passwords,1.5,12
english,pay your bills,pay your bills,1.25,12
english,payment app,payment app,1.0,12
english,payments app,payments app,1.0,12
english,payout,payout,1.0,12
english,paypal,paypal,1.0,12
english,paytm,paytm,1.0,12
english,penis enlargement,penis enlargement,1.0,12
english,pennies a day,pennies a day,1.25,12
english,per day,per day,1.0,12
english,per month,per month,1.0,12
english,per week,per week,1.0,12
english,percent off,percent off,1.0,12
english,perfect,perfect,1.0,12
english,performance,performance,1.0,12
english,personal,personal,1.0,12
english,pharmaceuticals,pharmaceuticals,1.0,12
english,phone,phone,1.0,12
english,phone number,phone number,1.0,12
english,playstore,playstore,1.0,12
english,please,please,1.0,12
english,please open,please open,1.0,12
english,please read,please read,1.0,12
english,porn,porn,1.0,12
english,pornography,pornography,1.0,12
english,potential earnings,potential earnings,1.0,12
english,pre-approved,pre-approved,1.0,12
english,presently,presently,1.0,12
english,price,price,1.0,12
english,price protection,price protection,1.0,12
english,prices,prices,1.0,12
english,print form signature,print form signature,1.25,12
english,print out and fax,print out and fax,1.25,12
english,priority mail,priority mail,1.0,12
english,privately owned funds,privately owned funds,1.25,12
english,prize,prize,1.0,12
english,prizes,prizes,1.0,12
english,problem,problem,1.0,12
english,problem with shipping,problem with shipping,1.25,12
english,problem with your order,problem with your order,1.25,12
english,produced and sent out,produced and sent out,1.25,12
english,product and brand names,product and brand names,1.25,12
english,profit,profit,1.0,12
english,profits,profits,1.0,12
english,promise,promise,1.0,12
english,promise you,promise you,1.0,12
english,promoting,promoting,1.0,12
english,promotion,promotion,1.0,12
english,prozac,prozac,1.0,12
english,purchase,purchase,1.0,12
english,purchase now,purchase now,1.0,12
english,purchase order,purchase order,1.0,13
english,purchase today,purchase today,1.0,13
english,pure profit,pure profit,1.0,13
english,pure profits,pure profits,1.0,13
english,quantity is limited,quantity is limited,1.25,13
english,quick,quick,1.0,13
english,quote,quote,1.0,13
english,quotes,quotes,1.0,13
english,raashi,raashi,1.0,13
english,rashi,rashi,1.0,13
english,rate,rate,1.0,13
english,rates,rates,1.0,13
english,read this twice,read this twice,1.25,13
english,read twice,read twice,1.0,13
english,real thing,real thing,1.0,13
english,rebate,rebate,1.0,13
english,receive,receive,1.0,13
english,recover your debt,recover your debt,1.25,13
english,recover your debt instantly,recover your debt instantly,1.25,13
english,reduce debt,reduce debt,1.0,13
english,reduce your interest rate,reduce your interest rate,1.25,13
english,refer,refer,1.0,13
english,referral,referral,1.0,13
english,refinance,refinance,1.0,13
english,refinance home,refinance home,1.0,13
english,refinance today,refinance today,1.0,13
english,refinance your home,refinance your home,1.25,13
english,refinanced home,refinanced home,1.0,13
english,refund,refund,1.0,13
english,regarding,regarding,1.0,13
english,rekoo,rekoo,1.0,13
english,reminder,reminder,1.0,13
english,removal,removal,1.0,13
english,removal instructions,removal instructions,1.0,13
english,remove,remove,1.0,13
english,remove in quotes,remove in quotes,1.25,13
english,remove subject,remove subject,1.0,13
english,removes,removes,1.0,13
english,removes wrinkles,removes wrinkles,1.0,13
english,replica watches,replica watches,1.0,13
english,reply remove subject,reply remove subject,1.25,13
english,request,request,1.0,13
english,request now,request now,1.0,13
english,request today,request today,1.0,13
english,required,required,1.0,13
english,requires initial investment,requires initial investment,1.25,13
english,requires investment,requires investment,1.0,13
english,reserves the right,reserves the right,1.25,13
english,returns,returns,1.0,13
english,reverse,reverse,1.0,13
english,reverses,reverses,1.0,13
english,reverses aging,reverses aging,1.0,13
english,reward,reward,1.0,13
english,rewards,rewards,1.0,13
english,rich,rich,1.0,13
english,riches,riches,1.0,13
english,risk free,risk free,1.0,13
english,risk-free,risk-free,1.0,13
english,rolex,rolex,1.0,13
english,round the world,round the world,1.25,13
english,rs,rs,1.0,13
english,rs.,rs.,1.0,13
english,safeguard notice,safeguard notice,1.0,13
english,sale,sale,1.0,13
english,sales,sales,1.0,13
english,sample,sample,1.0,13
english,sant ramp,sant ramp,1.0,13
english,sant rampal,sant rampal,1.0,14
english,sar tan se,sar tan se,1.25,14
english,satisfaction,satisfaction,1.0,14
english,satisfaction guaranteed,satisfaction guaranteed,1.0,14
english,satsang,satsang,1.0,14
english,save,save,1.0,14
english,save $,save $,1.0,14
english,save an extra,save an extra,1.25,14
english,save big,save big,1.0,14
english,save big money,save big money,1.25,14
english,save big month,save big month,1.25,14
english,save money,save money,1.0,14
english,save now,save now,1.0,14
english,save up to,save up to,1.25,14
english,save €,save €,1.0,14
english,savings,savings,1.0,14
english,scheme,scheme,1.0,14
english,score,score,1.0,14
english,score with babes,score with babes,1.25,14
english,search engine,search engine,1.0,14
english,search engine listings,search engine listings,1.25,14
english,search engine optimisation,search engine optimisation,1.25,14
english,secret code,secret code,1.0,14
english,section 301,section 301,1.0,14
english,see for yourself,see for yourself,1.25,14
english,seen on,seen on,1.0,14
english,sent in compliance,sent in compliance,1.25,14
english,seo,seo,1.0,14
english,seo secrets,seo secrets,1.0,14
english,seo tools,seo tools,1.0,14
english,separated,separated,1.0,14
english,serious,serious,1.0,14
english,serious case,serious case,1.0,14
english,serious cash,serious cash,1.0,14
english,serious offer,serious offer,1.0,14
english,serious only,serious only,1.0,14
english,service,service,1.0,14
english,sex,sex,1.0,14
english,sexy babes,sexy babes,1.0,14
english,shop now,shop now,1.0,14
english,shopper,shopper,1.0,14
english,shopping spree,shopping spree,1.0,14
english,sign in,sign in,1.0,14
english,sign up,sign up,1.0,14
english,sign up free,sign up free,1.25,14
english,sign up free today,sign up free today,1.25,14
english,signup,signup,1.0,14
english,signup free today,signup free today,1.25,14
english,slut,slut,1.0,14
english,smartphone,smartphone,1.0,14
english,smarttrade,smarttrade,1.0,14
english,snore,snore,1.0,14
english,snoring,snoring,1.0,14
english,social media presence,social media presence,1.25,14
english,social security number,social security number,1.25,14
english,spam,spam,1.0,14
english,spam free,spam free,1.0,14
english,special deal,special deal,1.0,14
english,special discount,special discount,1.0,14
english,special for you,special for you,1.25,14
english,special offer,special offer,1.0,14
english,special offers,special offers,1.0,14
english,special promotion,special promotion,1.0,14
english,stainless steel,stainless steel,1.0,14
english,start earning,start earning,1.0,14
english,steamy,steamy,1.0,14
english,stock alert,stock alert,1.0,14
english,stock disclaimer statement,stock disclaimer statement,1.25,15
english,stock pick,stock pick,1.0,15
english,stock picks,stock picks,1.0,15
english,stocks,stocks,1.0,15
english,stop calling me,stop calling me,1.25,15
english,stop emailing me,stop emailing me,1.25,15
english,stop further distribution,stop further distribution,1.25,15
english,stop snoring,stop snoring,1.0,15
english,stops snoring,stops snoring,1.0,15
english,strong buy,strong buy,1.0,15
english,stuff on sale,stuff on sale,1.25,15
english,subject to,subject to,1.0,15
english,subject to cash,subject to cash,1.25,15
english,subject to credit,subject to credit,1.25,15
english,subscribe for free,subscribe for free,1.25,15
english,subscribe kare,subscribe kare,1.0,15
english,subscribe now,subscribe now,1.0,15
english,success,success,1.0,15
english,suffering the loss of a spouse,suffering the loss of a spouse,1.25,15
english,super promo,super promo,1.0,15
english,superlatives,superlatives,1.0,15
english,supplies,supplies,1.0,15
english,supplies are limited,supplies are limited,1.25,15
english,support me,support me,1.0,15
english,t.me,t.me,1.0,15
english,tack action now,tack action now,1.25,15
english,take action,take action,1.0,15
english,take action now,take action now,1.25,15
english,talks about hidden charges,talks about hidden charges,1.25,15
english,talks about prizes,talks about prizes,1.25,15
english,targeted customers,targeted customers,1.0,15
english,teen,teen,1.0,15
english,telegram,telegram,1.5,15
english,telephone,telephone,1.0,15
english,terms,terms,1.0,15
english,terms and conditions,terms and conditions,1.25,15
english,the best,the best,1.0,15
english,the best rates,the best rates,1.25,15
english,the following form,the following form,1.25,15
english,they\'re just giving it away,they\'re just giving it away,1.25,15
english,this is an ad,this is an ad,1.25,15
english,this is an advertisement,this is an advertisement,1.25,15
english,this is not spam,this is not spam,1.25,15
english,this isn\'t a scam,this isn\'t a scam,1.25,15
english,this isn\'t junk,this isn\'t junk,1.25,15
english,this isn\'t spam,this isn\'t spam,1.25,15
english,this isn\’t a scam,this isn\’t a scam,1.25,15
english,this isn\’t junk,this isn\’t junk,1.25,15
english,this isn\’t spam,this isn\’t spam,1.25,15
english,this won\'t last,this won\'t last,1.25,15
english,thousands,thousands,1.0,15
english,time limited,time limited,1.0,15
english,time-limited,time-limited,1.0,15
english,timeshare,timeshare,1.0,15
english,timeshare offers,timeshare offers,1.0,15
english,to be removed from this list,to be removed from this list,1.25,15
english,toll free,toll free,1.0,15
english,too late,too late,1.0,15
english,top urgent,top urgent,1.5,15
english,trader,trader,1.0,15
english,trading,trading,1.0,15
english,traffic,traffic,1.0,15
english,treatment,treatment,1.0,15
english,trial,trial,1.0,15
english,trial unlimited,trial unlimited,1.0,15
english,try follow back,try follow back,1.25,15
english,u.s. dollars,u.s. dollars,1.0,15
english,udhar,udhar,1.0,16
english,ultimate wonder product,ultimate wonder product,1.25,16
english,unbeatable offer,unbeatable offer,1.0,16
english,unbelievable,unbelievable,1.0,16
english,undisclosed,undisclosed,1.0,16
english,undisclosed recipient,undisclosed recipient,1.0,16
english,university diploma,university diploma,1.0,16
english,university diplomas,university diplomas,1.0,16
english,unlimited,unlimited,1.0,16
english,unlimited trial,unlimited trial,1.0,16
english,unsecured credit,unsecured credit,1.0,16
english,unsecured debt,unsecured debt,1.0,16
english,unsolicited,unsolicited,1.0,16
english,unsubscribe,unsubscribe,1.0,16
english,urgent,urgent,1.5,16
english,urgent response,urgent response,1.5,16
english,us dollars,us dollars,1.0,16
english,vacation,vacation,1.0,16
english,vacation offers,vacation offers,1.0,16
english,valium,valium,1.0,16
english,vashikaran,vashikaran,1.0,16
english,very cheap,very cheap,1.0,16
english,viagra,viagra,1.5,16
english,viagra delivery,viagra delivery,1.5,16
english,vicodin,vicodin,1.5,16
english,vip,vip,1.0,16
english,visa,visa,1.0,16
english,visit our website,visit our website,1.25,16
english,voucher,voucher,1.0,16
english,wa.me,wa.me,1.0,16
english,wallet,wallet,1.0,16
english,wants credit card,wants credit card,1.5,16
english,warranty,warranty,1.0,16
english,warranty expired,warranty expired,1.0,16
english,way of living,way of living,1.25,16
english,we are legal,we are legal,1.25,16
english,we hate spam,we hate spam,1.25,16
english,we honor all,we honor all,1.25,16
english,wealthy clientele,wealthy clientele,1.0,16
english,web traffic,web traffic,1.0,16
english,website visitors,website visitors,1.0,16
english,weekly earning,weekly earning,1.0,16
english,weight loss,weight loss,1.0,16
english,weight spam,weight spam,1.0,16
english,what 's keeping you?,what 's keeping you?,1.25,16
english,what are you waiting for,what are you waiting for,1.25,16
english,what are you waiting for?,what are you waiting for?,1.25,16
english,while available,while available,1.0,16
english,while stocks last,while stocks last,1.25,16
english,while supplies last,while supplies last,1.25,16
english,while you sleep,while you sleep,1.25,16
english,who really wins?,who really wins?,1.25,16
english,why pay more?,why pay more?,1.25,16
english,will not believe your eyes,will not believe your eyes,1.25,16
english,win,win,1.0,16
english,win big,win big,1.0,16
english,winner,winner,1.5,16
english,winning,winning,1.0,16
english,withdrawals,withdrawals,1.0,16
english,won,won,1.0,16
english,work at home,work at home,1.25,16
english,work from home,work from home,1.5,16
english,x group ssc,x group ssc,1.25,16
english,xanax,xanax,1.5,16
english,xxx,xxx,1.0,16
english,you are a winner,you are a winner,1.5,16
english,you are a winner!,you are a winner!,1.5,16
english,you have been chosen,you have been chosen,1.25,16
english,you have been selected,you have been selected,1.5,16
english,you have been selected!,you have been selected!,1.5,16
english,you will not believe your eyes,you will not believe your eyes,1.25,16
english,you will not believe your eyes!,you will not believe your eyes!,1.25,16
english,you're a winner,you're a winner,1.5,16
english,your income,your income,1.0,16
english,your prize,your prize,1.0,16
english,your status,your status,1.0,16
english,you’ve been selected,you’ve been selected,1.25,16
english,zero chance,zero chance,1.0,16
english,zero percent,zero percent,1.0,16
english,zero risk,zero risk,1.0,16
gujarati,$ બચાવો,$ બચાવો,1.0,13
gujarati,$ બનાવો,$ બનાવો,1.0,9
gujarati,0 નીચે,0 નીચે,1.0,1
gujarati,0% જોખમ,0% જોખમ,1.0,1
gujarati,0.99,0.99,1.0,1
gujarati,0.999,0.999,1.0,1
gujarati,1 રોકાણકાર,1 રોકાણકાર,1.0,1
gujarati,100%,100%,1.0,1
gujarati,100% મફત,100% મફત,1.0,1
gujarati,100% સતંોષ,100% સતંોષ,1.0,1
gujarati,1nvest0r,1nvest0r,1.0,1
gujarati,b1tc0in,b1tc0in,1.0,2
gujarati,bitc0in,bitc0in,1.0,2
gujarati,cialis,cialis,1.0,3
gujarati,dm,dm,1.0,4
gujarati,fnb,fnb,1.0,5
gujarati,paytm,paytm,1.0,11
gujarati,rekoo,rekoo,1.0,12
gujarati,SEO,seo,1.0,13
gujarati,SEO સાધનો,seo સાધનો,1.0,13
gujarati,t.me,t.me,1.0,14
gujarati,wa.me,wa.me,1.0,15
gujarati,xanax,xanax,1.5,16
gujarati,xxx,xxx,1.0,16
gujarati,আમপફ તক ৰસকાઇન અપ ક,আમপફ તক ৰસকાઇન અપ ક,1.25,14
gujarati,ই$ে ছકમાઓ,ই$ে ছકમાઓ,1.0,4
gujarati,কડৰાઉকનલોડ કરો,কડৰાઉকનલોડ કરો,1.0,4
gujarati,কતમારા ડબલ,কતમારા ડબલ,1.0,4
gujarati,কમને ચેતવણી આપો,কમને ચેતવણી આપો,1.25,1
gujarati,কમોટા પૈસા બચાવો,কમોટા પૈસા બચાવો,1.25,13
gujarati,কહવે સાચવો,কહવે સાચવો,1.0,13
gujarati,কિવનતંી,কિવનતંી,1.0,13
gujarati,গએક વાર,গએક વાર,1.0,11
gujarati,চતািৰરત જ વજન ઘટા,চતািৰરત જ વજન ઘટા,1.25,8
gujarati,ছeth3rium,ছeth3rium,1.0,5
gujarati,ছતપાસો,ছતપાસો,1.0,3
gujarati,টલ সેણময়દ ાথરাોিનকે বબ পોલােৰાવেনે,টલ সેણময়દ ાথરাોিનকે বબ পોલােৰાવেনે,1.25,2
gujarati,ণવ কધৰારকાની બચત કર,ণવ কધৰારকાની બચત કર,1.25,13
gujarati,তરলદ কકৰરকો,তરলદ কકৰરকો,1.0,2
gujarati,দમ উફকતিল যাব,দમ উફকતিল যাব,1.25,5
gujarati,নક મকાৰણকી,নક મকાৰણকી,1.0,5
gujarati,নક ાকમৰનকા,নક ાকમৰનকા,1.0,8
gujarati,নકাોইઈ રોકાણ નથી,নકাોইઈ રોકાણ નથી,1.25,10
gujarati,নમફત ભેટ,নમફત ભેટ,1.0,6
gujarati,নવ কજেৰનাમા ંઘટાડો,নવ কજেৰનাમા ંઘટાડો,1.25,15
gujarati,নહવે રદ કરો,নહવે રદ કરો,1.25,3
gujarati,পગনীોয়પতનাીયતા,পગনীોয়પতનাીયતા,1.0,3
gujarati,বગািঢ়ીરেছો ।દર,বગািঢ়ીરেছો ।દર,1.0,10
gujarati,বલ লોাટেগો,বલ লોাટেগો,1.0,9
gujarati,লઅািগબবજોપિત,লઅািগબবજોપિત,1.0,2
gujarati,লમকફત વેબસાઇટ,লમকફત વેબસાઇટ,1.0,6
gujarati,াচકুলોઈ ખેલ નથી,াচકুলોઈ ખેલ નથી,1.25,10
gujarati,ামમলূફীતয়া સેલ ફોન,ামમলূફীતয়া સેલ ફોન,1.25,6
gujarati,ামવચન,ামવચન,1.0,12
gujarati,াઅવાિંછત,াઅવાિંછત,1.0,15
gujarati,াકনા મকৰાનকે,াકনા મকৰાનকે,1.0,8
gujarati,ী હকવৰે কદાવો કરો,ী હকવৰે কદાવો કરો,1.25,3
gujarati,ীઈন નধনામો,ীઈন નধনામો,1.0,12
gujarati,ে1ল00% પૈસા પાછા,ে1ল00% પૈસા પાછા,1.25,1
gujarati,েয়રাસজ নન নથাીই,েয়રাસজ নન নથাીই,1.25,10
gujarati,ৰઅাમને કૉલ કરો,ৰઅাમને કૉલ કરો,1.25,2
gujarati,ৰમારા સોલમેટને શો,ৰમારા સોલમેટને શો,1.25,8
gujarati,ৰવাધારાનો નફો મેળ,ৰવাધારાનો નફો મેળ,1.25,4
gujarati,ৰહকવે સરખામણી કરો,ৰહকવે સરખામણી કરો,1.25,3
gujarati,અજમાયશ,અજમાયશ,1.0,15
gujarati,અબજ,અબજ,1.0,2
gujarati,અબજ ડોલર,અબજ ડોલર,1.0,2
gujarati,અબજો જોડાઓ,અબજો જોડાઓ,1.0,8
gujarati,અલગ,અલગ,1.0,13
gujarati,અવતરણ,અવતરણ,1.0,12
gujarati,અિધકાર અનામત,અિધકાર અનામત,1.0,13
gujarati,આ ઈમેલ ખોલો!,આ ઈમેલ ખોલો!,1.25,11
gujarati,આ કૌભાડં નથી,આ કૌભાડં નથી,1.25,14
gujarati,આ બે વાર વાચં ો,આ બે વાર વાચં ો,1.25,12
gujarati,આিদ আજেકંছ નથી,આিদ আજেકંছ નથી,1.25,14
gujarati,આપી દો,આપી દો,1.0,6
gujarati,આવક,આવક,1.0,7
gujarati,આવક વધારો,આવક વધારો,1.0,7
gujarati,ઇউમকેઇিলલ য કাবાઢો,ઇউમকેઇিলલ য કাবાઢો,1.25,5
gujarati,ઇનામ,ઇનામ,1.0,7
gujarati,ઇમેઇલ લણણી,ઇમેઇલ લણણી,1.0,5
gujarati,ઈનામો િવશે વાત ક,ઈનામો િવશે વાત ક,1.25,14
gujarati,ઉધર,ઉધર,1.0,15
gujarati,ઉપચાર,ઉપચાર,1.0,4
gujarati,ઉપાડ,ઉપાડ,1.0,16
gujarati,એમએલએમ,એમએલએમ,1.0,9
gujarati,એમેઝોન,એમેઝોન,1.0,1
gujarati,ઓનલાઇન,ઓનલાઇન,1.0,11
gujarati,ઓનલાઇન આવક,ઓનલાઇન આવક,1.0,11
gujarati,ઓનલાઇન સરખામ,ઓનલાઇન સરખામ,1.0,3
gujarati,ઓફર,ઓફર,1.0,11
gujarati,કંઈપણ શોધો,કંઈપણ શોધો,1.0,5
gujarati,કમાણી કરવા,કમાણી કરવા,1.0,9
gujarati,કમાવો,કમાવો,1.0,4
gujarati,કરોડપિત,કરોડપિત,1.0,9
gujarati,કલમ 301,કલમ 301,1.0,13
gujarati,કામ કરવાની ખાતર,કામ કરવાની ખાતર,1.25,7
gujarati,કામો,કામો,1.0,8
gujarati,કૉલ,કૉલ,1.0,2
gujarati,કોઈ પણ શરતો વગ,કોઈ પણ શરતો વગ,1.25,10
gujarati,કોઈ િનરાશા નથી,કોઈ િનરાશા નથી,1.25,10
gujarati,કોઈપણ સમયે રદ,કોઈપણ સમયે રદ,1.25,3
gujarati,કોડ,કોડ,1.0,3
gujarati,કોિવડ,કોિવડ,1.0,4
gujarati,કૌભાડં નથી,કૌભાડં નથી,1.0,10
gujarati,ખાટા,ખાટા,1.0,8
gujarati,ખાસ ઓફર,ખાસ ઓફર,1.0,14
gujarati,ખાસ સોદો,ખાસ સોદો,1.0,14
gujarati,ગભં ીર,ગભં ીર,1.0,13
gujarati,ગભં ીર ઓફર,ગભં ીર ઓફર,1.25,13
gujarati,ગભં ીર રોકડ,ગભં ીર રોકડ,1.25,13
gujarati,ગીરો,ગીરો,1.0,5
gujarati,ગીરો દરો,ગીરો દરો,1.0,10
gujarati,ગોપનીય,ગોપનીય,1.0,3
gujarati,ઘર ગીરો,ઘર ગીરો,1.0,7
gujarati,ઘર બેઠા કામ,ઘર બેઠા કામ,1.25,16
gujarati,ઘર રોજગાર,ઘર રોજગાર,1.0,7
gujarati,ચલણ,ચલણ,1.0,4
gujarati,ચેક જમા થયો,ચેક જમા થયો,1.25,3
gujarati,ચેનલ,ચેનલ,1.0,3
gujarati,છેલી તક,છેલી તક,1.0,8
gujarati,જકં નથી,જકં નથી,1.0,10
gujarati,જમા,જમા,1.0,4
gujarati,જમા રકમ,જમા રકમ,1.0,1
gujarati,જવાબ આપો િવષય,જવાબ આપો િવષય,1.25,13
gujarati,જોડાઓ,જોડાઓ,1.0,8
gujarati,ઝাৰડપી વજન ઘટાડ,ઝাৰડપી વજન ઘટાડ,1.25,8
gujarati,ઝડપથી વજન ઘટા,ઝડપથી વજન ઘટા,1.25,8
gujarati,ઝડપી,ઝડપી,1.0,5
gujarati,ઝડપી પૈસા,ઝડપી પૈસા,1.0,5
gujarati,ઝડપી રોકડ,ઝડપી રોકડ,1.0,5
gujarati,ટાઈમશેર,ટાઈમશેર,1.0,15
gujarati,ટાઈમશેર ઓફર,ટાઈમશેર ઓફર,1.0,15
gujarati,ડાઉનલોડ કરવા મ,ડાઉનલોડ કરવા મ,1.25,3
gujarati,ડોલર,ડોલર,1.0,4
gujarati,તક,તક,1.0,11
gujarati,તબીબી,તબીબી,1.0,9
gujarati,તમને પસદં કરવામ,તમને પસદં કરવામ,1.25,16
gujarati,તમારા ઇનામનો દા,તમારા ઇનામનો દા,1.25,3
gujarati,તમારા પૈસા મેળવો,તમારા પૈસા મેળવો,1.25,6
gujarati,તમારા પોતાના બો,તમારા પોતાના બો,1.25,2
gujarati,તરત,તરત,1.0,7
gujarati,તરત જ અમારો સં,તરત જ અમારો સં,1.25,3
gujarati,તે અસરકારક છે,તે અસરકારક છે,1.25,8
gujarati,તેને આપીને,તેને આપીને,1.0,6
gujarati,થોડા બોબ,થોડા બોબ,1.0,1
gujarati,દર,દર,1.0,12
gujarati,દરો,દરો,1.0,12
gujarati,દવા,દવા,1.0,9
gujarati,દાવાઓ,દાવાઓ,1.0,3
gujarati,દાવો,દાવો,1.0,3
gujarati,ધન,ધન,1.0,4
gujarati,ધનવાન બનો,ધનવાન બનો,1.0,6
gujarati,નৰকસકોરા બધં કરો,નৰকસકોરા બધં કરો,1.25,14
gujarati,નફો કરો,નફો કરો,1.0,9
gujarati,નબં ર એક,નબં ર એક,1.25,10
gujarati,નબં ર કરો,નબં ર કરો,1.25,10
gujarati,નસકોરા,નસકોરા,1.0,14
gujarati,નાણા ંકમાઈ,નાણા ંકમાઈ,1.0,5
gujarati,નાણા ંબચાવવા,નાણા ંબચાવવા,1.0,13
gujarati,નાણા ંમેળવો,નાણા ંમેળવો,1.0,6
gujarati,નીચા ગીરો દરો,નીચા ગીરો દરો,1.25,9
gujarati,નીચા દરો,નીચા દરો,1.0,9
gujarati,પয়তૈસাા ઝડપી,પয়তૈસাા ઝડપી,1.0,10
gujarati,પગલા ંલેવા,પગલા ંલેવા,1.0,14
gujarati,પર જોવા મળે છે,પર જોવા મળે છે,1.25,13
gujarati,પસદં,પસદં,1.0,11
gujarati,પેપલ,પેપલ,1.0,11
gujarati,પૈસા,પૈસા,1.0,9
gujarati,પૈસા કમાવવા,પૈસા કમાવવા,1.0,10
gujarati,પૈસા પાછા,પૈસા પાછા,1.0,10
gujarati,પૈસા 💰,પૈસા 💰,1.0,9
gujarati,પોતાના બોસ,પોતાના બોસ,1.0,11
gujarati,ફોન,ફોન,1.0,12
gujarati,ફોન નબં ર,ફોન નબં ર,1.25,12
gujarati,ફોલો બેક કરવાનો,ફોલો બેક કરવાનો,1.25,15
gujarati,બચત,બચત,1.0,13
gujarati,બધં,બધં,1.0,1
gujarati,બધા નવા,બધા નવા,1.0,1
gujarati,બે વાર વાચં ો,બે વાર વાચં ો,1.25,12
gujarati,બોનસ,બોનસ,1.0,2
gujarati,ભওকેટ સમાવેશ થાય,ભওকેટ સમાવેશ થાય,1.25,6
gujarati,ભડંોળ,ભડંોળ,1.0,6
gujarati,ભાગ સમય,ભાગ સમય,1.0,11
gujarati,મને બોલાવો,મને બોલાવો,1.0,2
gujarati,મને મદદ કરો,મને મદદ કરો,1.25,7
gujarati,મને મળવા,મને મળવા,1.0,9
gujarati,મફત અજમાયશ અ,મફત અજમાયશ અ,1.25,6
gujarati,મફત અને મફત,મફત અને મફત,1.25,6
gujarati,મફત અવતરણ,મફત અવતરણ,1.0,6
gujarati,મફત આઇફોન,મફત આઇફોન,1.0,6
gujarati,મફત ઓફર,મફત ઓફર,1.0,6
gujarati,મફત કૉલ,મફત કૉલ,1.0,6
gujarati,મફત કૉલ કરો,મફત કૉલ કરો,1.25,2
gujarati,મફત પૈસા,મફત પૈસા,1.0,6
gujarati,મફત બોનસ,મફત બોનસ,1.0,6
gujarati,મફત રોકડ,મફત રોકડ,1.0,6
gujarati,મફત રોકાણ,મફત રોકાણ,1.0,6
gujarati,મફત લેપટોપ,મફત લેપટોપ,1.0,6
gujarati,મહાન,મહાન,1.0,6
gujarati,મહાન ઓફર,મહાન ઓફર,1.0,6
gujarati,મહાન સોદો,મહાન સોદો,1.0,6
gujarati,મહારાજ,મહારાજ,1.0,9
gujarati,મારૌ િવશવાસ કરૌ,મારૌ િવશવાસ કરૌ,1.25,2
gujarati,માિસક કમાઓ,માિસક કમાઓ,1.0,5
gujarati,મોબાઇલ નબં ર,મોબાઇલ નબં ર,1.25,9
gujarati,યોજના,યોજના,1.0,13
gujarati,રકમ,રકમ,1.0,1
gujarati,રસ,રસ,1.0,8
gujarati,રાશી,રાશી,1.0,12
gujarati,રાિશ,રાિશ,1.0,12
gujarati,રોકડ,રોકડ,1.0,3
gujarati,રોકડ કમાઓ,રોકડ કમાઓ,1.0,4
gujarati,રોકડ બહાર,રોકડ બહાર,1.0,3
gujarati,રોકડ બોનસ,રોકડ બોનસ,1.0,3
gujarati,રોકડ રકમ,રોકડ રકમ,1.0,3
gujarati,રોકડ રોકડ,રોકડ રોકડ,1.0,3
gujarati,રોકડને આધીન,રોકડને આધીન,1.0,14
gujarati,રોકાણ,રોકાણ,1.0,8
gujarati,રોકાણ સલાહ,રોકાણ સલાહ,1.0,8
gujarati,રોકાણકાર,રોકાણકાર,1.0,8
gujarati,રોકાણકારો,રોકાણકારો,1.0,8
gujarati,લાખો,લાખો,1.0,9
gujarati,લાખો જોડાઓ,લાખો જોડાઓ,1.0,8
gujarati,લાખો લોકો જોડાઓ,લાખો લોકો જોડાઓ,1.25,8
gujarati,લાબં ા સમય ના સબં,લાબં ા સમય ના સબં,1.25,8
gujarati,લોન,લોન,1.0,8
gujarati,વધારાના પૈસા,વધારાના પૈસા,1.0,1
gujarati,વધારાની આવક,વધારાની આવક,1.0,1
gujarati,વધારાની આવક મે,વધારાની આવક મે,1.25,4
gujarati,વધારાની રોકડ,વધારાની રોકડ,1.0,5
gujarati,વધારાની રોકડ ઓ,વધારાની રોકડ ઓ,1.25,11
gujarati,વધારાની રોકડ કમ,વધારાની રોકડ કમ,1.25,4
gujarati,વરાળ,વરાળ,1.0,14
gujarati,વશીકરણ,વશીકરણ,1.0,15
gujarati,વાઉચર,વાઉચર,1.0,15
gujarati,વીઆઇપી,વીઆઇપી,1.0,15
gujarati,વેચાણ,વેચાણ,1.0,13
gujarati,વેચાણ નથી,વેચાણ નથી,1.0,10
gujarati,વેચાણ પરની સામ,વેચાણ પરની સામ,1.25,14
gujarati,વેચાણ વધારો,વેચાણ વધારો,1.0,7
gujarati,વેપાર,વેપાર,1.0,15
gujarati,વૉલેટ,વૉલેટ,1.0,15
gujarati,શરતો,શરતો,1.0,14
gujarati,સকৰરળক શરતો,સকৰરળক શરતો,1.0,5
gujarati,સকરળ આવક,સকરળ આવક,1.0,5
gujarati,સતં રામપાલ,સતં રામપાલ,1.0,13
gujarati,સતંોષ,સતંોષ,1.0,13
gujarati,સપના આવે છે,સપના આવે છે,1.25,4
gujarati,સફળતા,સફળતા,1.0,14
gujarati,સબં િંધત,સબં િંધત,1.0,12
gujarati,સભં િવત કમાણી,સભં િવત કમાણી,1.25,12
gujarati,સર તન સે,સર તન સે,1.25,13
gujarati,સાઇન અપ કરો,સાઇન અપ કરો,1.25,14
gujarati,સાઇન ઇન કરો,સાઇન ઇન કરો,1.25,14
gujarati,સાઇનઅપ,સાઇનઅપ,1.0,14
gujarati,સાચવો,સાચવો,1.0,13
gujarati,સારવાર,સારવાર,1.0,15
gujarati,સેવા,સેવા,1.0,13
gujarati,સો ટકા,સો ટકા,1.0,11
gujarati,સો ટકા મફત,સો ટકા મફત,1.25,11
gujarati,સોદો,સોદો,1.0,2
gujarati,સોદો તોડનાર,સોદો તોડનાર,1.0,4
gujarati,સૌથી નીચા દરો,સૌથી નીચા દરો,1.25,9
gujarati,સૌથી નીચો ભાવ,સૌથી નીચો ભાવ,1.25,9
gujarati,સૌથી નીચો વીમા દ,સૌથી નીચો વીમા દ,1.25,9
gujarati,હમણા ંકૉલ કરો,હમણા ંકૉલ કરો,1.25,2
gujarati,હમણા ંકૉલ કરો!,હમણા ંકૉલ કરો!,1.25,2
gujarati,હમણા ંલઇ લો,હમણા ંલઇ લો,1.25,6
gujarati,હવે પગલા ંલો,હવે પગલા ંલો,1.25,14
gujarati,હવે િવનતંી કરો,હવે િવનતંી કરો,1.25,13
gujarati,હાલમાં,હાલમાં,1.0,12
gujarati,હોમ લોન,હોમ લોન,1.0,7
gujarati,હોમલોન,હોમલોન,1.0,7
gujarati,િનયમો અને શરત,િનયમો અને શરત,1.25,14
gujarati,િવગતો,િવગતો,1.0,4
gujarati,િવઝા,િવઝા,1.0,15
gujarati,િવષય,િવષય,1.0,14
gujarati,€ સાચવો,€ સાચવો,1.0,13
hindi,$ कमाएँ,$ कमाएँ,1.0,5
hindi,$ बचाओ,$ बचाओ,1.0,13
hindi,$ बनाओ,$ बनाओ,1.0,9
hindi,0 नीचे,0 नीचे,1.0,1
hindi,0.99,0.99,1.0,1
hindi,0.999,0.999,1.0,1
hindi,100%,100%,1.0,1
hindi,100% छूट,100% छूट,1.0,1
hindi,100% पैसा वापस,100% पैसा वापस,1.25,1
hindi,android,android,1.0,14
hindi,b1tc0in,b1tc0in,1.0,2
hindi,binance,binance,1.0,3
hindi,bitc0in,bitc0in,1.0,3
hindi,Bitcoin,bitcoin,1.5,3
hindi,bitcon,bitcon,1.0,3
hindi,cashcash,cashcash,1.0,3
hindi,Cialis,cialis,1.0,4
hindi,cryptocurrency,cryptocurrency,1.5,4
hindi,eth3rio,eth3rio,1.0,5
hindi,Ethereum,ethereum,1.0,5
hindi,Flipkart,flipkart,1.0,6
hindi,loveproblemsolutionspecialist,loveproblemsolutionspecialist,1.0,9
hindi,Paypal,paypal,1.0,12
hindi,Paytm,paytm,1.0,12
hindi,vashikaran,vashikaran,1.0,15
hindi,vicodin,vicodin,1.5,15
hindi,WHATSAPP,whatsapp,1.5,16
hindi,Xanax,xanax,1.5,16
hindi,xxx,xxx,1.0,16
hindi,अंक,अंक,1.0,13
hindi,अनुदान संचय,अनुदान संचय,1.0,7
hindi,अनुरोध,अनुरोध,1.0,13
hindi,अनुसरण करना,अनुसरण करना,1.0,6
hindi,अपनी संभावना बढ़ाएँ,अपनी संभावना बढ़ाएँ,1.25,8
hindi,अपने को दगुुना करो,अपने को दगुुना करो,1.25,5
hindi,अभी कदम उठाएं,अभी कदम उठाएं,1.25,2
hindi,अभी कदम उठाएं!,अभी कदम उठाएं!,1.25,2
hindi,अभी कदम उठाएं! संकोच मत करो!,अभी कदम उठाएं! संकोच मत करो!,1.25,2
hindi,अमीर,अमीर,1.0,13
hindi,अमीर हो,अमीर हो,1.0,7
hindi,अमेज़न,अमेज़न,1.0,2
hindi,अरब,अरब,1.0,3
hindi,अरब डॉलर,अरब डॉलर,1.0,3
hindi,अवसर,अवसर,1.0,11
hindi,आजीवन पहुंच,आजीवन पहुंच,1.0,9
hindi,आदेश,आदेश,1.0,11
hindi,आप के पास,आप के पास,1.25,10
hindi,आपको चुना गया है,आपको चुना गया है,1.25,16
hindi,आपको चुना गया है!,आपको चुना गया है!,1.25,16
hindi,आय,आय,1.0,5
hindi,आशारामजी,आशारामजी,1.0,2
hindi,आसान आय,आसान आय,1.0,5
hindi,इंटरनेट बाजार,इंटरनेट बाजार,1.0,8
hindi,इंतजार मत करो,इंतजार मत करो,1.25,5
hindi,इनकम,इनकम,1.0,1
hindi,इनवॉइस,इनवॉइस,1.0,8
hindi,इनाम,इनाम,1.0,1
hindi,इमोजी,इमोजी,1.0,5
hindi,इस ईमेल को खोलो!,इस ईमेल को खोलो!,1.25,11
hindi,इस समय,इस समय,1.0,12
hindi,इस सूची से हटाया जाना है,इस सूची से हटाया जाना है,1.25,15
hindi,इसे आज करो,इसे आज करो,1.25,5
hindi,इसे दरू हो जाओ,इसे दरू हो जाओ,1.25,7
hindi,इसे दे रहा है,इसे दे रहा है,1.25,7
hindi,ईमेल फसल,ईमेल फसल,1.0,5
hindi,उधर,उधर,1.0,15
hindi,उधार,उधार,1.0,1
hindi,उलटना,उलटना,1.0,13
hindi,ऋण,ऋण,1.0,9
hindi,ऋृण,ऋृण,1.0,5
hindi,एक बार मेल करना,एक बार मेल करना,1.25,11
hindi,एकदम नया,एकदम नया,1.0,2
hindi,एफएनबी,एफएनबी,1.0,6
hindi,एमएलएम,एमएलएम,1.0,10
hindi,एसईओ,एसईओ,1.0,14
hindi,एसईओ उपकरण,एसईओ उपकरण,1.0,14
hindi,ऑटो ईमेल हटाने,ऑटो ईमेल हटाने,1.25,2
hindi,ऑनलाइन,ऑनलाइन,1.0,11
hindi,ऑनलाइन आय,ऑनलाइन आय,1.0,11
hindi,ऑनलाइन आवेदन,ऑनलाइन आवेदन,1.0,2
hindi,ऑनलाइन पैसे बनाएं,ऑनलाइन पैसे बनाएं,1.25,9
hindi,ऑफर,ऑफर,1.0,11
hindi,और पैसे बनाएं,और पैसे बनाएं,1.25,9
hindi,कबीर,कबीर,1.0,8
hindi,कम दर,कम दर,1.0,9
hindi,कमाई,कमाई,1.0,5
hindi,कमाओ,कमाओ,1.0,8
hindi,कमाना,कमाना,1.0,5
hindi,कामना,कामना,1.0,8
hindi,कामने,कामने,1.0,8
hindi,कुछ बॉब,कुछ बॉब,1.0,1
hindi,कुटुंब,कुटुंब,1.0,8
hindi,कुटुंब ऐप,कुटुंब ऐप,1.0,8
hindi,कूड़ा,कूड़ा,1.0,8
hindi,कूपन,कूपन,1.0,1
hindi,कृपया,कृपया,1.0,12
hindi,केवल $,केवल $,1.0,11
hindi,केवल गंभीर,केवल गंभीर,1.0,14
hindi,कैशलेस,कैशलेस,1.0,3
hindi,कैसीनो,कैसीनो,1.0,3
hindi,कॉपी डीवीडी,कॉपी डीवीडी,1.0,4
hindi,को जमा करना,को जमा करना,1.25,13
hindi,को बढ़ावा,को बढ़ावा,1.0,12
hindi,कोड,कोड,1.0,4
hindi,खजाना,खजाना,1.0,8
hindi,खाता,खाता,1.0,8
hindi,खाते,खाते,1.0,8
hindi,खास पेशकश,खास पेशकश,1.0,14
hindi,खोज इंजन,खोज इंजन,1.0,14
hindi,खोज इंजन अनुकूलन,खोज इंजन अनुकूलन,1.25,14
hindi,गंभीर,गंभीर,1.0,14
hindi,गंभीर मामला,गंभीर मामला,1.0,14
hindi,गहृ ऋण,गहृ ऋण,1.0,7
hindi,गांठदार,गांठदार,1.0,8
hindi,गोपनीयता,गोपनीयता,1.0,4
hindi,घर का रोजगार,घर का रोजगार,1.25,7
hindi,घर पर पैसा,घर पर पैसा,1.25,10
hindi,घर बैठे आमदनी,घर बैठे आमदनी,1.25,8
hindi,घर से कमाओ,घर से कमाओ,1.25,5
hindi,घर से काम,घर से काम,1.25,16
hindi,चुकाया गया,चुकाया गया,1.0,12
hindi,चैनल,चैनल,1.0,1
hindi,छूट,छूट,1.0,5
hindi,जब आप सो रहे थे,जब आप सो रहे थे,1.25,16
hindi,जमा,जमा,1.0,5
hindi,जमा पूंजी,जमा पूंजी,1.0,13
hindi,जाँच करना,जाँच करना,1.0,4
hindi,जीत गया,जीत गया,1.0,16
hindi,जीतना,जीतना,1.0,16
hindi,जीवन भर का सौदा,जीवन भर का सौदा,1.25,9
hindi,जीवनभर,जीवनभर,1.0,9
hindi,जीवनसाथी का नुकसान सहना,जीवनसाथी का नुकसान सहना,1.25,14
hindi,जुआ,जुआ,1.0,7
hindi,जैकपॉट,जैकपॉट,1.0,1
hindi,जॉब,जॉब,1.0,1
hindi,जोड़ना,जोड़ना,1.0,8
hindi,टके सेर,टके सेर,1.0,15
hindi,टाइमशैयर,टाइमशैयर,1.0,15
hindi,टाइमशैयर ऑफर,टाइमशैयर ऑफर,1.0,15
hindi,डाउनलोड करना,डाउनलोड करना,1.0,5
hindi,डॉलर,डॉलर,1.0,5
hindi,डोनेट,डोनेट,1.0,1
hindi,तज़े,तज़े,1.0,6
hindi,तज़े पैसा,तज़े पैसा,1.0,6
hindi,तजे ी से वजन कम करता है,तजे ी से वजन कम करता है,1.25,9
hindi,तजे ी से वजन कम करना,तजे ी से वजन कम करना,1.25,9
hindi,तट से दरू,तट से दरू,1.25,11
hindi,तार,तार,1.0,15
hindi,तुरंत,तुरंत,1.0,8
hindi,तुलना करना,तुलना करना,1.0,4
hindi,थोक,थोक,1.0,3
hindi,थोक ईमेल,थोक ईमेल,1.0,3
hindi,दकु ानदार,दकु ानदार,1.0,14
hindi,दर,दर,1.0,13
hindi,दवा,दवा,1.0,10
hindi,दस लाख,दस लाख,1.0,10
hindi,दान,दान,1.0,1
hindi,दान देना,दान देना,1.0,5
hindi,दावा,दावा,1.0,4
hindi,देना,देना,1.0,7
hindi,धन,धन,1.0,1
hindi,धनवापसी,धनवापसी,1.0,13
hindi,धारा 301,धारा 301,1.0,14
hindi,नंगा,नंगा,1.0,11
hindi,नंबर 1,नंबर 1,1.0,11
hindi,नंबर एक,नंबर एक,1.0,11
hindi,नंबर करो,नंबर करो,1.0,11
hindi,नकद,नकद,1.0,3
hindi,नकद के अधीन,नकद के अधीन,1.25,14
hindi,नकद बोनस,नकद बोनस,1.0,3
hindi,नपुंसकता,नपुंसकता,1.0,8
hindi,नमूना,नमूना,1.0,13
hindi,पर देखा गया,पर देखा गया,1.25,14
hindi,पाना,पाना,1.0,13
hindi,पुरोबंध,पुरोबंध,1.0,6
hindi,पैसा,पैसा,1.0,1
hindi,पैसा तजे ी से,पैसा तजे ी से,1.25,10
hindi,पैसा बनाएं,पैसा बनाएं,1.0,9
hindi,पैसा 💰,पैसा 💰,1.0,10
hindi,पैसे,पैसे,1.0,1
hindi,पैसे कमाएं,पैसे कमाएं,1.0,5
hindi,पैसे कमाना,पैसे कमाना,1.0,5
hindi,पैसे बचाएं,पैसे बचाएं,1.0,13
hindi,पैसे बनाना,पैसे बनाना,1.0,10
hindi,पैसे वापस,पैसे वापस,1.0,10
hindi,फंड,फंड,1.0,1
hindi,फ़ोन,फ़ोन,1.0,12
hindi,फ़ोन नंबर,फ़ोन नंबर,1.0,12
hindi,फायदा,फायदा,1.0,1
hindi,फूहड़,फूहड़,1.0,14
hindi,फॉलो,फॉलो,1.0,1
hindi,फॉलो बैक,फॉलो बैक,1.0,1
hindi,बंद करवाना,बंद करवाना,1.0,4
hindi,बचाओ €,बचाओ €,1.0,13
hindi,बचाना,बचाना,1.0,13
hindi,बटुआ,बटुआ,1.0,16
hindi,बड़ा पैसा बचाओ,बड़ा पैसा बचाओ,1.25,13
hindi,बड़ा सौदा,बड़ा सौदा,1.0,7
hindi,बड़ी जीत,बड़ी जीत,1.0,16
hindi,बहुत देर हो गई,बहुत देर हो गई,1.25,15
hindi,बीमा,बीमा,1.0,1
hindi,बीमा वजन कम,बीमा वजन कम,1.25,8
hindi,बोनस जमा,बोनस जमा,1.0,3
hindi,भाप से भरा,भाप से भरा,1.25,14
hindi,भुगतान,भुगतान,1.0,12
hindi,भुगतान ऐप,भुगतान ऐप,1.0,12
hindi,मत हटाओ,मत हटाओ,1.0,5
hindi,मदद,मदद,1.0,1
hindi,महाराज,महाराज,1.0,9
hindi,मास ईमेल,मास ईमेल,1.0,10
hindi,मुझ ेईमेल करना बंद करो,मुझ ेईमेल करना बंद करो,1.25,14
hindi,मुझ ेकॉल करो,मुझ ेकॉल करो,1.25,3
hindi,मुझ ेफ़ोन करना बंद करो,मुझ ेफ़ोन करना बंद करो,1.25,14
hindi,मुनाफ़ा,मुनाफ़ा,1.0,1
hindi,मुनाफे,मुनाफे,1.0,12
hindi,मेरे पीछे आओ,मेरे पीछे आओ,1.25,6
hindi,मोबाइल नंबर,मोबाइल नंबर,1.0,10
hindi,मोलभाव करना,मोलभाव करना,1.0,2
hindi,यातायात बढ़ाएँ,यातायात बढ़ाएँ,1.0,8
hindi,यू एस डॉलर,यू एस डॉलर,1.25,15
hindi,यूरो,यूरो,1.0,5
hindi,योजना,योजना,1.0,13
hindi,रेकू,रेकू,1.0,13
hindi,रेफ़रल,रेफ़रल,1.0,13
hindi,लागत,लागत,1.0,4
hindi,लाभ,लाभ,1.0,12
hindi,लाभ कमाना,लाभ कमाना,1.0,9
hindi,लोन,लोन,1.0,1
hindi,वजन कम करना,वजन कम करना,1.25,9
hindi,वजन घटना,वजन घटना,1.0,16
hindi,वन टाइम,वन टाइम,1.0,11
hindi,वा.मी,वा.मी,1.0,15
hindi,वाउचर,वाउचर,1.0,1
hindi,वादा,वादा,1.0,12
hindi,वादा करता हूं,वादा करता हूं,1.25,12
hindi,वीआईपी,वीआईपी,1.0,15
hindi,वीज़ा,वीज़ा,1.0,15
hindi,वेब यातायात,वेब यातायात,1.0,16
hindi,वेबसाइट आगंतुक,वेबसाइट आगंतुक,1.0,16
hindi,वॉच,वॉच,1.0,1
hindi,वॉलेट,वॉलेट,1.0,1
hindi,शयेर,शयेर,1.0,1
hindi,शानदार पेशकश,शानदार पेशकश,1.0,6
hindi,शानदार सौदा,शानदार सौदा,1.0,6
hindi,संकट,संकट,1.0,12
hindi,संकोच मत करो,संकोच मत करो,1.25,5
hindi,संकोच मत करो!,संकोच मत करो!,1.25,5
hindi,संत रामपाल,संत रामपाल,1.0,13
hindi,संदेश,संदेश,1.0,10
hindi,सब कुछ बंद,सब कुछ बंद,1.25,11
hindi,सबसे कम दर,सबसे कम दर,1.25,9
hindi,सबसे कम दाम,सबसे कम दाम,1.25,9
hindi,सबसे कम बीमा दर,सबसे कम बीमा दर,1.25,9
hindi,सर तन से,सर तन से,1.25,13
hindi,से कमाओ,से कमाओ,1.0,5
hindi,सेवा,सेवा,1.0,14
hindi,सोते सोते चूकना,सोते सोते चूकना,1.25,14
hindi,सोना,सोना,1.0,7
hindi,सौदा,सौदा,1.0,4
hindi,सौदा तोड़ने वाला,सौदा तोड़ने वाला,1.25,4
hindi,हर कोई इसे कर सकता है,हर कोई इसे कर सकता है,1.25,5
kannada,0.99,0.99,1.0,1
kannada,0.999,0.999,1.0,1
kannada,100%,100%,1.0,1
kannada,1nvest0r,1nvest0r,1.0,1
kannada,atm,atm,1.0,1
kannada,b1tc0in,b1tc0in,1.0,1
kannada,bitc0in,bitc0in,1.0,2
kannada,btc,btc,1.0,2
kannada,covid,covid,1.0,4
kannada,flipkart,flipkart,1.0,5
kannada,fnb,fnb,1.0,5
kannada,paytm,paytm,1.0,11
kannada,rekoo,rekoo,1.0,12
kannada,t.me,t.me,1.0,14
kannada,whatsapp,whatsapp,1.5,15
kannada,xxx,xxx,1.0,16
kannada,ಅಂಕ,ಅಂಕ,1.0,13
kannada,ಕುಟುಂಬ,ಕುಟುಂಬ,1.0,8
kannada,ದರ,ದರ,1.0,12
kannada,ಧನ,ಧನ,1.0,4
kannada,ನಗದು,ನಗದು,1.0,3
kannada,ನಗದು ನಗದು,ನಗದು ನಗದು,1.0,3
kannada,ಬಹು ದೂರ,ಬಹು ದೂರ,1.0,8
kannada,ರೂ,ರೂ,1.0,13
kannada,ರೂ.,ರೂ.,1.0,13
kannada,ರೂಪ,ರೂಪ,1.0,6
kannada,ಹಣ,ಹಣ,1.0,9
kannada,ಹಣ 💰,ಹಣ 💰,1.0,9
marathi,$ कमवा,$ कमवा,1.0,4
marathi,$ करा,$ करा,1.0,9
marathi,$ वाचवा,$ वाचवा,1.0,13
marathi,% समाधानी,% समाधानी,1.0,1
marathi,0% धोका,0% धोका,1.0,1
marathi,0.99,0.99,1.0,1
marathi,0.999,0.999,1.0,1
marathi,1 गुंतवणूकदार,1 गुंतवणूकदार,1.0,1
marathi,100%,100%,1.0,1
marathi,100% पैसे परत,100% पैसे परत,1.25,1
marathi,100% मोफत,100% मोफत,1.0,1
marathi,100% समाधान,100% समाधान,1.0,1
marathi,100% सूट,100% सूट,1.0,1
marathi,1nvest0r,1nvest0r,1.0,1
marathi,50% सूट,50% सूट,1.0,1
marathi,absa बँक,absa बँक,1.0,1
marathi,amazon,amazon,1.0,1
marathi,b1tc0in,b1tc0in,1.0,1
marathi,binance,binance,1.0,2
marathi,bitc0in,bitc0in,1.0,2
marathi,cialis,cialis,1.0,3
marathi,eth3rium,eth3rium,1.0,5
marathi,fnb,fnb,1.0,5
marathi,kamao,kamao,1.0,8
marathi,paypal,paypal,1.0,11
marathi,paytm,paytm,1.0,11
marathi,rekoo,rekoo,1.0,12
marathi,seo,seo,1.0,13
marathi,seo साधने,seo साधने,1.0,13
marathi,tன.me,tன.me,1.0,14
marathi,vicodin,vicodin,1.5,15
marathi,vip,vip,1.0,15
marathi,whatsapp,whatsapp,1.5,15
marathi,अचूक कॉपी करा,अचूक कॉपी करा,1.25,3
marathi,अधीन,अधीन,1.0,14
marathi,अनुसरण करा,अनुसरण करा,1.0,5
marathi,अिजबात संकोच क,अिजबात संकोच क,1.25,4
marathi,अ◌ॅप,अ◌ॅप,1.0,1
marathi,आजच करा,आजच करा,1.0,4
marathi,आता करा,आता करा,1.0,4
marathi,आता कॉल करा,आता कॉल करा,1.25,2
marathi,आता कॉल करा!,आता कॉल करा!,1.25,2
marathi,आता जतन करा,आता जतन करा,1.25,13
marathi,आता त ेघे,आता त ेघे,1.25,6
marathi,आता दावा करा,आता दावा करा,1.25,3
marathi,इंटरनेट बाजार,इंटरनेट बाजार,1.0,8
marathi,उपचार,उपचार,1.0,4
marathi,उलट,उलट,1.0,12
marathi,उलटते,उलटते,1.0,12
marathi,एकावेळी,एकावेळी,1.0,11
marathi,एमएलएम,एमएलएम,1.0,9
marathi,ऑनलाइन तुलना क,ऑनलाइन तुलना क,1.25,3
marathi,ऑनलाइन पदवी,ऑनलाइन पदवी,1.0,11
marathi,ऑनलाइन पैसे कम,ऑनलाइन पैसे कम,1.25,9
marathi,ऑफर,ऑफर,1.0,10
marathi,कडून संदेश,कडून संदेश,1.0,9
marathi,कमवा,कमवा,1.0,4
marathi,कमाई,कमाई,1.0,5
marathi,करार,करार,1.0,4
marathi,काढणे,काढणे,1.0,12
marathi,काढून टाकते,काढून टाकते,1.0,12
marathi,कामना,कामना,1.0,8
marathi,कायदेशीर सूचना,कायदेशीर सूचना,1.0,8
marathi,कारवाई,कारवाई,1.0,14
marathi,कुटुंब अ◌ॅप,कुटुंब अ◌ॅप,1.0,8
marathi,कुटूंब,कुटूंब,1.0,8
marathi,कूपन देते,कूपन देते,1.0,10
marathi,कृपया,कृपया,1.0,11
marathi,कृपया उघडा,कृपया उघडा,1.0,11
marathi,कृपया वाचा,कृपया वाचा,1.0,11
marathi,खाटा,खाटा,1.0,8
marathi,खाटे,खाटे,1.0,8
marathi,खाती,खाती,1.0,1
marathi,खूप,खूप,1.0,6
marathi,खूप उशीर,खूप उशीर,1.0,14
marathi,गंभीर,गंभीर,1.0,13
marathi,गंभीर ऑफर,गंभीर ऑफर,1.0,13
marathi,गहाण,गहाण,1.0,10
marathi,गहाण दर,गहाण दर,1.0,10
marathi,गुंतवणूक,गुंतवणूक,1.0,8
marathi,गुंतवणूक अ◌ॅप,गुंतवणूक अ◌ॅप,1.0,8
marathi,गुंतवणूक0r,गुंतवणूक0r,1.0,8
marathi,गोपनीय,गोपनीय,1.0,3
marathi,घर गहाण,घर गहाण,1.0,7
marathi,घरगुती,घरगुती,1.0,7
marathi,घोरणे,घोरणे,1.0,13
marathi,चलन,चलन,1.0,4
marathi,चाचणी,चाचणी,1.0,14
marathi,चॅनल,चॅनल,1.0,3
marathi,चेक जमा केला,चेक जमा केला,1.25,3
marathi,जंक,जंक,1.0,8
marathi,जगभर,जगभर,1.0,13
marathi,जतन करा,जतन करा,1.0,13
marathi,जलद,जलद,1.0,5
marathi,जलद कमवा,जलद कमवा,1.0,4
marathi,जलद पैसा,जलद पैसा,1.0,5
marathi,जलद वजन कमी क,जलद वजन कमी क,1.25,8
marathi,जुगार,जुगार,1.0,6
marathi,झटपट कमाई,झटपट कमाई,1.0,7
marathi,टाइमशअे र,टाइमशअे र,1.0,14
marathi,ठेव,ठेव,1.0,4
marathi,तपासा,तपासा,1.0,3
marathi,तातडीचे,तातडीचे,1.0,15
marathi,तुमचा गहाण दर क,तुमचा गहाण दर क,1.25,9
marathi,तुला काय ठेवत आह,तुला काय ठेवत आह,1.25,15
marathi,तुला नाकारले आहे,तुला नाकारले आहे,1.25,7
marathi,तुला वचन देतो,तुला वचन देतो,1.25,12
marathi,तू कशाची वाट बघत,तू कशाची वाट बघत,1.25,15
marathi,थेट ईमेल,थेट ईमेल,1.0,4
marathi,दकु ानदार,दकु ानदार,1.0,13
marathi,दर,दर,1.0,12
marathi,दरमहा कमवा,दरमहा कमवा,1.0,5
marathi,दरांची तुलना करा,दरांची तुलना करा,1.25,3
marathi,दावा,दावा,1.0,3
marathi,देणे,देणे,1.0,6
marathi,दोनदा वाचा,दोनदा वाचा,1.0,12
marathi,धन,धन,1.0,4
marathi,नपुंसकता,नपुंसकता,1.0,7
marathi,नमुना,नमुना,1.0,13
marathi,परवडणारा सौदा,परवडणारा सौदा,1.0,1
marathi,पहा,पहा,1.0,12
marathi,पाठपुरावा करा,पाठपुरावा करा,1.0,5
marathi,पालनात पाठवले,पालनात पाठवले,1.0,13
marathi,पेआउट,पेआउट,1.0,11
marathi,पैसे,पैसे,1.0,2
marathi,पैसे कमावणे,पैसे कमावणे,1.0,9
marathi,पैसे काढणे,पैसे काढणे,1.0,3
marathi,पैसे जलद,पैसे जलद,1.0,9
marathi,पैसे परत,पैसे परत,1.0,9
marathi,पैसे वाचवा,पैसे वाचवा,1.0,13
marathi,पैसे 💰,पैसे 💰,1.0,9
marathi,पैसेे कमवणे,पैसेे कमवणे,1.0,9
marathi,फुकट!,फुकट!,1.0,6
marathi,फोन,फोन,1.0,11
marathi,फोन नंबर,फोन नंबर,1.0,11
marathi,बंद,बंद,1.0,1
marathi,बंद करा,बंद करा,1.0,3
marathi,बचत,बचत,1.0,13
marathi,बापू,बापू,1.0,2
marathi,बोनस,बोनस,1.0,2
marathi,बोनस जमा केला,बोनस जमा केला,1.25,2
marathi,मला भेट,मला भेट,1.0,9
marathi,मला मदत करा,मला मदत करा,1.25,7
marathi,मला सावध कर,मला सावध कर,1.25,1
marathi,महान,महान,1.0,6
marathi,मोठे करणे,मोठे करणे,1.0,5
marathi,मोठे पैसे,मोठे पैसे,1.0,2
marathi,मोठे पैसे वाचवा,मोठे पैसे वाचवा,1.25,13
marathi,मोफत अनुदान पैसे,मोफत अनुदान पैसे,1.25,6
marathi,मोफत आयफोन,मोफत आयफोन,1.0,6
marathi,मोफत ईबुक डाउनल,मोफत ईबुक डाउनल,1.25,6
marathi,मोफत गुंतवणूक,मोफत गुंतवणूक,1.0,6
marathi,मोफत देते,मोफत देते,1.0,10
marathi,मोफत पैसे,मोफत पैसे,1.0,6
marathi,मोफत बोनस,मोफत बोनस,1.0,6
marathi,मोफत भेट,मोफत भेट,1.0,6
marathi,मोफत लॅपटॉप,मोफत लॅपटॉप,1.0,6
marathi,मोफत सेल फोन,मोफत सेल फोन,1.25,6
marathi,मोबाईल नंबर,मोबाईल नंबर,1.0,9
marathi,यश,यश,1.0,14
marathi,योजना,योजना,1.0,13
marathi,रस कमी होणे,रस कमी होणे,1.25,5
marathi,राशी,राशी,1.0,12
marathi,रोख कमवा,रोख कमवा,1.0,4
marathi,लगेच,लगेच,1.0,7
marathi,लगेच मागवणे,लगेच मागवणे,1.0,11
marathi,लपलेले,लपलेले,1.0,7
marathi,लवकर कर,लवकर कर,1.0,7
marathi,लांबो,लांबो,1.0,8
marathi,वजन कमी,वजन कमी,1.0,8
marathi,वजन कमी होणे,वजन कमी होणे,1.25,15
marathi,वेगळे केले,वेगळे केले,1.0,13
marathi,वेळ वाया घालवू नक,वेळ वाया घालवू नक,1.25,4
marathi,शवेटची संधी,शवेटची संधी,1.0,8
marathi,शोध इंिजन,शोध इंिजन,1.0,13
marathi,शोध इंिजन सूची,शोध इंिजन सूची,1.25,13
marathi,संत रामपाल,संत रामपाल,1.0,13
marathi,संधी,संधी,1.0,11
marathi,समाधानाची हमी,समाधानाची हमी,1.0,13
marathi,साइन अप करा,साइन अप करा,1.25,13
marathi,साइनअप,साइनअप,1.0,13
marathi,साठा,साठा,1.0,14
marathi,सामील होणे,सामील होणे,1.0,8
marathi,सार तन से,सार तन से,1.25,13
marathi,सोडुन दे,सोडुन दे,1.0,6
marathi,सोने,सोने,1.0,6
marathi,सौदा,सौदा,1.0,2
marathi,सौदा तोडणारा,सौदा तोडणारा,1.0,4
marathi,हटवू नका,हटवू नका,1.0,4
marathi,हमी ठेव,हमी ठेव,1.0,7
marathi,हमी देते,हमी देते,1.0,7
marathi,हा ईमेल उघडा!,हा ईमेल उघडा!,1.25,11
marathi,हे दोनदा वाचा,हे दोनदा वाचा,1.25,12
marathi,िजंकणे,िजंकणे,1.0,15
marathi,िजंकले,िजंकले,1.0,15
marathi,ாह?मी,ாह?मी,1.0,7
marathi,ంudhar,ంudhar,1.0,15
marathi,ంईमेल कापणी,ంईमेल कापणी,1.0,5
marathi,ంसवलत,ంसवलत,1.0,4
marathi,ణरोजची कमाई,ణरोजची कमाई,1.0,4
marathi,తमంोफत रोख,తमంोफत रोख,1.0,6
marathi,నsubscribe kare,నsubscribe kare,1.0,14
marathi,యकంमी दर,యकంमी दर,1.0,9
marathi,€ वाचवा,€ वाचवा,1.0,13
punjabi,$ ਕਮਾਓ,$ ਕਮਾਓ,1.0,4
punjabi,$ ਬਚਾਓ,$ ਬਚਾਓ,1.0,13
punjabi,$ ਬਣਾਉ,$ ਬਣਾਉ,1.0,9
punjabi,0% ਜੋਖਮ,0% ਜੋਖਮ,1.0,1
punjabi,0.99,0.99,1.0,1
punjabi,0.999,0.999,1.0,1
punjabi,100%,100%,1.0,1
punjabi,100% ਛੋਟ,100% ਛੋਟ,1.0,1
punjabi,100% ਪੈਸੇ ਵਾਪਸ,100% ਪੈਸੇ ਵਾਪਸ,1.25,1
punjabi,100% ਮੁਫ਼ਤ,100% ਮੁਫ਼ਤ,1.0,1
punjabi,100% ਹੋਰ,100% ਹੋਰ,1.0,1
punjabi,1nvest0r,1nvest0r,1.0,1
punjabi,50% ਦੀ ਛੋਟ,50% ਦੀ ਛੋਟ,1.25,1
punjabi,amazon,amazon,1.0,1
punjabi,atm,atm,1.0,1
punjabi,b1tc0in,b1tc0in,1.0,2
punjabi,binance,binance,1.0,2
punjabi,bitc0in,bitc0in,1.0,2
punjabi,bitcon,bitcon,1.0,2
punjabi,cashcashcash,cashcashcash,1.0,3
punjabi,cialis,cialis,1.0,3
punjabi,cryptocurrency,cryptocurrency,1.5,4
punjabi,cutie,cutie,1.0,4
punjabi,dm,dm,1.0,4
punjabi,eth3rium,eth3rium,1.0,5
punjabi,flipkart,flipkart,1.0,5
punjabi,fnb,fnb,1.0,5
punjabi,forex,forex,1.0,5
punjabi,inaam,inaam,1.0,7
punjabi,inam,inam,1.0,7
punjabi,kamao,kamao,1.0,8
punjabi,levitra,levitra,1.0,8
punjabi,paypal,paypal,1.0,11
punjabi,paytm,paytm,1.0,11
punjabi,prozac,prozac,1.0,12
punjabi,rekoo,rekoo,1.0,12
punjabi,s ુંબubધંs cકrરibોe kare,s ુંબubધંs cકrરibોe kare,1.25,14
punjabi,slut,slut,1.0,13
punjabi,udhar,udhar,1.0,15
punjabi,viagra ਿਡਲੀਵਰੀ,viagra ਿਡਲੀਵਰੀ,1.5,15
punjabi,vicodin,vicodin,1.5,15
punjabi,wa.me,wa.me,1.0,15
punjabi,x ਸਮੂਹ ਐਸਐਸਸੀ,x ਸਮੂਹ ਐਸਐਸਸੀ,1.25,16
punjabi,xanax,xanax,1.5,16
punjabi,xxx,xxx,1.0,16
punjabi,£ ਵੱਧ ਦਾਨ,£ ਵੱਧ ਦਾਨ,1.25,4
punjabi,নk aকmৰকaane,নk aকmৰকaane,1.0,8
punjabi,সਬমਕহূਾਇਆ ਮੱੁਲ,সਬমਕহূਾਇਆ ਮੱੁਲ,1.0,11
punjabi,িতਿਬੱਲ,িতਿਬੱਲ,1.0,2
punjabi,ਅਣਚਾਹੇ,ਅਣਚਾਹੇ,1.0,15
punjabi,ਅਣਜਾਣ,ਅਣਜਾਣ,1.0,15
punjabi,ਅਮਰੀਕੀ ਡਾਲਰ,ਅਮਰੀਕੀ ਡਾਲਰ,1.0,15
punjabi,ਅਮੀਰ,ਅਮੀਰ,1.0,13
punjabi,ਅਮੀਰ ਬਣੋ,ਅਮੀਰ ਬਣੋ,1.0,6
punjabi,ਅਰਬ,ਅਰਬ,1.0,2
punjabi,ਅਰਬ ਡਾਲਰ,ਅਰਬ ਡਾਲਰ,1.0,2
punjabi,ਅਰਬਪਤੀ,ਅਰਬਪਤੀ,1.0,2
punjabi,ਅਸਲੀ ਗੱਲ,ਅਸਲੀ ਗੱਲ,1.0,12
punjabi,ਅਸੀਮਤ,ਅਸੀਮਤ,1.0,15
punjabi,ਅਸੁਰੱਿਖਅਤ ਕਰਜ਼ਾ,ਅਸੁਰੱਿਖਅਤ ਕਰਜ਼ਾ,1.0,15
punjabi,ਅੰਤਮ ਕਾਲ,ਅੰਤਮ ਕਾਲ,1.0,5
punjabi,ਅੰਤਮ ਹੈਰਾਨੀ ਉਤਪਾਦ,ਅੰਤਮ ਹੈਰਾਨੀ ਉਤਪਾਦ,1.25,15
punjabi,ਅੱਜ ਆਰਡਰ ਕਰੋ,ਅੱਜ ਆਰਡਰ ਕਰੋ,1.25,11
punjabi,ਅੱਜ ਖਰੀਦੋ,ਅੱਜ ਖਰੀਦੋ,1.0,2
punjabi,ਅੱਜ ਬੇਨਤੀ ਕਰੋ,ਅੱਜ ਬੇਨਤੀ ਕਰੋ,1.25,13
punjabi,ਅੱਜ ਮੁਫ਼ਤ ਸਾਈਨ ਅੱਪ ਕਰੋ,ਅੱਜ ਮੁਫ਼ਤ ਸਾਈਨ ਅੱਪ ਕਰੋ,1.25,13
punjabi,ਅੱਜ ਮੁੜਿਵੱਤੀ,ਅੱਜ ਮੁੜਿਵੱਤੀ,1.0,12
punjabi,ਅੱਜ ਹੀ ਕਰੋ,ਅੱਜ ਹੀ ਕਰੋ,1.25,4
punjabi,ਆਖਰੀ ਮੌਕਾ,ਆਖਰੀ ਮੌਕਾ,1.0,8
punjabi,ਆਖਰੀ ਿਦਨ,ਆਖਰੀ ਿਦਨ,1.0,8
punjabi,ਆਜ਼ਾਦੀ,ਆਜ਼ਾਦੀ,1.0,6
punjabi,ਆਨਲਾਈਨ ਆਮਦਨ,ਆਨਲਾਈਨ ਆਮਦਨ,1.0,11
punjabi,ਆਨਲਾਈਨ ਨੌਕਰੀ,ਆਨਲਾਈਨ ਨੌਕਰੀ,1.0,11
punjabi,ਆਨਲਾਈਨ ਪੈਸੇ ਕਮਾਓ,ਆਨਲਾਈਨ ਪੈਸੇ ਕਮਾਓ,1.25,9
punjabi,ਆਨਲਾਈਨ ਮਾਰਕੀਿਟੰਗ,ਆਨਲਾਈਨ ਮਾਰਕੀਿਟੰਗ,1.0,11
punjabi,ਆਨਲਾਈਨ ਿਡਗਰੀ,ਆਨਲਾਈਨ ਿਡਗਰੀ,1.0,11
punjabi,ਆਪਣੀ ਛੋਟ ਦਾ ਦਾਅਵਾ ਕਰੋ,ਆਪਣੀ ਛੋਟ ਦਾ ਦਾਅਵਾ ਕਰੋ,1.25,3
punjabi,ਆਪਣੀ ਮੌਰਗੇਜ ਦਰ ਘਟਾਓ,ਆਪਣੀ ਮੌਰਗੇਜ ਦਰ ਘਟਾਓ,1.25,9
punjabi,ਆਪਣੀ ਿਵਕਰੀ ਵਧਾਓ,ਆਪਣੀ ਿਵਕਰੀ ਵਧਾਓ,1.25,7
punjabi,ਆਪਣੇ ਇਨਾਮ ਦਾ ਦਾਅਵਾ ਕਰੋ,ਆਪਣੇ ਇਨਾਮ ਦਾ ਦਾਅਵਾ ਕਰੋ,1.25,3
punjabi,ਆਪਣੇ ਕਰਜ਼ੇ ਦੀ ਤੁਰੰਤ ਵਸੂਲੀ ਕਰੋ,ਆਪਣੇ ਕਰਜ਼ੇ ਦੀ ਤੁਰੰਤ ਵਸੂਲੀ ਕਰੋ,1.25,12
punjabi,ਆਪਣੇ ਕਰਜ਼ੇ ਦੀ ਵਸੂਲੀ ਕਰੋ,ਆਪਣੇ ਕਰਜ਼ੇ ਦੀ ਵਸੂਲੀ ਕਰੋ,1.25,12
punjabi,ਆਪਣੇ ਕਰਜ਼ੇ ਨੰੂ ਇਕਸਾਰ ਕਰੋ,ਆਪਣੇ ਕਰਜ਼ੇ ਨੰੂ ਇਕਸਾਰ ਕਰੋ,1.25,3
punjabi,ਆਪਣੇ ਕਾਰੋਬਾਰ ਲਈ ਮੁਕਾਬਲਾ ਕਰੋ,ਆਪਣੇ ਕਾਰੋਬਾਰ ਲਈ ਮੁਕਾਬਲਾ ਕਰੋ,1.25,3
punjabi,ਆਪਣੇ ਖੁਦ ਦੇ ਬੌਸ ਬਣੋ,ਆਪਣੇ ਖੁਦ ਦੇ ਬੌਸ ਬਣੋ,1.25,2
punjabi,ਆਪਣੇ ਨਕਦ ਨੰੂ ਦੱੁਗਣਾ,ਆਪਣੇ ਨਕਦ ਨੰੂ ਦੱੁਗਣਾ,1.25,4
punjabi,ਆਪਣੇ ਲਈ ਵੇਖੋ,ਆਪਣੇ ਲਈ ਵੇਖੋ,1.25,13
punjabi,ਆਮਦਨ,ਆਮਦਨ,1.0,7
punjabi,ਆਮਦਨ ਿਵੱਚ ਵਾਧਾ,ਆਮਦਨ ਿਵੱਚ ਵਾਧਾ,1.25,7
punjabi,ਆਰਡਰ,ਆਰਡਰ,1.0,11
punjabi,ਆਰਡਰ ਦੇ ਰੂਪ ਿਵੱਚ ਡਾਕ,ਆਰਡਰ ਦੇ ਰੂਪ ਿਵੱਚ ਡਾਕ,1.25,9
punjabi,ਆਰਡਰ ਸਿਥਤੀ,ਆਰਡਰ ਸਿਥਤੀ,1.0,11
punjabi,ਆਵਾਜਾਈ,ਆਵਾਜਾਈ,1.0,15
punjabi,ਆਵਾਜਾਈ ਵਧਾਓ,ਆਵਾਜਾਈ ਵਧਾਓ,1.0,7
punjabi,ਆਸਾਨ ਆਮਦਨ,ਆਸਾਨ ਆਮਦਨ,1.0,5
punjabi,ਆા ંએਨકਲવਾਈારਨ,ਆા ંએਨકਲવਾਈારਨ,1.0,11
punjabi,ਇਨਾਮ,ਇਨਾਮ,1.0,12
punjabi,ਇਮੋਜੀ,ਇਮੋਜੀ,1.0,5
punjabi,ਇਸ ਨੰੂ ਦੂਰ ਿਦਓ,ਇਸ ਨੰੂ ਦੂਰ ਿਦਓ,1.25,6
punjabi,ਇਸ ਨੰੂ ਦੇਣ,ਇਸ ਨੰੂ ਦੇਣ,1.25,6
punjabi,ਇਸ ਨੰੂ ਹੁਣ ਕਰੋ,ਇਸ ਨੰੂ ਹੁਣ ਕਰੋ,1.25,4
punjabi,ਇਸਨੰੂ ਦੂਰ ਕਰੋ,ਇਸਨੰੂ ਦੂਰ ਕਰੋ,1.25,6
punjabi,ਇੰਸਟਾਲ ਕਰੋ,ਇੰਸਟਾਲ ਕਰੋ,1.0,7
punjabi,ਇੱਕ ਜੀਵਨ ਸਾਥੀ ਦੇ ਨੁਕਸਾਨ ਦਾ ਦੱੁਖ,ਇੱਕ ਜੀਵਨ ਸਾਥੀ ਦੇ ਨੁਕਸਾਨ ਦਾ ਦੱੁਖ,1.25,14
punjabi,ਇੱਕ ਵਾਧੂ ਬਚਾਓ,ਇੱਕ ਵਾਧੂ ਬਚਾਓ,1.25,13
punjabi,ਇੱਕ ਵਾਰ,ਇੱਕ ਵਾਰ,1.0,11
punjabi,ਇੱਕ ਵਾਰ ਇੱਕ ਜੀਵਨ ਕਾਲ ਿਵੱਚ,ਇੱਕ ਵਾਰ ਇੱਕ ਜੀਵਨ ਕਾਲ ਿਵੱਚ,1.25,11
punjabi,ਇੱਕ ਵਾਰ ਮੇਿਲੰਗ,ਇੱਕ ਵਾਰ ਮੇਿਲੰਗ,1.25,11
punjabi,ਇੱਕ ਿਰਪੋਰਟ ਆਰਡਰ ਕਰੋ,ਇੱਕ ਿਰਪੋਰਟ ਆਰਡਰ ਕਰੋ,1.25,11
punjabi,ਇੱਕ-ਵਾਰ ਮੇਿਲੰਗ,ਇੱਕ-ਵਾਰ ਮੇਿਲੰਗ,1.0,11
punjabi,ਇੱਥੇ ਲਾਗੂ ਕਰੋ,ਇੱਥੇ ਲਾਗੂ ਕਰੋ,1.25,1
punjabi,ਇੱਥੇ ਿਲੰਕ 'ਤੇ ਕਿਲੱਕ ਕਰੋ,ਇੱਥੇ ਿਲੰਕ 'ਤੇ ਕਿਲੱਕ ਕਰੋ,1.25,3
punjabi,ਇકરਸો ਿਲੰਕ 'ਤੇ ਕਿਲੱਕ ਕਰੋ,ਇકરਸો ਿਲੰਕ 'ਤੇ ਕਿਲੱਕ ਕਰੋ,1.25,3
punjabi,ਈ-ਕਾਮਰਸ,ਈ-ਕਾਮਰਸ,1.0,5
punjabi,ਈਥਰੀਅਮ,ਈਥਰੀਅਮ,1.0,5
punjabi,ਈਮੇਲ ਐਕਸਟਰੈਕਟ ਕਰੋ,ਈਮੇਲ ਐਕਸਟਰੈਕਟ ਕਰੋ,1.25,5
punjabi,ਈਮੇਲ ਐਕਸਟਰੈਕਟਰ,ਈਮੇਲ ਐਕਸਟਰੈਕਟਰ,1.0,5
punjabi,ਈਮੇਲ ਮਾਰਕੀਿਟੰਗ,ਈਮੇਲ ਮਾਰਕੀਿਟੰਗ,1.0,5
punjabi,ਈਮੇਲ ਵਾਢੀ,ਈਮੇਲ ਵਾਢੀ,1.0,5
punjabi,ਉਡੀਕ ਨਾ ਕਰੋ,ਉਡੀਕ ਨਾ ਕਰੋ,1.25,4
punjabi,ਉਲਟਾ,ਉਲਟਾ,1.0,13
punjabi,ਉਲਟਾ ਕਰਦਾ ਹੈ,ਉਲਟਾ ਕਰਦਾ ਹੈ,1.25,13
punjabi,ਐਪ,ਐਪ,1.0,1
punjabi,ਐਪਸ,ਐਪਸ,1.0,1
punjabi,ਐਫੀਲੀਏਟ ਮਾਰਕੀਿਟੰਗ,ਐਫੀਲੀਏਟ ਮਾਰਕੀਿਟੰਗ,1.0,1
punjabi,ਐਸਈਓ ਟੂਲ,ਐਸਈਓ ਟੂਲ,1.0,13
punjabi,ਐਸਈਓ ਰਾਜ਼,ਐਸਈਓ ਰਾਜ਼,1.0,13
punjabi,ਔਨਲਾਈਨ ਆਰਡਰ ਕਰੋ,ਔਨਲਾਈਨ ਆਰਡਰ ਕਰੋ,1.25,11
punjabi,ਕਬੀਰ,ਕਬੀਰ,1.0,8
punjabi,ਕਮਾਉਣ ਦੀ ਉਮੀਦ,ਕਮਾਉਣ ਦੀ ਉਮੀਦ,1.25,5
punjabi,ਕਮਾਓ,ਕਮਾਓ,1.0,4
punjabi,ਕਮਾਨਾ,ਕਮਾਨਾ,1.0,8
punjabi,ਕਰਜ਼ਾ,ਕਰਜ਼ਾ,1.0,4
punjabi,ਕਰਜ਼ਾ ਘਟਾਓ,ਕਰਜ਼ਾ ਘਟਾਓ,1.0,12
punjabi,ਕਰਜ਼ੇ,ਕਰਜ਼ੇ,1.0,8
punjabi,ਕਰਜ਼ੇ ਨੰੂ ਇਕੱਠਾ ਕਰੋ,ਕਰਜ਼ੇ ਨੰੂ ਇਕੱਠਾ ਕਰੋ,1.25,3
punjabi,ਕਰਜ਼ੇ ਨੰੂ ਖਤਮ,ਕਰਜ਼ੇ ਨੰੂ ਖਤਮ,1.25,5
punjabi,ਕਰੇਿਡਟ ਕਾਰਡ,ਕਰੇਿਡਟ ਕਾਰਡ,1.0,4
punjabi,ਕਰੋੜਪਤੀ,ਕਰੋੜਪਤੀ,1.0,9
punjabi,ਕਾਨੰੂਨ ਦੇ ਅਨੁਸਾਰ,ਕਾਨੰੂਨ ਦੇ ਅਨੁਸਾਰ,1.25,7
punjabi,ਕਾਰਪੋਰੇਟ,ਕਾਰਪੋਰੇਟ,1.0,3
punjabi,ਕਾਰਵਾਈ ਦੀ ਲੋੜ ਹੈ,ਕਾਰਵਾਈ ਦੀ ਲੋੜ ਹੈ,1.25,1
punjabi,ਕਾਰੋਬਾਰ,ਕਾਰੋਬਾਰ,1.0,2
punjabi,ਕਾਰੋਬਾਰ ਦੀ ਸਫਲਤਾ,ਕਾਰੋਬਾਰ ਦੀ ਸਫਲਤਾ,1.25,2
punjabi,ਕਾਲ ਮੁਫ਼ਤ,ਕਾਲ ਮੁਫ਼ਤ,1.0,2
punjabi,ਕੀ ਸਾਡੇ ਕੋਲ ਇੱਕ ਿਮੰਟ ਹੈ,ਕੀ ਸਾਡੇ ਕੋਲ ਇੱਕ ਿਮੰਟ ਹੈ,1.25,2
punjabi,ਕੀਮਤ,ਕੀਮਤ,1.0,12
punjabi,ਕੀਮਤ ਸੁਰੱਿਖਆ,ਕੀਮਤ ਸੁਰੱਿਖਆ,1.0,12
punjabi,ਕੁਝ ਬੌਬ,ਕੁਝ ਬੌਬ,1.0,1
punjabi,ਕੁਟੰਬ,ਕੁਟੰਬ,1.0,8
punjabi,ਕੁਟੰਬ ਐਪ,ਕੁਟੰਬ ਐਪ,1.0,8
punjabi,ਕੁੜੀਆਂ ਨੰੂ ਿਮਲੋ,ਕੁੜੀਆਂ ਨੰੂ ਿਮਲੋ,1.25,9
punjabi,ਕੇਬਲ ਕਨਵਰਟਰ,ਕੇਬਲ ਕਨਵਰਟਰ,1.0,2
punjabi,ਕੋਿਵਡ,ਕੋਿਵਡ,1.0,4
punjabi,ਕકરੋਡો,ਕકરੋਡો,1.0,3
punjabi,ਖਟਾ,ਖਟਾ,1.0,8
punjabi,ਖਰੀਦ,ਖਰੀਦ,1.0,12
punjabi,ਖਰੀਦ ਆਰਡਰ,ਖਰੀਦ ਆਰਡਰ,1.0,12
punjabi,ਖਰੀਦਣਾ,ਖਰੀਦਣਾ,1.0,2
punjabi,ਖਰੀਦਦਾਰ ਦੁਆਰਾ ਭੇਜੇ ਗਏ ਆਰਡਰ,ਖਰੀਦਦਾਰ ਦੁਆਰਾ ਭੇਜੇ ਗਏ ਆਰਡਰ,1.25,11
punjabi,ਖਰੀਦਦਾਰੀ,ਖਰੀਦਦਾਰੀ,1.0,13
punjabi,ਖਾਤੇ,ਖਾਤੇ,1.0,1
punjabi,ਖਾਸ ਮੌਕਾ,ਖਾਸ ਮੌਕਾ,1.0,14
punjabi,ਖੇਡ ਦੀ ਦੁਕਾਨ,ਖੇਡ ਦੀ ਦੁਕਾਨ,1.25,11
punjabi,ਖੋਜ ਇੰਜਣ,ਖੋਜ ਇੰਜਣ,1.0,13
punjabi,ਖੋਜ ਇੰਜਣ ਸੂਚੀ,ਖੋਜ ਇੰਜਣ ਸੂਚੀ,1.25,13
punjabi,ਖੱੁਲਾ,ਖੱੁਲਾ,1.0,11
punjabi,ਗਰਮ,ਗਰਮ,1.0,7
punjabi,ਗਰਮ ਬੱਚੇ,ਗਰਮ ਬੱਚੇ,1.0,7
punjabi,ਗਾਰੰਟੀ,ਗਾਰੰਟੀ,1.0,7
punjabi,ਗਾਰੰਟੀ ਿਦੰਦਾ ਹੈ,ਗਾਰੰਟੀ ਿਦੰਦਾ ਹੈ,1.25,7
punjabi,ਗਾਹਕੀ ਰੱਦ ਕਰੋ,ਗਾਹਕੀ ਰੱਦ ਕਰੋ,1.25,15
punjabi,ਗੁਪਤ ਕੋਡ,ਗੁਪਤ ਕੋਡ,1.0,13
punjabi,ਗੁਪਤ ਸੰਪਤੀਆਂ,ਗੁਪਤ ਸੰਪਤੀਆਂ,1.0,7
punjabi,ਗੰਜੇਪਨ ਨੰੂ ਠੀਕ ਕਰਦਾ ਹੈ,ਗੰਜੇਪਨ ਨੰੂ ਠੀਕ ਕਰਦਾ ਹੈ,1.25,4
punjabi,ਗੰਭੀਰ,ਗੰਭੀਰ,1.0,13
punjabi,ਗੰਭੀਰ ਨਕਦ,ਗੰਭੀਰ ਨਕਦ,1.0,13
punjabi,ਗੰੁਝਲਦਾਰ,ਗੰੁਝਲਦਾਰ,1.0,8
punjabi,ਗણੁਪી ਤકરો,ਗણੁਪી ਤકરો,1.0,3
punjabi,ਘਟਦੀ ਿਦਲਚਸਪੀ,ਘਟਦੀ ਿਦਲਚਸਪੀ,1.0,5
punjabi,ਘਰ ਅਧਾਰਤ ਕਾਰੋਬਾਰ,ਘਰ ਅਧਾਰਤ ਕਾਰੋਬਾਰ,1.25,7
punjabi,ਘਰ ਅਧਾਿਰਤ,ਘਰ ਅਧਾਿਰਤ,1.0,7
punjabi,ਘਰ ਮੌਰਗੇਜ,ਘਰ ਮੌਰਗੇਜ,1.0,7
punjabi,ਘਰ ਿਵੱਚ ਪੈਸੇ,ਘਰ ਿਵੱਚ ਪੈਸੇ,1.25,9
punjabi,ਘਰ-ਅਧਾਿਰਤ,ਘਰ-ਅਧਾਿਰਤ,1.0,7
punjabi,ਘਰੇਲੂ ਕਾਰੋਬਾਰ,ਘਰੇਲੂ ਕਾਰੋਬਾਰ,1.0,7
punjabi,ਘਰੇਲੂ ਮੁੜਿਵੱਤੀ,ਘਰੇਲੂ ਮੁੜਿਵੱਤੀ,1.0,7
punjabi,ਘਰੇਲੂ ਰੁਜ਼ਗਾਰ,ਘਰੇਲੂ ਰੁਜ਼ਗਾਰ,1.0,7
punjabi,ਘੁਰਾਿੜਆਂ ਨੰੂ ਰੋਕਦਾ ਹੈ,ਘੁਰਾਿੜਆਂ ਨੰੂ ਰੋਕਦਾ ਹੈ,1.25,14
punjabi,ਘੁਰਾੜੇ,ਘੁਰਾੜੇ,1.0,14
punjabi,ਘੁਰਾੜੇ ਬੰਦ ਕਰੋ,ਘੁਰਾੜੇ ਬੰਦ ਕਰੋ,1.25,14
punjabi,ਘੱਟ ਮਹੀਨਾਵਾਰ ਭੁਗਤਾਨ,ਘੱਟ ਮਹੀਨਾਵਾਰ ਭੁਗਤਾਨ,1.25,9
punjabi,ਘੱਟ ਿਵਆਜ,ਘੱਟ ਿਵਆਜ,1.0,9
punjabi,ਘੱਟ ਿਵਆਜ ਦਰ,ਘੱਟ ਿਵਆਜ ਦਰ,1.25,9
punjabi,ਘੱਟੋ-ਘੱਟ,ਘੱਟੋ-ਘੱਟ,1.0,9
punjabi,ਚਮਤਕਾਰ,ਚਮਤਕਾਰ,1.0,9
punjabi,ਚਲਾਨ,ਚਲਾਨ,1.0,8
punjabi,ਚੁਣੋ,ਚੁਣੋ,1.0,11
punjabi,ਚੈਕ,ਚੈਕ,1.0,3
punjabi,ਚੋਟੀ ਦੇ ਜ਼ਰੂਰੀ,ਚੋਟੀ ਦੇ ਜ਼ਰੂਰੀ,1.25,14
punjabi,ਚੋਣ ਕਰੋ,ਚੋਣ ਕਰੋ,1.0,11
punjabi,ਚੰੁਗੀ ਮੱੁਕਤ,ਚੰੁਗੀ ਮੱੁਕਤ,1.0,14
punjabi,ਛੋਟ,ਛੋਟ,1.0,4
punjabi,ਛੱੁਟੀ,ਛੱੁਟੀ,1.0,15
punjabi,ਜਲਦੀ ਕਰੋ,ਜਲਦੀ ਕਰੋ,1.0,7
punjabi,ਜਲਦੀ ਹੀ ਿਮਆਦ ਪੱੁਗ ਰਹੀ ਹੈ,ਜਲਦੀ ਹੀ ਿਮਆਦ ਪੱੁਗ ਰਹੀ ਹੈ,1.25,5
punjabi,ਜ਼ਰੂਰੀ,ਜ਼ਰੂਰੀ,1.0,15
punjabi,ਜੀਵਨ ਕਾਲ,ਜੀਵਨ ਕਾਲ,1.0,8
punjabi,ਜੀਵਨ ਕਾਲ ਿਵੱਚ ਇੱਕ ਵਾਰ,ਜੀਵਨ ਕਾਲ ਿਵੱਚ ਇੱਕ ਵਾਰ,1.25,11
punjabi,ਜੀਵਨ ਬੀਮਾ,ਜੀਵਨ ਬੀਮਾ,1.0,8
punjabi,ਜੀਵਨ ਭਰ ਦਾ ਸੌਦਾ,ਜੀਵਨ ਭਰ ਦਾ ਸੌਦਾ,1.25,8
punjabi,ਜੀਵਨ ਭਰ ਪਹੰੁਚ,ਜੀਵਨ ਭਰ ਪਹੰੁਚ,1.25,8
punjabi,ਜੁੜੋ,ਜੁੜੋ,1.0,8
punjabi,ਜੂਆ,ਜੂਆ,1.0,6
punjabi,ਜੈਕਪਾਟ,ਜੈਕਪਾਟ,1.0,8
punjabi,ਜੋਖਮ ਮੁਕਤ,ਜੋਖਮ ਮੁਕਤ,1.0,13
punjabi,ਜੋਖਮ-ਮੁਕਤ,ਜੋਖਮ-ਮੁਕਤ,1.0,13
punjabi,ਜછੀેਵਨ ਭਰ ਦੇ ਸੌਦੇ ਿਵੱਚ ਇੱਕ ਵਾਰ,ਜછੀેਵਨ ਭਰ ਦੇ ਸੌਦੇ ਿਵੱਚ ਇੱਕ ਵਾਰ,1.25,11
punjabi,ਝੁਰੜੀਆਂ ਨੰੂ ਦੂਰ ਕਰਦਾ ਹੈ,ਝੁਰੜੀਆਂ ਨੰੂ ਦੂਰ ਕਰਦਾ ਹੈ,1.25,12
punjabi,ਡਾਇਗਨੌਸਿਟਕ,ਡਾਇਗਨੌਸਿਟਕ,1.0,4
punjabi,ਡਾਊਨਲੋਡ ਕਰਨ ਲਈ ਮੈਨੰੂ ਕਿਲੱਕ ਕਰੋ,ਡਾਊਨਲੋਡ ਕਰਨ ਲਈ ਮੈਨੰੂ ਕਿਲੱਕ ਕਰੋ,1.25,3
punjabi,ਡਾਲਰ,ਡਾਲਰ,1.0,4
punjabi,ਡੀਵੀਡੀ ਦੀ ਨਕਲ ਕਰੋ,ਡੀਵੀਡੀ ਦੀ ਨਕਲ ਕਰੋ,1.25,3
punjabi,ਡੇਿਟੰਗ ਸਾਈਟ,ਡੇਿਟੰਗ ਸਾਈਟ,1.0,4
punjabi,ਤਤਕਾਲ ਅਦਾਇਗੀ,ਤਤਕਾਲ ਅਦਾਇਗੀ,1.0,4
punjabi,ਤਰਜੀਹੀ ਮੇਲ,ਤਰਜੀਹੀ ਮੇਲ,1.0,12
punjabi,ਤਰਜੀਹੀ ਮੇਲ ਦੁਆਰਾ ਭੇਜੇ ਗਏ ਆਰਡਰ,ਤਰਜੀਹੀ ਮੇਲ ਦੁਆਰਾ ਭੇਜੇ ਗਏ ਆਰਡਰ,1.25,11
punjabi,ਤੁਰੰਤ,ਤੁਰੰਤ,1.0,7
punjabi,ਤੁਰੰਤ ਆਮਦਨ,ਤੁਰੰਤ ਆਮਦਨ,1.0,7
punjabi,ਤੁਰੰਤ ਕਢਵਾਉਣਾ,ਤੁਰੰਤ ਕਢਵਾਉਣਾ,1.0,7
punjabi,ਤੁਰੰਤ ਕਮਾਈ,ਤੁਰੰਤ ਕਮਾਈ,1.0,7
punjabi,ਤੁਰੰਤ ਕਾਰਵਾਈ ਕਰੋ,ਤੁਰੰਤ ਕਾਰਵਾਈ ਕਰੋ,1.25,1
punjabi,ਤੁਰੰਤ ਨਕਦ,ਤੁਰੰਤ ਨਕਦ,1.0,7
punjabi,ਤੁਰੰਤ ਪਹੰੁਚ ਲਈ,ਤੁਰੰਤ ਪਹੰੁਚ ਲਈ,1.25,5
punjabi,ਤੁਰੰਤ ਭਾਰ ਘਟਾਉਣਾ,ਤੁਰੰਤ ਭਾਰ ਘਟਾਉਣਾ,1.25,7
punjabi,ਤੁਰੰਤ ਿਡਲੀਵਰੀ,ਤੁਰੰਤ ਿਡਲੀਵਰੀ,1.0,7
punjabi,ਤੁਲਨਾ ਕਰੋ,ਤੁਲਨਾ ਕਰੋ,1.0,3
punjabi,ਤੁਹਾਡਾ ਇਨਾਮ,ਤੁਹਾਡਾ ਇਨਾਮ,1.0,16
punjabi,ਤੁਹਾਡੀ ਆਮਦਨ,ਤੁਹਾਡੀ ਆਮਦਨ,1.0,16
punjabi,ਤੁਹਾਡੀ ਿਵਆਜ ਦਰ ਨੰੂ ਘਟਾਓ,ਤੁਹਾਡੀ ਿਵਆਜ ਦਰ ਨੰੂ ਘਟਾਓ,1.25,12
punjabi,ਤੁਹਾਡੇ ਆਰਡਰ ਨਾਲ ਸਮੱਿਸਆ,ਤੁਹਾਡੇ ਆਰਡਰ ਨਾਲ ਸਮੱਿਸਆ,1.25,12
punjabi,ਤੁਹਾਡੇ ਦੱੁਗਣੇ,ਤੁਹਾਡੇ ਦੱੁਗਣੇ,1.0,4
punjabi,ਤੁਹਾਡੇ ਲਈ,ਤੁਹਾਡੇ ਲਈ,1.0,5
punjabi,ਤੁਹਾਡੇ ਲਈ ਖਾਸ,ਤੁਹਾਡੇ ਲਈ ਖਾਸ,1.25,14
punjabi,ਤੁਹਾਨੰੂ ਚੁਿਣਆ ਿਗਆ ਹੈ,ਤੁਹਾਨੰੂ ਚੁਿਣਆ ਿਗਆ ਹੈ,1.25,16
punjabi,ਤੁਹਾਨੰੂ ਚੁਿਣਆ ਿਗਆ ਹੈ!,ਤੁਹਾਨੰੂ ਚੁਿਣਆ ਿਗਆ ਹੈ!,1.25,16
punjabi,ਤੇ ਦੇਿਖਆ,ਤੇ ਦੇਿਖਆ,1.0,13
punjabi,ਤੇ ਦੇਿਖਆ ਿਗਆ ਹੈ,ਤੇ ਦੇਿਖਆ ਿਗਆ ਹੈ,1.25,1
punjabi,ਤੇਜ਼,ਤੇਜ਼,1.0,5
punjabi,ਤੇਜ਼ ਨਕਦ,ਤੇਜ਼ ਨਕਦ,1.0,5
punjabi,ਤੇਜ਼ ਪੈਸਾ,ਤੇਜ਼ ਪੈਸਾ,1.0,5
punjabi,ਤੇਜ਼ ਿਵਅਗਰਾ ਿਡਲੀਵਰੀ,ਤੇਜ਼ ਿਵਅਗਰਾ ਿਡਲੀਵਰੀ,1.25,5
punjabi,ਤੋਹਫ਼ਾ ਸਰਟੀਿਫਕੇਟ,ਤੋਹਫ਼ਾ ਸਰਟੀਿਫਕੇਟ,1.0,6
punjabi,ਤੱਕ ਕਮਾਈ,ਤੱਕ ਕਮਾਈ,1.0,5
punjabi,ਤધંੇਜ਼ੀ ਨਾਲ ਭਾਰ ਘਟਾਉਣਾ,ਤધંੇਜ਼ੀ ਨਾਲ ਭਾਰ ਘਟਾਉਣਾ,1.25,8
punjabi,ਤનਰાੱમਕોੀ,ਤનਰાੱમਕોੀ,1.0,12
punjabi,ਥੋਕ,ਥੋਕ,1.0,2
punjabi,ਦਰ,ਦਰ,1.0,12
punjabi,ਦਵਾਈ,ਦਵਾਈ,1.0,9
punjabi,ਦਾ ਹਵਾਲਾ ਿਦਓ,ਦਾ ਹਵਾਲਾ ਿਦਓ,1.25,12
punjabi,ਦਾਅਵਾ,ਦਾਅਵਾ,1.0,3
punjabi,ਦੀ ਪਾਲਣਾ ਕਰੋ,ਦੀ ਪਾਲਣਾ ਕਰੋ,1.25,5
punjabi,ਦੀ ਰਕਮ,ਦੀ ਰਕਮ,1.0,1
punjabi,ਦੀਵਾਲੀਆਪਨ,ਦੀਵਾਲੀਆਪਨ,1.0,2
punjabi,ਦੁਆਰਾ ਭੇਜੇ ਗਏ ਆਰਡਰ,ਦੁਆਰਾ ਭੇਜੇ ਗਏ ਆਰਡਰ,1.25,11
punjabi,ਦੁਕਾਨਦਾਰ,ਦੁਕਾਨਦਾਰ,1.0,13
punjabi,ਦੁਨੀਆ ਭਰ ਿਵੱਚ,ਦੁਨੀਆ ਭਰ ਿਵੱਚ,1.25,13
punjabi,ਦੇ ਦੇਓ,ਦੇ ਦੇਓ,1.0,6
punjabi,ਦੇਣ,ਦੇਣ,1.0,6
punjabi,ਧਾਰਾ 301,ਧਾਰਾ 301,1.0,13
punjabi,ਧੰਨ,ਧੰਨ,1.0,4
punjabi,ਨਕਦ,ਨਕਦ,1.0,3
punjabi,ਨਕਦ ਕਮਾਓ,ਨਕਦ ਕਮਾਓ,1.0,4
punjabi,ਨਕਦ ਕਾਰਡ ਸਵੀਕਾਰ ਕਰੋ,ਨਕਦ ਕਾਰਡ ਸਵੀਕਾਰ ਕਰੋ,1.25,1
punjabi,ਨਕਦ ਦੇ ਅਧੀਨ,ਨਕਦ ਦੇ ਅਧੀਨ,1.25,14
punjabi,ਨਕਦ ਬਾਹਰ,ਨਕਦ ਬਾਹਰ,1.0,3
punjabi,ਨਕਦ ਬੋਨਸ,ਨਕਦ ਬੋਨਸ,1.0,3
punjabi,ਨਕਦ ਰਿਹਤ,ਨਕਦ ਰਿਹਤ,1.0,3
punjabi,ਨਪੰੁਸਕਤਾ,ਨਪੰੁਸਕਤਾ,1.0,7
punjabi,ਨਮੂਨਾ,ਨਮੂਨਾ,1.0,13
punjabi,ਨਾ-ਘਪਲੇ,ਨਾ-ਘਪਲੇ,1.0,10
punjabi,ਨੌਕਰੀ ਦੀ ਚੇਤਾਵਨੀ,ਨੌਕਰੀ ਦੀ ਚੇਤਾਵਨੀ,1.25,8
punjabi,ਨੰਬਰ 1,ਨੰਬਰ 1,1.0,10
punjabi,ਨੰਬਰ ਇਕ,ਨੰਬਰ ਇਕ,1.0,10
punjabi,ਨੰਬਰ ਕਰਦੇ ਹਨ,ਨੰਬਰ ਕਰਦੇ ਹਨ,1.25,10
punjabi,ਨੰੂ ਵੱਖਰਾ ਜਵਾਬ,ਨੰੂ ਵੱਖਰਾ ਜਵਾਬ,1.25,4
punjabi,ਨરਗਨ,ਨરਗਨ,1.0,10
punjabi,ਪਤੀ ਅਤੇ ਪਤਨੀ,ਪਤੀ ਅਤੇ ਪਤਨੀ,1.25,7
punjabi,ਪਹੰੁਚ,ਪਹੰੁਚ,1.0,1
punjabi,ਪਾਸਵਰਡ,ਪਾਸਵਰਡ,1.0,11
punjabi,ਪਿਰਪੱਕ,ਪਿਰਪੱਕ,1.0,9
punjabi,ਪੁਰਸਕਾਰ ਦਫ਼ਤਰ,ਪੁਰਸਕਾਰ ਦਫ਼ਤਰ,1.0,2
punjabi,ਪੂਰੀ ਿਰਫੰਡ,ਪੂਰੀ ਿਰਫੰਡ,1.0,6
punjabi,ਪੈਸਾ,ਪੈਸਾ,1.0,9
punjabi,ਪੈਸਾ ਬਣਾਉਣਾ,ਪੈਸਾ ਬਣਾਉਣਾ,1.0,9
punjabi,ਪੈਸਾ 💰,ਪੈਸਾ 💰,1.0,9
punjabi,ਪੈਸੇ ਇੱਕ ਿਦਨ,ਪੈਸੇ ਇੱਕ ਿਦਨ,1.25,11
punjabi,ਪੈਸੇ ਕਮਾਉਣੇ,ਪੈਸੇ ਕਮਾਉਣੇ,1.0,9
punjabi,ਪੈਸੇ ਕਮਾਓ,ਪੈਸੇ ਕਮਾਓ,1.0,5
punjabi,ਪੈਸੇ ਤੇਜ਼,ਪੈਸੇ ਤੇਜ਼,1.0,9
punjabi,ਪੈਸੇ ਬਚਾਓ,ਪੈਸੇ ਬਚਾਓ,1.0,13
punjabi,ਪੈਸੇ ਵਾਪਸ,ਪੈਸੇ ਵਾਪਸ,1.0,9
punjabi,ਪੈਸੇ ਵਾਪਸ ਕਰਨ ਦੀ ਗਰੰਟੀ,ਪੈਸੇ ਵਾਪਸ ਕਰਨ ਦੀ ਗਰੰਟੀ,1.25,9
punjabi,ਪੋਰਨ,ਪੋਰਨ,1.0,12
punjabi,ਪੰੁਜ ਈਮੇਲ,ਪੰੁਜ ਈਮੇਲ,1.0,9
punjabi,ਫ਼ੋਨ,ਫ਼ੋਨ,1.0,11
punjabi,ਫਾਰਮ,ਫਾਰਮ,1.0,5
punjabi,ਫਾਰਮਾਿਸਊਟੀਕਲ,ਫਾਰਮਾਿਸਊਟੀਕਲ,1.0,11
punjabi,ਫੋਨ ਨੰਬਰ,ਫੋਨ ਨੰਬਰ,1.0,11
punjabi,ਫੰਡ,ਫੰਡ,1.0,6
punjabi,ਫੰਡਰੇਜ਼ਰ,ਫੰਡਰੇਜ਼ਰ,1.0,6
punjabi,ਬਕ ਤਬਾਦਲਾ,ਬਕ ਤਬਾਦਲਾ,1.0,2
punjabi,ਬਕਸ,ਬਕਸ,1.0,2
punjabi,ਬਕਾਇਆ ਰਕਮ,ਬਕਾਇਆ ਰਕਮ,1.0,11
punjabi,ਬਚਤ,ਬਚਤ,1.0,13
punjabi,ਬਚਾਓ,ਬਚਾਓ,1.0,13
punjabi,ਬਟੂਆ,ਬਟੂਆ,1.0,15
punjabi,ਬਲਕ ਈਮੇਲ,ਬਲਕ ਈਮੇਲ,1.0,2
punjabi,ਬਲੌਗ,ਬਲੌਗ,1.0,2
punjabi,ਬਲੌਿਗੰਗ ਸਫਲਤਾ,ਬਲੌਿਗੰਗ ਸਫਲਤਾ,1.0,2
punjabi,ਬਹੁ-ਪੱਧਰੀ ਮਾਰਕੀਿਟੰਗ,ਬਹੁ-ਪੱਧਰੀ ਮਾਰਕੀਿਟੰਗ,1.0,10
punjabi,ਬਹੁਤ ਘੱਟ ਕੀਤਾ,ਬਹੁਤ ਘੱਟ ਕੀਤਾ,1.25,4
punjabi,ਬਹੁਤ ਦੇਰ ਹੋ ਚੱੁਕੀ ਹੈ,ਬਹੁਤ ਦੇਰ ਹੋ ਚੱੁਕੀ ਹੈ,1.25,14
punjabi,ਬਹੁਤ ਵੱਡਾ ਸੌਦਾ,ਬਹੁਤ ਵੱਡਾ ਸੌਦਾ,1.25,6
punjabi,ਬਹੁਤ ਸਸਤੇ,ਬਹੁਤ ਸਸਤੇ,1.0,15
punjabi,ਬਾਈਨਰੀ,ਬਾਈਨਰੀ,1.0,2
punjabi,ਬਾਪੂ,ਬਾਪੂ,1.0,2
punjabi,ਬਾਰੇ,ਬਾਰੇ,1.0,12
punjabi,ਬਾਲ ਸਹਾਇਤਾ ਇਕੱਠੀ ਕਰੋ,ਬਾਲ ਸਹਾਇਤਾ ਇਕੱਠੀ ਕਰੋ,1.25,3
punjabi,ਬਾਹਰ ਕੱਡਣਾ,ਬਾਹਰ ਕੱਡਣਾ,1.0,11
punjabi,ਬੀਟੀਸੀ,ਬੀਟੀਸੀ,1.0,2
punjabi,ਬੀਮਾ ਭਾਰ ਘਟਾਉਣਾ,ਬੀਮਾ ਭਾਰ ਘਟਾਉਣਾ,1.25,7
punjabi,ਬੇਦਾਅਵਾ,ਬੇਦਾਅਵਾ,1.0,4
punjabi,ਬੋਨਸ,ਬੋਨਸ,1.0,2
punjabi,ਬੰਦ,ਬੰਦ,1.0,1
punjabi,ਭਾਰ ਘਟਾਉਣਾ,ਭਾਰ ਘਟਾਉਣਾ,1.0,15
punjabi,ਭਾਰ ਘਟਾਓ,ਭਾਰ ਘਟਾਓ,1.0,8
punjabi,ਭਾਰ ਸਪੈਮ ਗੁਆ,ਭਾਰ ਸਪੈਮ ਗੁਆ,1.25,8
punjabi,ਭੁਗਤਾਨ,ਭੁਗਤਾਨ,1.0,11
punjabi,ਭੁਗਤਾਨ ਐਪ,ਭੁਗਤਾਨ ਐਪ,1.0,11
punjabi,ਭੁਗਤਾਨ ਕਰਨ ਲਈ ਿਬੱਲ,ਭੁਗਤਾਨ ਕਰਨ ਲਈ ਿਬੱਲ,1.25,2
punjabi,ਮਜ਼ਬੂਤ ਖਰੀਦ,ਮਜ਼ਬੂਤ ਖਰੀਦ,1.0,14
punjabi,ਮਨੀ ਆਰਡਰ,ਮਨੀ ਆਰਡਰ,1.0,9
punjabi,ਮਨੱੁਖੀ ਿਵਕਾਸ ਹਾਰਮੋਨ,ਮਨੱੁਖੀ ਿਵਕਾਸ ਹਾਰਮੋਨ,1.25,7
punjabi,ਮਹਾਨ,ਮਹਾਨ,1.0,6
punjabi,ਮਹੀਨਾਵਾਰ ਕਮਾਈ ਕਰੋ,ਮਹੀਨਾਵਾਰ ਕਮਾਈ ਕਰੋ,1.25,5
punjabi,ਮਹੀਨਾਵਾਰ ਭੁਗਤਾਨ,ਮਹੀਨਾਵਾਰ ਭੁਗਤਾਨ,1.0,10
punjabi,ਮਹੱਤਵਪੂਰਨ ਜਾਣਕਾਰੀ,ਮਹੱਤਵਪੂਰਨ ਜਾਣਕਾਰੀ,1.0,7
punjabi,ਮਹੱਤਵਪੂਰਨ ਸੂਚਨਾ,ਮਹੱਤਵਪੂਰਨ ਸੂਚਨਾ,1.0,7
punjabi,ਮਾਤਰਾ ਸੀਮਤ ਹੈ,ਮਾਤਰਾ ਸੀਮਤ ਹੈ,1.25,12
punjabi,ਮਾਰਕੀਿਟੰਗ ਸਫਲਤਾ,ਮਾਰਕੀਿਟੰਗ ਸਫਲਤਾ,1.0,9
punjabi,ਮਾਰਕੀਿਟੰਗ ਹੱਲ,ਮਾਰਕੀਿਟੰਗ ਹੱਲ,1.0,9
punjabi,ਮਾਲੀਆ ਵਧਾਓ,ਮਾਲੀਆ ਵਧਾਓ,1.0,7
punjabi,ਮਾਸਟਰਕਾਰਡ,ਮਾਸਟਰਕਾਰਡ,1.0,9
punjabi,ਮੁਕਾਬਲਾ,ਮੁਕਾਬਲਾ,1.0,3
punjabi,ਮੁਕਾਬਲੇ,ਮੁਕਾਬਲੇ,1.0,3
punjabi,ਮੁਕੱਦਮਾ,ਮੁਕੱਦਮਾ,1.0,15
punjabi,ਮੁਦਰਾ,ਮੁਦਰਾ,1.0,4
punjabi,ਮੁਫਤ ਤਰਜੀਹੀ ਮੇਲ,ਮੁਫਤ ਤਰਜੀਹੀ ਮੇਲ,1.25,6
punjabi,ਮੁਫਤ ਮੈਕਬੱੁਕ,ਮੁਫਤ ਮੈਕਬੱੁਕ,1.0,6
punjabi,ਮੁਫਤ ਿਵੱਚ,ਮੁਫਤ ਿਵੱਚ,1.0,5
punjabi,ਮੁਫ਼ਤ,ਮੁਫ਼ਤ,1.0,5
punjabi,ਮੁਫ਼ਤ ਅਤੇ ਮੁਫ਼ਤ,ਮੁਫ਼ਤ ਅਤੇ ਮੁਫ਼ਤ,1.25,6
punjabi,ਮੁਫ਼ਤ ਆਈਫੋਨ,ਮੁਫ਼ਤ ਆਈਫੋਨ,1.0,6
punjabi,ਮੁਫ਼ਤ ਈਬੁਕ ਡਾਊਨਲੋਡ,ਮੁਫ਼ਤ ਈਬੁਕ ਡਾਊਨਲੋਡ,1.25,6
punjabi,ਮੁਫ਼ਤ ਕਾਲ,ਮੁਫ਼ਤ ਕਾਲ,1.0,6
punjabi,ਮੁਫ਼ਤ ਖੋਜ ਇੰਜਣ ਸੂਚੀ,ਮੁਫ਼ਤ ਖੋਜ ਇੰਜਣ ਸੂਚੀ,1.25,6
punjabi,ਮੁਫ਼ਤ ਜਾਣਕਾਰੀ,ਮੁਫ਼ਤ ਜਾਣਕਾਰੀ,1.0,6
punjabi,ਮੁਫ਼ਤ ਝਲਕ,ਮੁਫ਼ਤ ਝਲਕ,1.0,6
punjabi,ਮੁਫ਼ਤ ਡੀਵੀਡੀ,ਮੁਫ਼ਤ ਡੀਵੀਡੀ,1.0,6
punjabi,ਮੁਫ਼ਤ ਤੁਰੰਤ,ਮੁਫ਼ਤ ਤੁਰੰਤ,1.0,6
punjabi,ਮੁਫ਼ਤ ਤੋਹਫ਼ੇ,ਮੁਫ਼ਤ ਤੋਹਫ਼ੇ,1.0,6
punjabi,ਮੁਫ਼ਤ ਨਕਦ,ਮੁਫ਼ਤ ਨਕਦ,1.0,6
punjabi,ਮੁਫ਼ਤ ਨਮੂਨਾ,ਮੁਫ਼ਤ ਨਮੂਨਾ,1.0,6
punjabi,ਮੁਫ਼ਤ ਪਹੰੁਚ,ਮੁਫ਼ਤ ਪਹੰੁਚ,1.0,6
punjabi,ਮੁਫ਼ਤ ਪੈਸੇ,ਮੁਫ਼ਤ ਪੈਸੇ,1.0,6
punjabi,ਮੁਫ਼ਤ ਬੋਨਸ,ਮੁਫ਼ਤ ਬੋਨਸ,1.0,6
punjabi,ਮੁਫ਼ਤ ਲਈ ਪਹੰੁਚ,ਮੁਫ਼ਤ ਲਈ ਪਹੰੁਚ,1.25,1
punjabi,ਮੁਫ਼ਤ ਲੀਡ,ਮੁਫ਼ਤ ਲੀਡ,1.0,6
punjabi,ਮੁਫ਼ਤ ਲੈਪਟਾਪ,ਮੁਫ਼ਤ ਲੈਪਟਾਪ,1.0,6
punjabi,ਮੁਫ਼ਤ ਸਦੱਸਤਾ,ਮੁਫ਼ਤ ਸਦੱਸਤਾ,1.0,6
punjabi,ਮੁਫ਼ਤ ਸਾਈਨ ਅੱਪ ਕਰੋ,ਮੁਫ਼ਤ ਸਾਈਨ ਅੱਪ ਕਰੋ,1.25,13
punjabi,ਮੁਫ਼ਤ ਹਵਾਲਾ,ਮੁਫ਼ਤ ਹਵਾਲਾ,1.0,6
punjabi,ਮੁਫ਼ਤ ਹੋਸਿਟੰਗ,ਮੁਫ਼ਤ ਹੋਸਿਟੰਗ,1.0,6
punjabi,ਮੁਫ਼ਤ!,ਮੁਫ਼ਤ!,1.0,6
punjabi,ਮੁੜਿਵੱਤੀ ਘਰ,ਮੁੜਿਵੱਤੀ ਘਰ,1.0,12
punjabi,ਮੇਰਾ ਸਮਰਥਨ ਕਰੋ,ਮੇਰਾ ਸਮਰਥਨ ਕਰੋ,1.25,14
punjabi,ਮੇਰੀ ਮਦਦ ਕਰੋ,ਮੇਰੀ ਮਦਦ ਕਰੋ,1.25,7
punjabi,ਮੇਰੇ ਨਾਲ ਸੰਪਰਕ ਕਰੋ,ਮੇਰੇ ਨਾਲ ਸੰਪਰਕ ਕਰੋ,1.25,3
punjabi,ਮੇਰੇ ਿਪੱਛੇ ਆਓ,ਮੇਰੇ ਿਪੱਛੇ ਆਓ,1.25,5
punjabi,ਮੈਡੀਕਲ,ਮੈਡੀਕਲ,1.0,9
punjabi,ਮੈਨੰੂ ਈਮੇਲ ਕਰਨਾ ਬੰਦ ਕਰੋ,ਮੈਨੰੂ ਈਮੇਲ ਕਰਨਾ ਬੰਦ ਕਰੋ,1.25,14
punjabi,ਮੈਨੰੂ ਕਾਲ ਕਰਨਾ ਬੰਦ ਕਰੋ,ਮੈਨੰੂ ਕਾਲ ਕਰਨਾ ਬੰਦ ਕਰੋ,1.25,14
punjabi,ਮੈਨੰੂ ਕਾਲ ਕਰੋ,ਮੈਨੰੂ ਕਾਲ ਕਰੋ,1.25,2
punjabi,ਮੈਨੰੂ ਚੇਤਾਵਨੀ ਿਦਓ,ਮੈਨੰੂ ਚੇਤਾਵਨੀ ਿਦਓ,1.25,1
punjabi,ਮੈਨੰੂ ਿਮਲੋ,ਮੈਨੰੂ ਿਮਲੋ,1.0,9
punjabi,ਮੋਬਾਇਲ ਨੰਬਰ,ਮੋਬਾਇਲ ਨੰਬਰ,1.0,9
punjabi,ਮੌਕਾ,ਮੌਕਾ,1.0,11
punjabi,ਮੌਰਗੇਜ,ਮੌਰਗੇਜ,1.0,10
punjabi,ਮੌਰਗੇਜ ਦਰ,ਮੌਰਗੇਜ ਦਰ,1.0,10
punjabi,ਮੱਧਮ,ਮੱਧਮ,1.0,9
punjabi,ਮઓੇਰફੀ રਰੂਹ ਦੇ ਸਾਥੀ ਨੰੂ ਲੱਭ ਿਰਹਾ ਹੈ,ਮઓੇਰફੀ રਰੂਹ ਦੇ ਸਾਥੀ ਨੰੂ ਲੱਭ ਿਰਹਾ ਹੈ,1.25,8
punjabi,ਯੂਰੋ,ਯੂਰੋ,1.0,5
punjabi,ਰੀਮਾਈਡਂਰ,ਰੀਮਾਈਡਂਰ,1.0,12
punjabi,ਰੁਪਏ,ਰੁਪਏ,1.0,13
punjabi,ਰੈਫਰਲ,ਰੈਫਰਲ,1.0,12
punjabi,ਰੋਜ਼ਾਨਾ ਦੀ ਕਮਾਈ,ਰੋਜ਼ਾਨਾ ਦੀ ਕਮਾਈ,1.25,4
punjabi,ਰੋਲੈਕਸ,ਰੋਲੈਕਸ,1.0,13
punjabi,ਰકੱરਦશ ਕો?ਰੋ,ਰકੱરਦશ ਕો?ਰੋ,1.0,2
punjabi,ਲਗਜ਼ਰੀ ਕਾਰ,ਲਗਜ਼ਰੀ ਕਾਰ,1.0,9
punjabi,ਲਾਗਤ,ਲਾਗਤ,1.0,3
punjabi,ਲਾਭ,ਲਾਭ,1.0,12
punjabi,ਲਾਭਪਾਤਰੀ,ਲਾਭਪਾਤਰੀ,1.0,2
punjabi,ਲੁਕੇ ਹੋਏ ਖਰਚੇ,ਲੁਕੇ ਹੋਏ ਖਰਚੇ,1.25,7
punjabi,ਲੁਿਕਆ ਹੋਇਆ,ਲੁਿਕਆ ਹੋਇਆ,1.0,7
punjabi,ਲੰਬੀ ਦੂਰੀ,ਲੰਬੀ ਦੂਰੀ,1.0,8
punjabi,ਲੰਬੀ ਦੂਰੀ ਦਾ ਫ਼ੋਨ ਨੰਬਰ,ਲੰਬੀ ਦੂਰੀ ਦਾ ਫ਼ੋਨ ਨੰਬਰ,1.25,8
punjabi,ਲੰਬੋ,ਲੰਬੋ,1.0,8
punjabi,ਲકਾરਭો ਕਮਾਓ,ਲકਾરਭો ਕਮਾਓ,1.0,9
punjabi,ਵਧਾਈਆਂ,ਵਧਾਈਆਂ,1.0,3
punjabi,ਵਧੀਆ ਕੀਮਤ,ਵਧੀਆ ਕੀਮਤ,1.0,2
punjabi,ਵਧੀਆ ਦਰ,ਵਧੀਆ ਦਰ,1.0,2
punjabi,ਵਧੀਆ ਸੌਦਾ,ਵਧੀਆ ਸੌਦਾ,1.0,2
punjabi,ਵਪਾਰ,ਵਪਾਰ,1.0,15
punjabi,ਵਪਾਰੀ,ਵਪਾਰੀ,1.0,14
punjabi,ਵਸਤੂ ਸੂਚੀ ਿਵੱਚ ਕਮੀ,ਵਸਤੂ ਸੂਚੀ ਿਵੱਚ ਕਮੀ,1.25,8
punjabi,ਵਾਊਚਰ,ਵਾਊਚਰ,1.0,15
punjabi,ਵਾਧੂ ਆਮਦਨ,ਵਾਧੂ ਆਮਦਨ,1.0,1
punjabi,ਵਾਧੂ ਨਕਦ,ਵਾਧੂ ਨਕਦ,1.0,5
punjabi,ਵਾਧੂ ਨਕਦ ਕਮਾਓ,ਵਾਧੂ ਨਕਦ ਕਮਾਓ,1.25,4
punjabi,ਵਾਧੂ ਪੈਸੇ,ਵਾਧੂ ਪੈਸੇ,1.0,1
punjabi,ਵਾਪਸੀ,ਵਾਪਸੀ,1.0,13
punjabi,ਵਾਰੰਟੀ,ਵਾਰੰਟੀ,1.0,15
punjabi,ਵਾਰੰਟੀ ਦੀ ਿਮਆਦ ਪੱੁਗ ਗਈ,ਵਾਰੰਟੀ ਦੀ ਿਮਆਦ ਪੱੁਗ ਗਈ,1.25,15
punjabi,ਵੀਆਈਪੀ,ਵੀਆਈਪੀ,1.0,15
punjabi,ਵੀਆਗਰਾ,ਵੀਆਗਰਾ,1.0,15
punjabi,ਵੀਜ਼ਾ,ਵੀਜ਼ਾ,1.0,15
punjabi,ਵੇਰਵੇ,ਵੇਰਵੇ,1.0,4
punjabi,ਵੈਲੀਅਮ,ਵੈਲੀਅਮ,1.0,15
punjabi,ਵੱਖ ਕੀਤਾ,ਵੱਖ ਕੀਤਾ,1.0,13
punjabi,ਵੱਡਾ ਕਰੋ,ਵੱਡਾ ਕਰੋ,1.0,5
punjabi,ਵੱਡਾ ਮਹੀਨਾ ਬਚਾਓ,ਵੱਡਾ ਮਹੀਨਾ ਬਚਾਓ,1.25,13
punjabi,ਵੱਡੀ ਛੂਟ,ਵੱਡੀ ਛੂਟ,1.0,7
punjabi,ਵੱਡੀ ਰਕਮ,ਵੱਡੀ ਰਕਮ,1.0,2
punjabi,ਵੱਡੇ ਪੈਸੇ ਬਚਾਓ,ਵੱਡੇ ਪੈਸੇ ਬਚਾਓ,1.25,13
punjabi,ਵੱਡੇ ਬਚਾਓ,ਵੱਡੇ ਬਚਾਓ,1.0,13
punjabi,ਸਕੀਮ,ਸਕੀਮ,1.0,13
punjabi,ਸਟਾਕ,ਸਟਾਕ,1.0,14
punjabi,ਸਟਾਕ ਚੇਤਾਵਨੀ,ਸਟਾਕ ਚੇਤਾਵਨੀ,1.0,14
punjabi,ਸਟਾਕ ਚੋਣ,ਸਟਾਕ ਚੋਣ,1.0,14
punjabi,ਸਟਾਕ ਦੀ ਚੋਣ,ਸਟਾਕ ਦੀ ਚੋਣ,1.25,14
punjabi,ਸਟਾਕ ਬੇਦਾਅਵਾ ਿਬਆਨ,ਸਟਾਕ ਬੇਦਾਅਵਾ ਿਬਆਨ,1.25,14
punjabi,ਸਟੇਨਲੇਸ ਸਟੀਲ,ਸਟੇਨਲੇਸ ਸਟੀਲ,1.0,14
punjabi,ਸਤਸੰਗ,ਸਤਸੰਗ,1.0,13
punjabi,ਸਦੱਸ ਸਮੱਗਰੀ,ਸਦੱਸ ਸਮੱਗਰੀ,1.0,9
punjabi,ਸਪਲਾਈ,ਸਪਲਾਈ,1.0,14
punjabi,ਸਪਲਾਈ ਸੀਮਤ ਹਨ,ਸਪਲਾਈ ਸੀਮਤ ਹਨ,1.25,14
punjabi,ਸਪੈਮ ਮੁਕਤ,ਸਪੈਮ ਮੁਕਤ,1.0,14
punjabi,ਸਫਲਤਾ,ਸਫਲਤਾ,1.0,14
punjabi,ਸਭ ਕੁਝ ਬੰਦ,ਸਭ ਕੁਝ ਬੰਦ,1.25,10
punjabi,ਸਭ-ਕੁਦਰਤੀ,ਸਭ-ਕੁਦਰਤੀ,1.0,1
punjabi,ਸਮਾਰਟ ਵਪਾਰ,ਸਮਾਰਟ ਵਪਾਰ,1.0,14
punjabi,ਸਮਾਰਟਫੋਨ,ਸਮਾਰਟਫੋਨ,1.0,13
punjabi,ਸਮੰੁਦਰੀ ਿਕਨਾਰੇ,ਸਮੰੁਦਰੀ ਿਕਨਾਰੇ,1.0,11
punjabi,ਸਮੱਗਰੀ ਮਾਰਕੀਿਟੰਗ,ਸਮੱਗਰੀ ਮਾਰਕੀਿਟੰਗ,1.0,3
punjabi,ਸਮੱਿਸਆ,ਸਮੱਿਸਆ,1.0,12
punjabi,ਸਰ ਤਨ ਸੇ,ਸਰ ਤਨ ਸੇ,1.25,13
punjabi,ਸਸਤੀ ਦਵਾਈਆਂ,ਸਸਤੀ ਦਵਾਈਆਂ,1.0,3
punjabi,ਸਸਤੇ,ਸਸਤੇ,1.0,3
punjabi,ਸਸਤੇ ਅਤੇ ਗੰਦੇ,ਸਸਤੇ ਅਤੇ ਗੰਦੇ,1.25,3
punjabi,ਸਾਇਨ ਅਪ,ਸਾਇਨ ਅਪ,1.0,13
punjabi,ਸਾਈਨ - ਇਨ,ਸਾਈਨ - ਇਨ,1.25,13
punjabi,ਸਾਡੇ ਨਾਲ ਸੰਪਰਕ ਕਰੋ,ਸਾਡੇ ਨਾਲ ਸੰਪਰਕ ਕਰੋ,1.25,3
punjabi,ਸਾਨੰੂ ਕਾਲ ਕਰੋ,ਸਾਨੰੂ ਕਾਲ ਕਰੋ,1.25,2
punjabi,ਸਾਰੇ ਕੁਦਰਤੀ,ਸਾਰੇ ਕੁਦਰਤੀ,1.0,1
punjabi,ਸੀਡੀ 'ਤੇ ਪਤੇ,ਸੀਡੀ 'ਤੇ ਪਤੇ,1.25,1
punjabi,ਸੀਮਤ ਮਾਤਰਾ,ਸੀਮਤ ਮਾਤਰਾ,1.0,8
punjabi,ਸੀਮਤ ਸਪਲਾਈ,ਸੀਮਤ ਸਪਲਾਈ,1.0,8
punjabi,ਸੀਮਤ ਿਗਣਤੀ,ਸੀਮਤ ਿਗਣਤੀ,1.0,8
punjabi,ਸੀਿਮਤ,ਸੀਿਮਤ,1.0,8
punjabi,ਸੇਵਾ,ਸੇਵਾ,1.0,13
punjabi,ਸੈਕਸ,ਸੈਕਸ,1.0,13
punjabi,ਸੈਕਸੀ ਬੱਚੇ,ਸੈਕਸੀ ਬੱਚੇ,1.0,13
punjabi,ਸੋਨਾ,ਸੋਨਾ,1.0,6
punjabi,ਸੌਦਾ,ਸੌਦਾ,1.0,2
punjabi,ਸੌਦਾ ਜਲਦੀ ਖਤਮ ਹੋ ਿਰਹਾ ਹੈ,ਸੌਦਾ ਜਲਦੀ ਖਤਮ ਹੋ ਿਰਹਾ ਹੈ,1.25,4
punjabi,ਸੌਦਾ ਤੋੜਨ,ਸੌਦਾ ਤੋੜਨ,1.0,4
punjabi,ਸੰਕੋਚ ਨਾ ਕਰੋ,ਸੰਕੋਚ ਨਾ ਕਰੋ,1.25,4
punjabi,ਸੰਕੋਚ ਨਾ ਕਰੋ!,ਸੰਕੋਚ ਨਾ ਕਰੋ!,1.25,4
punjabi,ਸੰਤ ਰਾਮਪਾਲ,ਸੰਤ ਰਾਮਪਾਲ,1.0,13
punjabi,ਸੰਪੂਰਣ,ਸੰਪੂਰਣ,1.0,11
punjabi,ਸੰਭਾਵੀ ਕਮਾਈ,ਸੰਭਾਵੀ ਕਮਾਈ,1.0,12
punjabi,ਸોપੰਪનਰીਕય તਕਰાੋ,ਸોપੰਪનਰીਕય તਕਰાੋ,1.0,3
punjabi,ਹਟਾਓ,ਹਟਾਓ,1.0,12
punjabi,ਹਫ਼ਤੇ ਦੇ ਿਦਨ,ਹਫ਼ਤੇ ਦੇ ਿਦਨ,1.25,4
punjabi,ਹਵਾਲਾ,ਹਵਾਲਾ,1.0,12
punjabi,ਹਵਾਲੇ,ਹਵਾਲੇ,1.0,12
punjabi,ਹਵਾਲੇ ਿਵੱਚ ਹਟਾਓ,ਹਵਾਲੇ ਿਵੱਚ ਹਟਾਓ,1.25,12
punjabi,ਹਾਰਡਕੋਰ,ਹਾਰਡਕੋਰ,1.0,7
punjabi,ਹੁਣ ਆਪਣੀ ਛੂਟ ਦਾ ਦਾਅਵਾ ਕਰੋ!,ਹੁਣ ਆਪਣੀ ਛੂਟ ਦਾ ਦਾਅਵਾ ਕਰੋ!,1.25,3
punjabi,ਹੁਣ ਕਾਰਵਾਈ ਕਰੋ,ਹੁਣ ਕਾਰਵਾਈ ਕਰੋ,1.25,1
punjabi,ਹੁਣ ਕਾਰਵਾਈ ਕਰੋ!,ਹੁਣ ਕਾਰਵਾਈ ਕਰੋ!,1.25,1
punjabi,ਹੁਣ ਕਿਲੱਕ ਕਰੋ,ਹੁਣ ਕਿਲੱਕ ਕਰੋ,1.25,3
punjabi,ਹੁਣ ਤੁਲਨਾ ਕਰੋ,ਹੁਣ ਤੁਲਨਾ ਕਰੋ,1.25,3
punjabi,ਹੁਣ ਦਾਅਵਾ ਕਰੋ,ਹੁਣ ਦਾਅਵਾ ਕਰੋ,1.25,3
punjabi,ਹੁਣ ਪਹੰੁਚ,ਹੁਣ ਪਹੰੁਚ,1.0,1
punjabi,ਹੁਣ ਬਚਾਓ,ਹੁਣ ਬਚਾਓ,1.0,13
punjabi,ਹੁਣ ਬੇਨਤੀ ਕਰੋ,ਹੁਣ ਬੇਨਤੀ ਕਰੋ,1.25,12
punjabi,ਹੁਣ ਭਰਤੀ ਕਰੋ,ਹੁਣ ਭਰਤੀ ਕਰੋ,1.25,5
punjabi,ਹੁਣ ਰੱਦ ਕਰੋ,ਹੁਣ ਰੱਦ ਕਰੋ,1.25,2
punjabi,ਹੁਣ ਲਾਗੂ ਕਰੋ,ਹੁਣ ਲਾਗੂ ਕਰੋ,1.25,1
punjabi,ਹੁਣ ਲਾਗੂ ਕਰੋ!,ਹੁਣ ਲਾਗੂ ਕਰੋ!,1.25,1
punjabi,ਹੁਣ ਿਸਰਫ,ਹੁਣ ਿਸਰਫ,1.0,10
punjabi,ਹੁਣੇ ਆਰਡਰ ਕਰੋ,ਹੁਣੇ ਆਰਡਰ ਕਰੋ,1.25,11
punjabi,ਹੁਣੇ ਕਾਲ ਕਰੋ,ਹੁਣੇ ਕਾਲ ਕਰੋ,1.25,2
punjabi,ਹੁਣੇ ਕਾਲ ਕਰੋ!,ਹੁਣੇ ਕਾਲ ਕਰੋ!,1.25,2
punjabi,ਹੁਣੇ ਖਰੀਦੋ,ਹੁਣੇ ਖਰੀਦੋ,1.0,2
punjabi,ਹੁਣੇ ਲੈ ਕੇ ਆਓ,ਹੁਣੇ ਲੈ ਕੇ ਆਓ,1.25,6
punjabi,ਹੇਠ ਕਿਲੱਕ ਕਰੋ,ਹੇਠ ਕਿਲੱਕ ਕਰੋ,1.25,3
punjabi,ਹੇਠ ਿਦੱਤੇ ਫਾਰਮ,ਹੇਠ ਿਦੱਤੇ ਫਾਰਮ,1.25,14
punjabi,ਹੈਰਾਨ ਹੋਵੋ,ਹੈਰਾਨ ਹੋਵੋ,1.0,2
punjabi,ਹੋਮ ਲੋਨ,ਹੋਮ ਲੋਨ,1.0,7
punjabi,ਹੋਰ ਪੈਸੇ ਕਮਾਓ,ਹੋਰ ਪੈਸੇ ਕਮਾਓ,1.25,9
punjabi,ਹੋਰ ਵੰਡ ਨੰੂ ਰੋਕੋ,ਹੋਰ ਵੰਡ ਨੰੂ ਰੋਕੋ,1.25,14
punjabi,ਿਕਫਾਇਤੀ ਸੌਦਾ,ਿਕਫਾਇਤੀ ਸੌਦਾ,1.0,1
punjabi,ਿਗਫ਼ਟ ਕਾਰਡ,ਿਗਫ਼ਟ ਕਾਰਡ,1.0,6
punjabi,ਿਜ਼ੰਮੇਵਾਰੀ,ਿਜ਼ੰਮੇਵਾਰੀ,1.0,10
punjabi,ਿਜੱਤ,ਿਜੱਤ,1.0,15
punjabi,ਿਟੱਪਣੀ,ਿਟੱਪਣੀ,1.0,3
punjabi,ਿਦਲਚਸਪੀ,ਿਦਲਚਸਪੀ,1.0,8
punjabi,ਿਨਆਿਣਆਂ ਨਾਲ ਸਕੋਰ ਕਰੋ,ਿਨਆਿਣਆਂ ਨਾਲ ਸਕੋਰ ਕਰੋ,1.25,13
punjabi,ਿਨਰਣੇ ਖਰੀਦਣਾ,ਿਨਰਣੇ ਖਰੀਦਣਾ,1.0,2
punjabi,ਿਪਆਰ ਸਮੱਿਸਆ ਹੱਲ ਮਾਹਰ,ਿਪਆਰ ਸਮੱਿਸਆ ਹੱਲ ਮਾਹਰ,1.25,9
punjabi,ਿਪੱਛੇ ਦੀ ਪਾਲਣਾ ਕਰੋ,ਿਪੱਛੇ ਦੀ ਪਾਲਣਾ ਕਰੋ,1.25,5
punjabi,ਿਬਟਕੋਇਨ,ਿਬਟਕੋਇਨ,1.0,2
punjabi,ਿਬਲਕੁਲ ਮੁਫ਼ਤ,ਿਬਲਕੁਲ ਮੁਫ਼ਤ,1.0,1
punjabi,ਿਬਿਲੰਗ ਪਤਾ,ਿਬਿਲੰਗ ਪਤਾ,1.0,2
punjabi,ਿਮਆਦ ਪੱੁਗਦੀ ਹੈ,ਿਮਆਦ ਪੱੁਗਦੀ ਹੈ,1.25,5
punjabi,ਿਮਟਾਓ ਨਾ,ਿਮਟਾਓ ਨਾ,1.0,4
punjabi,ਿਮਰਰ ਵਪਾਰ,ਿਮਰਰ ਵਪਾਰ,1.0,9
punjabi,ਿਮਲੀਅਨ,ਿਮਲੀਅਨ,1.0,9
punjabi,ਿਮਲੀਅਨ ਈਮੇਲ ਪਤੇ,ਿਮਲੀਅਨ ਈਮੇਲ ਪਤੇ,1.25,9
punjabi,ਿਮਲੀਅਨ ਡਾਲਰ,ਿਮਲੀਅਨ ਡਾਲਰ,1.0,9
punjabi,ਿਰਫੰਡ,ਿਰਫੰਡ,1.0,12
punjabi,ਿਲੰਗ ਦਾ ਵਾਧਾ,ਿਲੰਗ ਦਾ ਵਾਧਾ,1.25,11
punjabi,ਿਵਆਹ,ਿਵਆਹ,1.0,9
punjabi,ਿਵਆਹ ਸਮੱਗਰੀ,ਿਵਆਹ ਸਮੱਗਰੀ,1.0,9
punjabi,ਿਵਕਰੀ,ਿਵਕਰੀ,1.0,13
punjabi,ਿਵਕਰੀ 'ਤੇ ਸਮੱਗਰੀ,ਿਵਕਰੀ 'ਤੇ ਸਮੱਗਰੀ,1.25,14
punjabi,ਿਵਕਰੀ ਵਧਾਓ,ਿਵਕਰੀ ਵਧਾਓ,1.0,7
punjabi,ਿਵਕਲਪ,ਿਵਕਲਪ,1.0,11
punjabi,ਿਵਕਾਸ ਹਾਰਮੋਨ,ਿਵਕਾਸ ਹਾਰਮੋਨ,1.0,7
punjabi,ਿਵੱਤੀ,ਿਵੱਤੀ,1.0,5
punjabi,ਿਵੱਤੀ ਆਜ਼ਾਦੀ,ਿਵੱਤੀ ਆਜ਼ਾਦੀ,1.0,5
punjabi,ਿਵੱਤੀ ਜਨਰਲ,ਿਵੱਤੀ ਜਨਰਲ,1.0,5
punjabi,ਿਵੱਤੀ ਤੌਰ 'ਤੇ ਸੁਤੰਤਰ,ਿਵੱਤੀ ਤੌਰ 'ਤੇ ਸੁਤੰਤਰ,1.25,5
punjabi,ਿਸਰਫ ਗੰਭੀਰ,ਿਸਰਫ ਗੰਭੀਰ,1.0,13
punjabi,ਿਸਰਫ਼ $,ਿਸਰਫ਼ $,1.0,11
punjabi,ਿਸੰਗਲਜ਼ ਨੰੂ ਿਮਲੋ,ਿਸੰਗਲਜ਼ ਨੰੂ ਿਮਲੋ,1.25,9
punjabi,ਿਸੱਧੀ ਈਮੇਲ,ਿਸੱਧੀ ਈਮੇਲ,1.0,4
punjabi,ਿਸੱਧੀ ਖਰੀਦੋ,ਿਸੱਧੀ ਖਰੀਦੋ,1.0,2
punjabi,ਿਸੱਧੀ ਮਾਰਕੀਿਟੰਗ,ਿਸੱਧੀ ਮਾਰਕੀਿਟੰਗ,1.0,4
punjabi,ਿਸੱਧੀ ਿਡਲੀਵਰੀ,ਿਸੱਧੀ ਿਡਲੀਵਰੀ,1.0,4
punjabi,ਿીਜ?ੱਿਤਆ,ਿીਜ?ੱਿਤਆ,1.0,15
punjabi,ંਆઘટਪાਣડੇ ોਘਰ ਨੰੂ ਮੁੜ ਿਵੱਤ ਕਰੋ,ંਆઘટਪાਣડੇ ોਘਰ ਨੰੂ ਮੁੜ ਿਵੱਤ ਕਰੋ,1.25,12
punjabi,ંએਆકਨવਲાਾરਈਨ ਕਾਰੋਬਾਰ ਦਾ ਮੌਕਾ,ંએਆકਨવਲાਾરਈਨ ਕਾਰੋਬਾਰ ਦਾ ਮੌਕਾ,1.25,11
punjabi,અਸપਪ ੈਮકરો,અਸપਪ ੈਮકરો,1.0,14
punjabi,ઓਕਬਾੜ,ઓਕਬਾੜ,1.0,8
punjabi,ઓਜ ੇਤછੂો,ઓਜ ੇਤછੂો,1.0,15
punjabi,ઓਦੀ ਪਾਲਣਾ ਿਵੱਚ ਭੇਿਜਆ ਿਗਆ ਹੈ,ઓਦੀ ਪਾਲਣਾ ਿਵੱਚ ਭੇਿਜਆ ਿਗਆ ਹੈ,1.25,13
punjabi,કt.રmોe,કt.રmોe,1.0,14
punjabi,કਆરોਨਲਾਈਨ ਅਪਲਾਈ ਕਰੋ,કਆરોਨਲਾਈਨ ਅਪਲਾਈ ਕਰੋ,1.25,1
punjabi,કਇ કਕરੱਠોਾ ਕਰੋ,કਇ કਕરੱਠોਾ ਕਰੋ,1.25,3
punjabi,કਕરોਿਲੱਕ ਕਰਨਾ,કਕરોਿਲੱਕ ਕਰਨਾ,1.0,3
punjabi,કਰરੱਦો ਕਰਨ ਦੀ ਲੋੜ ਹੈ,કਰરੱਦો ਕਰਨ ਦੀ ਲੋੜ ਹੈ,1.25,3
punjabi,કਸરਾਡોੇ ਨਾਲ ਤੁਰੰਤ ਸੰਪਰਕ ਕਰੋ,કਸરਾਡોੇ ਨਾਲ ਤੁਰੰਤ ਸੰਪਰਕ ਕਰੋ,1.25,3
punjabi,કਹરોਟਾਉਣ ਲਈ ਕਿਲੱਕ ਕਰੋ,કਹરોਟਾਉਣ ਲਈ ਕਿਲੱਕ ਕਰੋ,1.25,3
punjabi,કਿ ਬિમਨિનਾ ਰટਿ ਹછ ે?ਨਹੀ ਸਕਦਾ,કਿ ਬિમਨિનਾ ਰટਿ ਹછ ે?ਨਹੀ ਸਕਦਾ,1.25,2
punjabi,કਿਸਰਫ਼ ਅੱਜ ਲਈ,કਿਸਰਫ਼ ਅੱਜ ਲਈ,1.25,11
punjabi,છਅેੱਜ ਿਮਆਦ ਪੱੁਗਦੀ ਹੈ,છਅેੱਜ ਿਮਆਦ ਪੱੁਗਦੀ ਹੈ,1.25,5
punjabi,છਇਲਾਜ,છਇਲਾਜ,1.0,4
punjabi,છਕોੌਣ ਅਸਲ ਿਵੱਚ ਿਜੱਤਦਾ ਹੈ?,છਕોੌਣ ਅਸਲ ਿਵੱਚ ਿਜੱਤਦਾ ਹੈ?,1.25,15
punjabi,ણਆી કਪરਣોੀ ਦੌਲਤ ਦੱੁਗਣੀ ਕਰੋ,ણਆી કਪરਣોੀ ਦੌਲਤ ਦੱੁਗਣੀ ਕਰੋ,1.25,4
punjabi,ણਡી ਾકਊરਨોਲੋਡ ਕਰੋ,ણਡી ਾકਊરਨોਲੋਡ ਕਰੋ,1.25,4
punjabi,તਆ થਪાયਣੇ ਕછਾેਰੋਬਾਰ ਨੰੂ ਿਵਸਫੋਟ,તਆ થਪાયਣੇ ਕછਾેਰੋਬਾਰ ਨੰੂ ਿਵਸਫੋਟ,1.25,5
punjabi,તਔ ਨકਲરોਾਈਨ ਤੁਲਨਾ ਕਰੋ,તਔ ਨકਲરોਾਈਨ ਤੁਲਨਾ ਕਰੋ,1.25,3
punjabi,તਹਫਤਾਵਾਰੀ ਕਮਾਈ,તਹਫਤਾਵਾਰੀ ਕਮਾਈ,1.0,15
punjabi,થਕીਾਰਡ ਸਵੀਕਾਰ ਕੀਤਾ,થਕીਾਰਡ ਸਵੀਕਾਰ ਕੀਤਾ,1.25,3
punjabi,થਕીੋਈ-ਿਵਕਰੀ,થਕીੋਈ-ਿਵਕਰੀ,1.0,10
punjabi,દਿਡવਜીੀਟਲ ਮਾਰਕੀਿਟੰਗ,દਿਡવਜીੀਟਲ ਮਾਰਕੀਿਟੰਗ,1.0,4
punjabi,ધਕાવਾਰોਵਾਈ ਕਰਨ,ધਕાવਾਰોਵਾਈ ਕਰਨ,1.0,14
punjabi,ધંਮ ੁਫ਼કਤર ોਲਈ ਗਾਹਕ ਬਣੋ,ધંਮ ੁਫ਼કਤર ોਲਈ ਗਾਹਕ ਬਣੋ,1.25,14
punjabi,નਐਪ ਸਟੋਰ,નਐਪ ਸਟੋਰ,1.0,1
punjabi,નਹਰ ਿਦਨ,નਹਰ ਿਦਨ,1.0,11
punjabi,ફਿરਲੰਕ ਿਦੱਤਾ ਹੈ,ફਿરਲੰਕ ਿਦੱਤਾ ਹੈ,1.25,8
punjabi,બਭરਾਫ਼ ਵਾਲਾ,બਭરਾਫ਼ ਵਾਲਾ,1.0,14
punjabi,ભਪડંੈਦોળਾ ਕੀਤਾ ਅਤੇ ਬਾਹਰ ਭੇਿਜਆ,ભਪડંੈਦોળਾ ਕੀਤਾ ਅਤੇ ਬਾਹਰ ਭੇਿਜਆ,1.25,12
punjabi,મਐਸાઇਈઝਓેશન,મਐਸાઇਈઝਓેશન,1.0,13
punjabi,મਗાੰ ંਭઆੀਰવ ਕે છੇਸે,મਗાੰ ંਭઆੀਰવ ਕે છੇਸે,1.25,13
punjabi,મਮાਾવਰોਕੀਿਟੰਗ,મਮાਾવਰોਕੀਿਟੰਗ,1.0,9
punjabi,યਕਰਜ਼ਾ ਮਨਜ਼ਰੂ ਹੋਇਆ,યਕਰਜ਼ਾ ਮਨਜ਼ਰੂ ਹੋਇਆ,1.25,8
punjabi,યਪાઓਤੀ ਪਤਨੀ ਦੀ ਸਮੱਿਸਆ,યਪાઓਤੀ ਪਤਨੀ ਦੀ ਸਮੱਿਸਆ,1.25,7
punjabi,યਯશੂਨੀਵਰਿਸਟੀ ਿਡਪਲੋਮਾ,યਯશੂਨੀਵਰਿਸਟੀ ਿਡਪਲੋਮਾ,1.0,15
punjabi,રਆોਪਣੇ ਮੌਕੇ ਵਧਾਓ,રਆોਪਣੇ ਮੌਕੇ ਵਧਾਓ,1.25,7
punjabi,રਐનਮાਐમਲાંਐਮ,રਐનਮાਐમਲાંਐਮ,1.0,9
punjabi,રਧાખਨે છે,રਧાખਨે છે,1.0,13
punjabi,રਮોੁੜਿਵੱਤੀ,રਮોੁੜਿਵੱਤੀ,1.0,12
punjabi,રਸોਮਾਜਕ ਸੁਰੱਿਖਆ ਨੰਬਰ,રਸોਮਾਜਕ ਸੁਰੱਿਖਆ ਨੰਬਰ,1.25,14
punjabi,રਹોੁਣੇ ਗਾਹਕ ਬਣੋ,રਹોੁਣੇ ਗਾਹਕ ਬਣੋ,1.25,14
punjabi,લਪવੈਸੇામા ંઆવેલ ઓડ,લਪવੈਸੇામા ંઆવેલ ઓડ,1.25,11
punjabi,ળਵવਾਧોੂ ਲਾਭ ਕਮਾਓ,ળਵવਾਧોੂ ਲਾਭ ਕਮਾਓ,1.25,4
punjabi,વਕોਿ ਲકੱਕરો ਕਰੋ,વਕોਿ ਲકੱਕરો ਕਰੋ,1.25,3
punjabi,વਤોੇਜ਼ੀ ਨਾਲ ਕਮਾਓ,વਤોੇਜ਼ੀ ਨਾਲ ਕਮਾਓ,1.25,4
punjabi,વਦેદੇ ਅનਧੀਨ,વਦેદੇ ਅનਧੀਨ,1.0,14
punjabi,સਘાਰય ਅਧਾਿਰਤ ਕਾਰੋਬਾਰ,સਘાਰય ਅਧਾਿਰਤ ਕਾਰੋਬਾਰ,1.25,7
punjabi,સਘાਰય-ਅਧਾਿਰਤ ਕਾਰੋਬਾਰ,સਘાਰય-ਅਧਾਿਰਤ ਕਾਰੋਬਾਰ,1.0,7
punjabi,સਿ ਸતਰકਫ ਤੁਹਾਡੇ ਲਈ,સਿ ਸતਰકਫ ਤੁਹਾਡੇ ਲਈ,1.25,11
punjabi,સਿਪોਆਰੇ ਦੋਸਤ,સਿਪોਆਰੇ ਦੋਸਤ,1.0,4
punjabi,સਿોਲદੰਕો,સਿોਲદੰਕો,1.0,8
punjabi,ાਇથે ਸજ ਿોਲડੰાਕઓ ਨਾਲ ਜੁੜੋ,ાਇથે ਸજ ਿોਲડੰાਕઓ ਨਾਲ ਜੁੜੋ,1.25,8
punjabi,ાਖਰੀਦੋ,ાਖਰੀਦੋ,1.0,2
punjabi,ાਚડંੈਨਲ,ાਚડંੈਨਲ,1.0,3
punjabi,ાਤੁਰੰਤ ਜਵਾਬ,ાਤੁਰੰਤ ਜਵਾਬ,1.0,15
punjabi,ાਬનੀਮਾ,ાਬનੀਮਾ,1.0,7
punjabi,ાਵਾਅਦਾ,ાਵਾਅਦਾ,1.0,12
punjabi,ાਵઓਾਧੂ ਆਮਦਨ ਕਮਾਓ,ાਵઓਾਧੂ ਆਮਦਨ ਕਮਾਓ,1.25,4
punjabi,ાਵચંਰોਤਮਾਨ ਿਵੱਚ,ાਵચંਰોਤਮਾਨ ਿਵੱਚ,1.0,12
punjabi,ાਿਵੱਤੀ ਸੁਤੰਤਰਤਾ,ાਿਵੱਤੀ ਸੁਤੰਤਰਤਾ,1.0,5
punjabi,ીwઓhatsapp,ીwઓhatsapp,1.0,15
punjabi,ીਤ કੁਹરਾોਡੀ ਆਮਦਨ ਦੱੁਗਣੀ ਕਰੋ,ીਤ કੁਹરਾોਡੀ ਆਮਦਨ ਦੱੁਗਣੀ ਕਰੋ,1.25,4
punjabi,ે?ਕਢਵਾਉਣਾ,ે?ਕਢਵਾਉਣਾ,1.0,15
punjabi,ેਅਮੀਰ ਗਾਹਕ,ેਅਮੀਰ ਗਾਹਕ,1.0,15
punjabi,ેਟੈਲੀਫੋਨ,ેਟੈਲੀਫੋਨ,1.0,14
punjabi,ેਵੱਡੀ ਿਜੱਤ,ેਵੱਡੀ ਿਜੱਤ,1.0,15
punjabi,ો ਦદਾાਅવਵો ੇકરો,ો ਦદਾાਅવਵો ੇકરો,1.25,3
punjabi,ોਕਮਾਈ,ોਕਮਾਈ,1.0,5
punjabi,ોਕੂਪਨ,ોਕੂਪਨ,1.0,4
punjabi,ોਤੁਰੰਤ ਪਹੰੁਚ,ોਤੁਰੰਤ ਪਹੰੁਚ,1.0,1
punjabi,ોਤੱਕ ਦੀ ਬਚਤ ਕਰੋ,ોਤੱਕ ਦੀ ਬਚਤ ਕਰੋ,1.25,13
punjabi,ોਬੇਨਤੀ,ોਬੇਨਤੀ,1.0,12
punjabi,ોਮડੁਫ਼ਤ ਤੋਹਫ਼ਾ,ોਮડੁਫ਼ਤ ਤੋਹਫ਼ਾ,1.0,6
punjabi,ોਸਕੋਰ,ોਸਕੋਰ,1.0,13
punjabi,ોਿਪਆਰ,ોਿਪਆਰ,1.0,9
punjabi,€ ਬਚਾਓ,€ ਬਚਾਓ,1.0,13
tamil,0 கீேழ,0 கீேழ,1.0,1
tamil,0.99,0.99,1.0,1
tamil,0.999,0.999,1.0,1
tamil,100%,100%,1.0,1
tamil,1nvest0r,1nvest0r,1.0,1
tamil,appstore,appstore,1.0,1
tamil,b1tc0in,b1tc0in,1.0,1
tamil,bitc0in,bitc0in,1.0,2
tamil,btc,btc,1.0,2
tamil,dm,dm,1.0,4
tamil,etherium,etherium,1.0,5
tamil,flipkart,flipkart,1.0,5
tamil,fnb,fnb,1.0,5
tamil,paytm,paytm,1.0,11
tamil,rekoo,rekoo,1.0,12
tamil,sant rampal,sant rampal,1.0,13
tamil,xxx,xxx,1.0,15
tamil,~ வைர ேசமி,~ வைர ேசமி,1.25,13
tamil,அதிக இைண,அதிக இைண,1.0,9
tamil,அழகா,அழகா,1.0,4
tamil,ஆபாச,ஆபாச,1.0,11
tamil,இரகசியமான,இரகசியமான,1.0,3
tamil,இலவச அைழ,இலவச அைழ,1.0,2
tamil,இலவச ஆேல,இலவச ஆேல,1.0,6
tamil,இலவச இைண,இலவச இைண,1.0,6
tamil,இலவச ஐேபா,இலவச ஐேபா,1.0,6
tamil,இலவச தகவ,இலவச தகவ,1.0,6
tamil,இலவச ேசாத,இலவச ேசாத,1.0,6
tamil,இலவச ேபான,இலவச ேபான,1.0,5
tamil,இலவச ேஹா,இலவச ேஹா,1.0,6
tamil,இலவசமாக,இலவசமாக,1.0,5
tamil,இலவசமாக ப,இலவசமாக ப,1.0,13
tamil,இலவசமாக வ,இலவசமாக வ,1.0,10
tamil,ஈேமாஜி,ஈேமாஜி,1.0,5
tamil,கடேலார,கடேலார,1.0,10
tamil,கமனா,கமனா,1.0,8
tamil,காமாேவா,காமாேவா,1.0,8
tamil,காலாவதியாக,காலாவதியாக,1.0,5
tamil,காேசாைல,காேசாைல,1.0,3
tamil,நாணய,நாணய,1.0,4
tamil,நிதி,நிதி,1.0,5
tamil,பண ஆைண,பண ஆைண,1.0,9
tamil,மலிவான,மலிவான,1.0,3
tamil,வயதானைத,வயதானைத,1.0,12
tamil,ெதாைக,ெதாைக,1.0,1
tamil,ெதாைலேபசி,ெதாைலேபசி,1.0,11
tamil,ேசர,ேசர,1.0,8
tamil,ேசைவ,ேசைவ,1.0,13
tamil,ேதைவ,ேதைவ,1.0,12
tamil,ேமாசமான கட,ேமாசமான கட,1.0,2
tamil,ேவகமாக,ேவகமாக,1.0,5
tamil,ேவகமான வய,ேவகமான வய,1.0,5
tamil,ேவசி,ேவசி,1.0,13
tamil,ைபசா,ைபசா,1.0,11
tamil,ೆatm,ೆatm,1.0,1
telugu,0.99,0.99,1.0,1
telugu,0.999,0.999,1.0,1
telugu,100%,100%,1.0,1
telugu,b1tc0in,b1tc0in,1.0,2
telugu,fnb,fnb,1.0,5
telugu,paytm,paytm,1.0,11
telugu,vip,vip,1.0,15
telugu,xanax,xanax,1.5,16
telugu,xxx,xxx,1.0,16
telugu,అవసరం,అవసరం,1.0,13
telugu,ఋణం,ఋణం,1.0,8
telugu,ధర,ధర,1.0,12
telugu,నగదు నగదు,నగదు నగదు,1.0,3
telugu,పథకం,పథకం,1.0,13
