record_id,group,text,expected_category,existing_category,existing_action,existing_review
MALWARE_DISTRIBUTION_AND_INSTALLATION-001,malware_distribution_and_installation,This upload distributes the malware to selected workstations; inert case 1.,Malicious Programs,Normal/Ignore,Allow,False
MALWARE_DISTRIBUTION_AND_INSTALLATION-002,malware_distribution_and_installation,This post offers the program for download: a trojan program for unwitting user devices; inert case 2.,Malicious Programs,Normal/Ignore,Allow,False
MALWARE_DISTRIBUTION_AND_INSTALLATION-003,malware_distribution_and_installation,This attachment sends the binary containing spyware to a victim account; inert case 3.,Malicious Programs,Normal/Ignore,Allow,False
MALWARE_DISTRIBUTION_AND_INSTALLATION-004,malware_distribution_and_installation,This account promotes installation of the computer virus on a business network; inert case 4.,Malicious Programs,Normal/Ignore,Allow,False
MALWARE_DISTRIBUTION_AND_INSTALLATION-005,malware_distribution_and_installation,This upload distributes the malware to selected workstations; inert case 5.,Malicious Programs,Normal/Ignore,Allow,False
MALWARE_DISTRIBUTION_AND_INSTALLATION-006,malware_distribution_and_installation,This post offers the program for download: a trojan program for unwitting user devices; inert case 6.,Malicious Programs,Normal/Ignore,Allow,False
MALWARE_DISTRIBUTION_AND_INSTALLATION-007,malware_distribution_and_installation,This attachment sends the binary containing spyware to a victim account; inert case 7.,Malicious Programs,Normal/Ignore,Allow,False
MALWARE_DISTRIBUTION_AND_INSTALLATION-008,malware_distribution_and_installation,This account promotes installation of the computer virus on a business network; inert case 8.,Malicious Programs,Normal/Ignore,Allow,False
MALWARE_DISTRIBUTION_AND_INSTALLATION-009,malware_distribution_and_installation,This upload distributes the malware to selected workstations; inert case 9.,Malicious Programs,Normal/Ignore,Allow,False
MALWARE_DISTRIBUTION_AND_INSTALLATION-010,malware_distribution_and_installation,This post offers the program for download: a trojan program for unwitting user devices; inert case 10.,Malicious Programs,Normal/Ignore,Allow,False
MALWARE_DISTRIBUTION_AND_INSTALLATION-011,malware_distribution_and_installation,This attachment sends the binary containing spyware to a victim account; inert case 11.,Malicious Programs,Normal/Ignore,Allow,False
MALWARE_DISTRIBUTION_AND_INSTALLATION-012,malware_distribution_and_installation,This account promotes installation of the computer virus on a business network; inert case 12.,Malicious Programs,Normal/Ignore,Allow,False
MALWARE_DISTRIBUTION_AND_INSTALLATION-013,malware_distribution_and_installation,This upload distributes the malware to selected workstations; inert case 13.,Malicious Programs,Normal/Ignore,Allow,False
MALWARE_DISTRIBUTION_AND_INSTALLATION-014,malware_distribution_and_installation,This post offers the program for download: a trojan program for unwitting user devices; inert case 14.,Malicious Programs,Normal/Ignore,Allow,False
MALWARE_DISTRIBUTION_AND_INSTALLATION-015,malware_distribution_and_installation,This attachment sends the binary containing spyware to a victim account; inert case 15.,Malicious Programs,Normal/Ignore,Allow,False
MALWARE_DISTRIBUTION_AND_INSTALLATION-016,malware_distribution_and_installation,This account promotes installation of the computer virus on a business network; inert case 16.,Malicious Programs,Normal/Ignore,Allow,False
MALWARE_DISTRIBUTION_AND_INSTALLATION-017,malware_distribution_and_installation,This upload distributes the malware to selected workstations; inert case 17.,Malicious Programs,Normal/Ignore,Allow,False
MALWARE_DISTRIBUTION_AND_INSTALLATION-018,malware_distribution_and_installation,This post offers the program for download: a trojan program for unwitting user devices; inert case 18.,Malicious Programs,Normal/Ignore,Allow,False
MALWARE_DISTRIBUTION_AND_INSTALLATION-019,malware_distribution_and_installation,This attachment sends the binary containing spyware to a victim account; inert case 19.,Malicious Programs,Normal/Ignore,Allow,False
MALWARE_DISTRIBUTION_AND_INSTALLATION-020,malware_distribution_and_installation,This account promotes installation of the computer virus on a business network; inert case 20.,Malicious Programs,Normal/Ignore,Allow,False
MALWARE_DISTRIBUTION_AND_INSTALLATION-021,malware_distribution_and_installation,This upload distributes the malware to selected workstations; inert case 21.,Malicious Programs,Normal/Ignore,Allow,False
MALWARE_DISTRIBUTION_AND_INSTALLATION-022,malware_distribution_and_installation,This post offers the program for download: a trojan program for unwitting user devices; inert case 22.,Malicious Programs,Normal/Ignore,Allow,False
MALWARE_DISTRIBUTION_AND_INSTALLATION-023,malware_distribution_and_installation,This attachment sends the binary containing spyware to a victim account; inert case 23.,Malicious Programs,Normal/Ignore,Allow,False
MALWARE_DISTRIBUTION_AND_INSTALLATION-024,malware_distribution_and_installation,This account promotes installation of the computer virus on a business network; inert case 24.,Malicious Programs,Normal/Ignore,Allow,False
MALWARE_DISTRIBUTION_AND_INSTALLATION-025,malware_distribution_and_installation,This upload distributes the malware to selected workstations; inert case 25.,Malicious Programs,Normal/Ignore,Allow,False
MALWARE_DISTRIBUTION_AND_INSTALLATION-026,malware_distribution_and_installation,This post offers the program for download: a trojan program for unwitting user devices; inert case 26.,Malicious Programs,Normal/Ignore,Allow,False
MALWARE_DISTRIBUTION_AND_INSTALLATION-027,malware_distribution_and_installation,This attachment sends the binary containing spyware to a victim account; inert case 27.,Malicious Programs,Normal/Ignore,Allow,False
MALWARE_DISTRIBUTION_AND_INSTALLATION-028,malware_distribution_and_installation,This account promotes installation of the computer virus on a business network; inert case 28.,Malicious Programs,Normal/Ignore,Allow,False
MALWARE_DISTRIBUTION_AND_INSTALLATION-029,malware_distribution_and_installation,This upload distributes the malware to selected workstations; inert case 29.,Malicious Programs,Normal/Ignore,Allow,False
MALWARE_DISTRIBUTION_AND_INSTALLATION-030,malware_distribution_and_installation,This post offers the program for download: a trojan program for unwitting user devices; inert case 30.,Malicious Programs,Normal/Ignore,Allow,False
MALWARE_DISTRIBUTION_AND_INSTALLATION-031,malware_distribution_and_installation,This attachment sends the binary containing spyware to a victim account; inert case 31.,Malicious Programs,Normal/Ignore,Allow,False
MALWARE_DISTRIBUTION_AND_INSTALLATION-032,malware_distribution_and_installation,This account promotes installation of the computer virus on a business network; inert case 32.,Malicious Programs,Normal/Ignore,Allow,False
MALWARE_DISTRIBUTION_AND_INSTALLATION-033,malware_distribution_and_installation,This upload distributes the malware to selected workstations; inert case 33.,Malicious Programs,Normal/Ignore,Allow,False
MALWARE_DISTRIBUTION_AND_INSTALLATION-034,malware_distribution_and_installation,This post offers the program for download: a trojan program for unwitting user devices; inert case 34.,Malicious Programs,Normal/Ignore,Allow,False
MALWARE_DISTRIBUTION_AND_INSTALLATION-035,malware_distribution_and_installation,This attachment sends the binary containing spyware to a victim account; inert case 35.,Malicious Programs,Normal/Ignore,Allow,False
MALWARE_DISTRIBUTION_AND_INSTALLATION-036,malware_distribution_and_installation,This account promotes installation of the computer virus on a business network; inert case 36.,Malicious Programs,Normal/Ignore,Allow,False
MALWARE_DISTRIBUTION_AND_INSTALLATION-037,malware_distribution_and_installation,This upload distributes the malware to selected workstations; inert case 37.,Malicious Programs,Normal/Ignore,Allow,False
MALWARE_DISTRIBUTION_AND_INSTALLATION-038,malware_distribution_and_installation,This post offers the program for download: a trojan program for unwitting user devices; inert case 38.,Malicious Programs,Normal/Ignore,Allow,False
MALWARE_DISTRIBUTION_AND_INSTALLATION-039,malware_distribution_and_installation,This attachment sends the binary containing spyware to a victim account; inert case 39.,Malicious Programs,Normal/Ignore,Allow,False
MALWARE_DISTRIBUTION_AND_INSTALLATION-040,malware_distribution_and_installation,This account promotes installation of the computer virus on a business network; inert case 40.,Malicious Programs,Normal/Ignore,Allow,False
MALWARE_DISTRIBUTION_AND_INSTALLATION-041,malware_distribution_and_installation,This upload distributes the malware to selected workstations; inert case 41.,Malicious Programs,Normal/Ignore,Allow,False
MALWARE_DISTRIBUTION_AND_INSTALLATION-042,malware_distribution_and_installation,This post offers the program for download: a trojan program for unwitting user devices; inert case 42.,Malicious Programs,Normal/Ignore,Allow,False
MALWARE_DISTRIBUTION_AND_INSTALLATION-043,malware_distribution_and_installation,This attachment sends the binary containing spyware to a victim account; inert case 43.,Malicious Programs,Normal/Ignore,Allow,False
MALWARE_DISTRIBUTION_AND_INSTALLATION-044,malware_distribution_and_installation,This account promotes installation of the computer virus on a business network; inert case 44.,Malicious Programs,Normal/Ignore,Allow,False
MALWARE_DISTRIBUTION_AND_INSTALLATION-045,malware_distribution_and_installation,This upload distributes the malware to selected workstations; inert case 45.,Malicious Programs,Normal/Ignore,Allow,False
MALWARE_DISTRIBUTION_AND_INSTALLATION-046,malware_distribution_and_installation,This post offers the program for download: a trojan program for unwitting user devices; inert case 46.,Malicious Programs,Normal/Ignore,Allow,False
MALWARE_DISTRIBUTION_AND_INSTALLATION-047,malware_distribution_and_installation,This attachment sends the binary containing spyware to a victim account; inert case 47.,Malicious Programs,Normal/Ignore,Allow,False
MALWARE_DISTRIBUTION_AND_INSTALLATION-048,malware_distribution_and_installation,This account promotes installation of the computer virus on a business network; inert case 48.,Malicious Programs,Normal/Ignore,Allow,False
MALWARE_DISTRIBUTION_AND_INSTALLATION-049,malware_distribution_and_installation,This upload distributes the malware to selected workstations; inert case 49.,Malicious Programs,Normal/Ignore,Allow,False
MALWARE_DISTRIBUTION_AND_INSTALLATION-050,malware_distribution_and_installation,This post offers the program for download: a trojan program for unwitting user devices; inert case 50.,Malicious Programs,Normal/Ignore,Allow,False
RANSOMWARE_AND_DESTRUCTIVE_DEPLOYMENT-001,ransomware_and_destructive_deployment,This attachment currently deploys the ransomware that encrypts files for ransom on selected workstations; inert case 1.,Malicious Programs,Normal/Ignore,Allow,False
RANSOMWARE_AND_DESTRUCTIVE_DEPLOYMENT-002,ransomware_and_destructive_deployment,This upload launches the destructive wiper that wipes device data on unwitting user devices; inert case 2.,Malicious Programs,Normal/Ignore,Allow,False
RANSOMWARE_AND_DESTRUCTIVE_DEPLOYMENT-003,ransomware_and_destructive_deployment,This post delivers the program to targets: malware that destroys stored files on a victim account; inert case 3.,Malicious Programs,Normal/Ignore,Allow,False
RANSOMWARE_AND_DESTRUCTIVE_DEPLOYMENT-004,ransomware_and_destructive_deployment,Evidence indicates this download installs the ransomware on a business network; inert case 4.,Malicious Programs,Normal/Ignore,Allow,False
RANSOMWARE_AND_DESTRUCTIVE_DEPLOYMENT-005,ransomware_and_destructive_deployment,This attachment currently deploys the ransomware that encrypts files for ransom on selected workstations; inert case 5.,Malicious Programs,Normal/Ignore,Allow,False
RANSOMWARE_AND_DESTRUCTIVE_DEPLOYMENT-006,ransomware_and_destructive_deployment,This upload launches the destructive wiper that wipes device data on unwitting user devices; inert case 6.,Malicious Programs,Normal/Ignore,Allow,False
RANSOMWARE_AND_DESTRUCTIVE_DEPLOYMENT-007,ransomware_and_destructive_deployment,This post delivers the program to targets: malware that destroys stored files on a victim account; inert case 7.,Malicious Programs,Normal/Ignore,Allow,False
RANSOMWARE_AND_DESTRUCTIVE_DEPLOYMENT-008,ransomware_and_destructive_deployment,Evidence indicates this download installs the ransomware on a business network; inert case 8.,Malicious Programs,Normal/Ignore,Allow,False
RANSOMWARE_AND_DESTRUCTIVE_DEPLOYMENT-009,ransomware_and_destructive_deployment,This attachment currently deploys the ransomware that encrypts files for ransom on selected workstations; inert case 9.,Malicious Programs,Normal/Ignore,Allow,False
RANSOMWARE_AND_DESTRUCTIVE_DEPLOYMENT-010,ransomware_and_destructive_deployment,This upload launches the destructive wiper that wipes device data on unwitting user devices; inert case 10.,Malicious Programs,Normal/Ignore,Allow,False
RANSOMWARE_AND_DESTRUCTIVE_DEPLOYMENT-011,ransomware_and_destructive_deployment,This post delivers the program to targets: malware that destroys stored files on a victim account; inert case 11.,Malicious Programs,Normal/Ignore,Allow,False
RANSOMWARE_AND_DESTRUCTIVE_DEPLOYMENT-012,ransomware_and_destructive_deployment,Evidence indicates this download installs the ransomware on a business network; inert case 12.,Malicious Programs,Normal/Ignore,Allow,False
RANSOMWARE_AND_DESTRUCTIVE_DEPLOYMENT-013,ransomware_and_destructive_deployment,This attachment currently deploys the ransomware that encrypts files for ransom on selected workstations; inert case 13.,Malicious Programs,Normal/Ignore,Allow,False
RANSOMWARE_AND_DESTRUCTIVE_DEPLOYMENT-014,ransomware_and_destructive_deployment,This upload launches the destructive wiper that wipes device data on unwitting user devices; inert case 14.,Malicious Programs,Normal/Ignore,Allow,False
RANSOMWARE_AND_DESTRUCTIVE_DEPLOYMENT-015,ransomware_and_destructive_deployment,This post delivers the program to targets: malware that destroys stored files on a victim account; inert case 15.,Malicious Programs,Normal/Ignore,Allow,False
RANSOMWARE_AND_DESTRUCTIVE_DEPLOYMENT-016,ransomware_and_destructive_deployment,Evidence indicates this download installs the ransomware on a business network; inert case 16.,Malicious Programs,Normal/Ignore,Allow,False
RANSOMWARE_AND_DESTRUCTIVE_DEPLOYMENT-017,ransomware_and_destructive_deployment,This attachment currently deploys the ransomware that encrypts files for ransom on selected workstations; inert case 17.,Malicious Programs,Normal/Ignore,Allow,False
RANSOMWARE_AND_DESTRUCTIVE_DEPLOYMENT-018,ransomware_and_destructive_deployment,This upload launches the destructive wiper that wipes device data on unwitting user devices; inert case 18.,Malicious Programs,Normal/Ignore,Allow,False
RANSOMWARE_AND_DESTRUCTIVE_DEPLOYMENT-019,ransomware_and_destructive_deployment,This post delivers the program to targets: malware that destroys stored files on a victim account; inert case 19.,Malicious Programs,Normal/Ignore,Allow,False
RANSOMWARE_AND_DESTRUCTIVE_DEPLOYMENT-020,ransomware_and_destructive_deployment,Evidence indicates this download installs the ransomware on a business network; inert case 20.,Malicious Programs,Normal/Ignore,Allow,False
RANSOMWARE_AND_DESTRUCTIVE_DEPLOYMENT-021,ransomware_and_destructive_deployment,This attachment currently deploys the ransomware that encrypts files for ransom on selected workstations; inert case 21.,Malicious Programs,Normal/Ignore,Allow,False
RANSOMWARE_AND_DESTRUCTIVE_DEPLOYMENT-022,ransomware_and_destructive_deployment,This upload launches the destructive wiper that wipes device data on unwitting user devices; inert case 22.,Malicious Programs,Normal/Ignore,Allow,False
RANSOMWARE_AND_DESTRUCTIVE_DEPLOYMENT-023,ransomware_and_destructive_deployment,This post delivers the program to targets: malware that destroys stored files on a victim account; inert case 23.,Malicious Programs,Normal/Ignore,Allow,False
RANSOMWARE_AND_DESTRUCTIVE_DEPLOYMENT-024,ransomware_and_destructive_deployment,Evidence indicates this download installs the ransomware on a business network; inert case 24.,Malicious Programs,Normal/Ignore,Allow,False
RANSOMWARE_AND_DESTRUCTIVE_DEPLOYMENT-025,ransomware_and_destructive_deployment,This attachment currently deploys the ransomware that encrypts files for ransom on selected workstations; inert case 25.,Malicious Programs,Normal/Ignore,Allow,False
RANSOMWARE_AND_DESTRUCTIVE_DEPLOYMENT-026,ransomware_and_destructive_deployment,This upload launches the destructive wiper that wipes device data on unwitting user devices; inert case 26.,Malicious Programs,Normal/Ignore,Allow,False
RANSOMWARE_AND_DESTRUCTIVE_DEPLOYMENT-027,ransomware_and_destructive_deployment,This post delivers the program to targets: malware that destroys stored files on a victim account; inert case 27.,Malicious Programs,Normal/Ignore,Allow,False
RANSOMWARE_AND_DESTRUCTIVE_DEPLOYMENT-028,ransomware_and_destructive_deployment,Evidence indicates this download installs the ransomware on a business network; inert case 28.,Malicious Programs,Normal/Ignore,Allow,False
RANSOMWARE_AND_DESTRUCTIVE_DEPLOYMENT-029,ransomware_and_destructive_deployment,This attachment currently deploys the ransomware that encrypts files for ransom on selected workstations; inert case 29.,Malicious Programs,Normal/Ignore,Allow,False
RANSOMWARE_AND_DESTRUCTIVE_DEPLOYMENT-030,ransomware_and_destructive_deployment,This upload launches the destructive wiper that wipes device data on unwitting user devices; inert case 30.,Malicious Programs,Normal/Ignore,Allow,False
RANSOMWARE_AND_DESTRUCTIVE_DEPLOYMENT-031,ransomware_and_destructive_deployment,This post delivers the program to targets: malware that destroys stored files on a victim account; inert case 31.,Malicious Programs,Normal/Ignore,Allow,False
RANSOMWARE_AND_DESTRUCTIVE_DEPLOYMENT-032,ransomware_and_destructive_deployment,Evidence indicates this download installs the ransomware on a business network; inert case 32.,Malicious Programs,Normal/Ignore,Allow,False
RANSOMWARE_AND_DESTRUCTIVE_DEPLOYMENT-033,ransomware_and_destructive_deployment,This attachment currently deploys the ransomware that encrypts files for ransom on selected workstations; inert case 33.,Malicious Programs,Normal/Ignore,Allow,False
RANSOMWARE_AND_DESTRUCTIVE_DEPLOYMENT-034,ransomware_and_destructive_deployment,This upload launches the destructive wiper that wipes device data on unwitting user devices; inert case 34.,Malicious Programs,Normal/Ignore,Allow,False
RANSOMWARE_AND_DESTRUCTIVE_DEPLOYMENT-035,ransomware_and_destructive_deployment,This post delivers the program to targets: malware that destroys stored files on a victim account; inert case 35.,Malicious Programs,Normal/Ignore,Allow,False
RANSOMWARE_AND_DESTRUCTIVE_DEPLOYMENT-036,ransomware_and_destructive_deployment,Evidence indicates this download installs the ransomware on a business network; inert case 36.,Malicious Programs,Normal/Ignore,Allow,False
RANSOMWARE_AND_DESTRUCTIVE_DEPLOYMENT-037,ransomware_and_destructive_deployment,This attachment currently deploys the ransomware that encrypts files for ransom on selected workstations; inert case 37.,Malicious Programs,Normal/Ignore,Allow,False
RANSOMWARE_AND_DESTRUCTIVE_DEPLOYMENT-038,ransomware_and_destructive_deployment,This upload launches the destructive wiper that wipes device data on unwitting user devices; inert case 38.,Malicious Programs,Normal/Ignore,Allow,False
RANSOMWARE_AND_DESTRUCTIVE_DEPLOYMENT-039,ransomware_and_destructive_deployment,This post delivers the program to targets: malware that destroys stored files on a victim account; inert case 39.,Malicious Programs,Normal/Ignore,Allow,False
RANSOMWARE_AND_DESTRUCTIVE_DEPLOYMENT-040,ransomware_and_destructive_deployment,Evidence indicates this download installs the ransomware on a business network; inert case 40.,Malicious Programs,Normal/Ignore,Allow,False
RANSOMWARE_AND_DESTRUCTIVE_DEPLOYMENT-041,ransomware_and_destructive_deployment,This attachment currently deploys the ransomware that encrypts files for ransom on selected workstations; inert case 41.,Malicious Programs,Normal/Ignore,Allow,False
RANSOMWARE_AND_DESTRUCTIVE_DEPLOYMENT-042,ransomware_and_destructive_deployment,This upload launches the destructive wiper that wipes device data on unwitting user devices; inert case 42.,Malicious Programs,Normal/Ignore,Allow,False
RANSOMWARE_AND_DESTRUCTIVE_DEPLOYMENT-043,ransomware_and_destructive_deployment,This post delivers the program to targets: malware that destroys stored files on a victim account; inert case 43.,Malicious Programs,Normal/Ignore,Allow,False
RANSOMWARE_AND_DESTRUCTIVE_DEPLOYMENT-044,ransomware_and_destructive_deployment,Evidence indicates this download installs the ransomware on a business network; inert case 44.,Malicious Programs,Normal/Ignore,Allow,False
RANSOMWARE_AND_DESTRUCTIVE_DEPLOYMENT-045,ransomware_and_destructive_deployment,This attachment currently deploys the ransomware that encrypts files for ransom on selected workstations; inert case 45.,Malicious Programs,Normal/Ignore,Allow,False
RANSOMWARE_AND_DESTRUCTIVE_DEPLOYMENT-046,ransomware_and_destructive_deployment,This upload launches the destructive wiper that wipes device data on unwitting user devices; inert case 46.,Malicious Programs,Normal/Ignore,Allow,False
RANSOMWARE_AND_DESTRUCTIVE_DEPLOYMENT-047,ransomware_and_destructive_deployment,This post delivers the program to targets: malware that destroys stored files on a victim account; inert case 47.,Malicious Programs,Normal/Ignore,Allow,False
RANSOMWARE_AND_DESTRUCTIVE_DEPLOYMENT-048,ransomware_and_destructive_deployment,Evidence indicates this download installs the ransomware on a business network; inert case 48.,Malicious Programs,Normal/Ignore,Allow,False
RANSOMWARE_AND_DESTRUCTIVE_DEPLOYMENT-049,ransomware_and_destructive_deployment,This attachment currently deploys the ransomware that encrypts files for ransom on selected workstations; inert case 49.,Malicious Programs,Normal/Ignore,Allow,False
RANSOMWARE_AND_DESTRUCTIVE_DEPLOYMENT-050,ransomware_and_destructive_deployment,This upload launches the destructive wiper that wipes device data on unwitting user devices; inert case 50.,Malicious Programs,Normal/Ignore,Allow,False
CREDENTIAL_THEFT_AND_SPYWARE-001,credential_theft_and_spyware,This download sends the binary containing a credential-stealing program to selected workstations; inert case 1.,Malicious Programs,Normal/Ignore,Allow,False
CREDENTIAL_THEFT_AND_SPYWARE-002,credential_theft_and_spyware,This upload distributes the keylogger that captures passwords from unwitting user devices; inert case 2.,Malicious Programs,Normal/Ignore,Allow,False
CREDENTIAL_THEFT_AND_SPYWARE-003,credential_theft_and_spyware,This account provides access to the information stealer that steals login credentials from a victim account; inert case 3.,Malicious Programs,Normal/Ignore,Allow,False
CREDENTIAL_THEFT_AND_SPYWARE-004,credential_theft_and_spyware,The incident contains spyware and this attachment runs the payload against a business network; inert case 4.,Malicious Programs,Normal/Ignore,Allow,False
CREDENTIAL_THEFT_AND_SPYWARE-005,credential_theft_and_spyware,This download sends the binary containing a credential-stealing program to selected workstations; inert case 5.,Malicious Programs,Normal/Ignore,Allow,False
CREDENTIAL_THEFT_AND_SPYWARE-006,credential_theft_and_spyware,This upload distributes the keylogger that captures passwords from unwitting user devices; inert case 6.,Malicious Programs,Normal/Ignore,Allow,False
CREDENTIAL_THEFT_AND_SPYWARE-007,credential_theft_and_spyware,This account provides access to the information stealer that steals login credentials from a victim account; inert case 7.,Malicious Programs,Normal/Ignore,Allow,False
CREDENTIAL_THEFT_AND_SPYWARE-008,credential_theft_and_spyware,The incident contains spyware and this attachment runs the payload against a business network; inert case 8.,Malicious Programs,Normal/Ignore,Allow,False
CREDENTIAL_THEFT_AND_SPYWARE-009,credential_theft_and_spyware,This download sends the binary containing a credential-stealing program to selected workstations; inert case 9.,Malicious Programs,Normal/Ignore,Allow,False
CREDENTIAL_THEFT_AND_SPYWARE-010,credential_theft_and_spyware,This upload distributes the keylogger that captures passwords from unwitting user devices; inert case 10.,Malicious Programs,Normal/Ignore,Allow,False
CREDENTIAL_THEFT_AND_SPYWARE-011,credential_theft_and_spyware,This account provides access to the information stealer that steals login credentials from a victim account; inert case 11.,Malicious Programs,Normal/Ignore,Allow,False
CREDENTIAL_THEFT_AND_SPYWARE-012,credential_theft_and_spyware,The incident contains spyware and this attachment runs the payload against a business network; inert case 12.,Malicious Programs,Normal/Ignore,Allow,False
CREDENTIAL_THEFT_AND_SPYWARE-013,credential_theft_and_spyware,This download sends the binary containing a credential-stealing program to selected workstations; inert case 13.,Malicious Programs,Normal/Ignore,Allow,False
CREDENTIAL_THEFT_AND_SPYWARE-014,credential_theft_and_spyware,This upload distributes the keylogger that captures passwords from unwitting user devices; inert case 14.,Malicious Programs,Normal/Ignore,Allow,False
CREDENTIAL_THEFT_AND_SPYWARE-015,credential_theft_and_spyware,This account provides access to the information stealer that steals login credentials from a victim account; inert case 15.,Malicious Programs,Normal/Ignore,Allow,False
CREDENTIAL_THEFT_AND_SPYWARE-016,credential_theft_and_spyware,The incident contains spyware and this attachment runs the payload against a business network; inert case 16.,Malicious Programs,Normal/Ignore,Allow,False
CREDENTIAL_THEFT_AND_SPYWARE-017,credential_theft_and_spyware,This download sends the binary containing a credential-stealing program to selected workstations; inert case 17.,Malicious Programs,Normal/Ignore,Allow,False
CREDENTIAL_THEFT_AND_SPYWARE-018,credential_theft_and_spyware,This upload distributes the keylogger that captures passwords from unwitting user devices; inert case 18.,Malicious Programs,Normal/Ignore,Allow,False
CREDENTIAL_THEFT_AND_SPYWARE-019,credential_theft_and_spyware,This account provides access to the information stealer that steals login credentials from a victim account; inert case 19.,Malicious Programs,Normal/Ignore,Allow,False
CREDENTIAL_THEFT_AND_SPYWARE-020,credential_theft_and_spyware,The incident contains spyware and this attachment runs the payload against a business network; inert case 20.,Malicious Programs,Normal/Ignore,Allow,False
CREDENTIAL_THEFT_AND_SPYWARE-021,credential_theft_and_spyware,This download sends the binary containing a credential-stealing program to selected workstations; inert case 21.,Malicious Programs,Normal/Ignore,Allow,False
CREDENTIAL_THEFT_AND_SPYWARE-022,credential_theft_and_spyware,This upload distributes the keylogger that captures passwords from unwitting user devices; inert case 22.,Malicious Programs,Normal/Ignore,Allow,False
CREDENTIAL_THEFT_AND_SPYWARE-023,credential_theft_and_spyware,This account provides access to the information stealer that steals login credentials from a victim account; inert case 23.,Malicious Programs,Normal/Ignore,Allow,False
CREDENTIAL_THEFT_AND_SPYWARE-024,credential_theft_and_spyware,The incident contains spyware and this attachment runs the payload against a business network; inert case 24.,Malicious Programs,Normal/Ignore,Allow,False
CREDENTIAL_THEFT_AND_SPYWARE-025,credential_theft_and_spyware,This download sends the binary containing a credential-stealing program to selected workstations; inert case 25.,Malicious Programs,Normal/Ignore,Allow,False
CREDENTIAL_THEFT_AND_SPYWARE-026,credential_theft_and_spyware,This upload distributes the keylogger that captures passwords from unwitting user devices; inert case 26.,Malicious Programs,Normal/Ignore,Allow,False
CREDENTIAL_THEFT_AND_SPYWARE-027,credential_theft_and_spyware,This account provides access to the information stealer that steals login credentials from a victim account; inert case 27.,Malicious Programs,Normal/Ignore,Allow,False
CREDENTIAL_THEFT_AND_SPYWARE-028,credential_theft_and_spyware,The incident contains spyware and this attachment runs the payload against a business network; inert case 28.,Malicious Programs,Normal/Ignore,Allow,False
CREDENTIAL_THEFT_AND_SPYWARE-029,credential_theft_and_spyware,This download sends the binary containing a credential-stealing program to selected workstations; inert case 29.,Malicious Programs,Normal/Ignore,Allow,False
CREDENTIAL_THEFT_AND_SPYWARE-030,credential_theft_and_spyware,This upload distributes the keylogger that captures passwords from unwitting user devices; inert case 30.,Malicious Programs,Normal/Ignore,Allow,False
CREDENTIAL_THEFT_AND_SPYWARE-031,credential_theft_and_spyware,This account provides access to the information stealer that steals login credentials from a victim account; inert case 31.,Malicious Programs,Normal/Ignore,Allow,False
CREDENTIAL_THEFT_AND_SPYWARE-032,credential_theft_and_spyware,The incident contains spyware and this attachment runs the payload against a business network; inert case 32.,Malicious Programs,Normal/Ignore,Allow,False
CREDENTIAL_THEFT_AND_SPYWARE-033,credential_theft_and_spyware,This download sends the binary containing a credential-stealing program to selected workstations; inert case 33.,Malicious Programs,Normal/Ignore,Allow,False
CREDENTIAL_THEFT_AND_SPYWARE-034,credential_theft_and_spyware,This upload distributes the keylogger that captures passwords from unwitting user devices; inert case 34.,Malicious Programs,Normal/Ignore,Allow,False
CREDENTIAL_THEFT_AND_SPYWARE-035,credential_theft_and_spyware,This account provides access to the information stealer that steals login credentials from a victim account; inert case 35.,Malicious Programs,Normal/Ignore,Allow,False
CREDENTIAL_THEFT_AND_SPYWARE-036,credential_theft_and_spyware,The incident contains spyware and this attachment runs the payload against a business network; inert case 36.,Malicious Programs,Normal/Ignore,Allow,False
CREDENTIAL_THEFT_AND_SPYWARE-037,credential_theft_and_spyware,This download sends the binary containing a credential-stealing program to selected workstations; inert case 37.,Malicious Programs,Normal/Ignore,Allow,False
CREDENTIAL_THEFT_AND_SPYWARE-038,credential_theft_and_spyware,This upload distributes the keylogger that captures passwords from unwitting user devices; inert case 38.,Malicious Programs,Normal/Ignore,Allow,False
CREDENTIAL_THEFT_AND_SPYWARE-039,credential_theft_and_spyware,This account provides access to the information stealer that steals login credentials from a victim account; inert case 39.,Malicious Programs,Normal/Ignore,Allow,False
CREDENTIAL_THEFT_AND_SPYWARE-040,credential_theft_and_spyware,The incident contains spyware and this attachment runs the payload against a business network; inert case 40.,Malicious Programs,Normal/Ignore,Allow,False
CREDENTIAL_THEFT_AND_SPYWARE-041,credential_theft_and_spyware,This download sends the binary containing a credential-stealing program to selected workstations; inert case 41.,Malicious Programs,Normal/Ignore,Allow,False
CREDENTIAL_THEFT_AND_SPYWARE-042,credential_theft_and_spyware,This upload distributes the keylogger that captures passwords from unwitting user devices; inert case 42.,Malicious Programs,Normal/Ignore,Allow,False
CREDENTIAL_THEFT_AND_SPYWARE-043,credential_theft_and_spyware,This account provides access to the information stealer that steals login credentials from a victim account; inert case 43.,Malicious Programs,Normal/Ignore,Allow,False
CREDENTIAL_THEFT_AND_SPYWARE-044,credential_theft_and_spyware,The incident contains spyware and this attachment runs the payload against a business network; inert case 44.,Malicious Programs,Normal/Ignore,Allow,False
CREDENTIAL_THEFT_AND_SPYWARE-045,credential_theft_and_spyware,This download sends the binary containing a credential-stealing program to selected workstations; inert case 45.,Malicious Programs,Normal/Ignore,Allow,False
CREDENTIAL_THEFT_AND_SPYWARE-046,credential_theft_and_spyware,This upload distributes the keylogger that captures passwords from unwitting user devices; inert case 46.,Malicious Programs,Normal/Ignore,Allow,False
CREDENTIAL_THEFT_AND_SPYWARE-047,credential_theft_and_spyware,This account provides access to the information stealer that steals login credentials from a victim account; inert case 47.,Malicious Programs,Normal/Ignore,Allow,False
CREDENTIAL_THEFT_AND_SPYWARE-048,credential_theft_and_spyware,The incident contains spyware and this attachment runs the payload against a business network; inert case 48.,Malicious Programs,Normal/Ignore,Allow,False
CREDENTIAL_THEFT_AND_SPYWARE-049,credential_theft_and_spyware,This download sends the binary containing a credential-stealing program to selected workstations; inert case 49.,Malicious Programs,Normal/Ignore,Allow,False
CREDENTIAL_THEFT_AND_SPYWARE-050,credential_theft_and_spyware,This upload distributes the keylogger that captures passwords from unwitting user devices; inert case 50.,Malicious Programs,Normal/Ignore,Allow,False
PERSISTENCE_EVASION_AND_REMOTE_CONTROL-001,persistence_evasion_and_remote_control,This post provides access to the malicious backdoor; evidence indicates it persists after restart on selected workstations; inert case 1.,Malicious Programs,Normal/Ignore,Allow,False
PERSISTENCE_EVASION_AND_REMOTE_CONTROL-002,persistence_evasion_and_remote_control,This upload distributes the rootkit that disables security tools on unwitting user devices; inert case 2.,Malicious Programs,Normal/Ignore,Allow,False
PERSISTENCE_EVASION_AND_REMOTE_CONTROL-003,persistence_evasion_and_remote_control,This attachment currently installs a botnet agent that joins devices to a botnet across a victim account; inert case 3.,Malicious Programs,Normal/Ignore,Allow,False
PERSISTENCE_EVASION_AND_REMOTE_CONTROL-004,persistence_evasion_and_remote_control,This download offers the program for download: a remote access trojan for unauthorized remote control of a business network; inert case 4.,Malicious Programs,Normal/Ignore,Allow,False
PERSISTENCE_EVASION_AND_REMOTE_CONTROL-005,persistence_evasion_and_remote_control,This post provides access to the malicious backdoor; evidence indicates it persists after restart on selected workstations; inert case 5.,Malicious Programs,Normal/Ignore,Allow,False
PERSISTENCE_EVASION_AND_REMOTE_CONTROL-006,persistence_evasion_and_remote_control,This upload distributes the rootkit that disables security tools on unwitting user devices; inert case 6.,Malicious Programs,Normal/Ignore,Allow,False
PERSISTENCE_EVASION_AND_REMOTE_CONTROL-007,persistence_evasion_and_remote_control,This attachment currently installs a botnet agent that joins devices to a botnet across a victim account; inert case 7.,Malicious Programs,Normal/Ignore,Allow,False
PERSISTENCE_EVASION_AND_REMOTE_CONTROL-008,persistence_evasion_and_remote_control,This download offers the program for download: a remote access trojan for unauthorized remote control of a business network; inert case 8.,Malicious Programs,Normal/Ignore,Allow,False
PERSISTENCE_EVASION_AND_REMOTE_CONTROL-009,persistence_evasion_and_remote_control,This post provides access to the malicious backdoor; evidence indicates it persists after restart on selected workstations; inert case 9.,Malicious Programs,Normal/Ignore,Allow,False
PERSISTENCE_EVASION_AND_REMOTE_CONTROL-010,persistence_evasion_and_remote_control,This upload distributes the rootkit that disables security tools on unwitting user devices; inert case 10.,Malicious Programs,Normal/Ignore,Allow,False
PERSISTENCE_EVASION_AND_REMOTE_CONTROL-011,persistence_evasion_and_remote_control,This attachment currently installs a botnet agent that joins devices to a botnet across a victim account; inert case 11.,Malicious Programs,Normal/Ignore,Allow,False
PERSISTENCE_EVASION_AND_REMOTE_CONTROL-012,persistence_evasion_and_remote_control,This download offers the program for download: a remote access trojan for unauthorized remote control of a business network; inert case 12.,Malicious Programs,Normal/Ignore,Allow,False
PERSISTENCE_EVASION_AND_REMOTE_CONTROL-013,persistence_evasion_and_remote_control,This post provides access to the malicious backdoor; evidence indicates it persists after restart on selected workstations; inert case 13.,Malicious Programs,Normal/Ignore,Allow,False
PERSISTENCE_EVASION_AND_REMOTE_CONTROL-014,persistence_evasion_and_remote_control,This upload distributes the rootkit that disables security tools on unwitting user devices; inert case 14.,Malicious Programs,Normal/Ignore,Allow,False
PERSISTENCE_EVASION_AND_REMOTE_CONTROL-015,persistence_evasion_and_remote_control,This attachment currently installs a botnet agent that joins devices to a botnet across a victim account; inert case 15.,Malicious Programs,Normal/Ignore,Allow,False
PERSISTENCE_EVASION_AND_REMOTE_CONTROL-016,persistence_evasion_and_remote_control,This download offers the program for download: a remote access trojan for unauthorized remote control of a business network; inert case 16.,Malicious Programs,Normal/Ignore,Allow,False
PERSISTENCE_EVASION_AND_REMOTE_CONTROL-017,persistence_evasion_and_remote_control,This post provides access to the malicious backdoor; evidence indicates it persists after restart on selected workstations; inert case 17.,Malicious Programs,Normal/Ignore,Allow,False
PERSISTENCE_EVASION_AND_REMOTE_CONTROL-018,persistence_evasion_and_remote_control,This upload distributes the rootkit that disables security tools on unwitting user devices; inert case 18.,Malicious Programs,Normal/Ignore,Allow,False
PERSISTENCE_EVASION_AND_REMOTE_CONTROL-019,persistence_evasion_and_remote_control,This attachment currently installs a botnet agent that joins devices to a botnet across a victim account; inert case 19.,Malicious Programs,Normal/Ignore,Allow,False
PERSISTENCE_EVASION_AND_REMOTE_CONTROL-020,persistence_evasion_and_remote_control,This download offers the program for download: a remote access trojan for unauthorized remote control of a business network; inert case 20.,Malicious Programs,Normal/Ignore,Allow,False
PERSISTENCE_EVASION_AND_REMOTE_CONTROL-021,persistence_evasion_and_remote_control,This post provides access to the malicious backdoor; evidence indicates it persists after restart on selected workstations; inert case 21.,Malicious Programs,Normal/Ignore,Allow,False
PERSISTENCE_EVASION_AND_REMOTE_CONTROL-022,persistence_evasion_and_remote_control,This upload distributes the rootkit that disables security tools on unwitting user devices; inert case 22.,Malicious Programs,Normal/Ignore,Allow,False
PERSISTENCE_EVASION_AND_REMOTE_CONTROL-023,persistence_evasion_and_remote_control,This attachment currently installs a botnet agent that joins devices to a botnet across a victim account; inert case 23.,Malicious Programs,Normal/Ignore,Allow,False
PERSISTENCE_EVASION_AND_REMOTE_CONTROL-024,persistence_evasion_and_remote_control,This download offers the program for download: a remote access trojan for unauthorized remote control of a business network; inert case 24.,Malicious Programs,Normal/Ignore,Allow,False
PERSISTENCE_EVASION_AND_REMOTE_CONTROL-025,persistence_evasion_and_remote_control,This post provides access to the malicious backdoor; evidence indicates it persists after restart on selected workstations; inert case 25.,Malicious Programs,Normal/Ignore,Allow,False
PERSISTENCE_EVASION_AND_REMOTE_CONTROL-026,persistence_evasion_and_remote_control,This upload distributes the rootkit that disables security tools on unwitting user devices; inert case 26.,Malicious Programs,Normal/Ignore,Allow,False
PERSISTENCE_EVASION_AND_REMOTE_CONTROL-027,persistence_evasion_and_remote_control,This attachment currently installs a botnet agent that joins devices to a botnet across a victim account; inert case 27.,Malicious Programs,Normal/Ignore,Allow,False
PERSISTENCE_EVASION_AND_REMOTE_CONTROL-028,persistence_evasion_and_remote_control,This download offers the program for download: a remote access trojan for unauthorized remote control of a business network; inert case 28.,Malicious Programs,Normal/Ignore,Allow,False
PERSISTENCE_EVASION_AND_REMOTE_CONTROL-029,persistence_evasion_and_remote_control,This post provides access to the malicious backdoor; evidence indicates it persists after restart on selected workstations; inert case 29.,Malicious Programs,Normal/Ignore,Allow,False
PERSISTENCE_EVASION_AND_REMOTE_CONTROL-030,persistence_evasion_and_remote_control,This upload distributes the rootkit that disables security tools on unwitting user devices; inert case 30.,Malicious Programs,Normal/Ignore,Allow,False
PERSISTENCE_EVASION_AND_REMOTE_CONTROL-031,persistence_evasion_and_remote_control,This attachment currently installs a botnet agent that joins devices to a botnet across a victim account; inert case 31.,Malicious Programs,Normal/Ignore,Allow,False
PERSISTENCE_EVASION_AND_REMOTE_CONTROL-032,persistence_evasion_and_remote_control,This download offers the program for download: a remote access trojan for unauthorized remote control of a business network; inert case 32.,Malicious Programs,Normal/Ignore,Allow,False
PERSISTENCE_EVASION_AND_REMOTE_CONTROL-033,persistence_evasion_and_remote_control,This post provides access to the malicious backdoor; evidence indicates it persists after restart on selected workstations; inert case 33.,Malicious Programs,Normal/Ignore,Allow,False
PERSISTENCE_EVASION_AND_REMOTE_CONTROL-034,persistence_evasion_and_remote_control,This upload distributes the rootkit that disables security tools on unwitting user devices; inert case 34.,Malicious Programs,Normal/Ignore,Allow,False
PERSISTENCE_EVASION_AND_REMOTE_CONTROL-035,persistence_evasion_and_remote_control,This attachment currently installs a botnet agent that joins devices to a botnet across a victim account; inert case 35.,Malicious Programs,Normal/Ignore,Allow,False
PERSISTENCE_EVASION_AND_REMOTE_CONTROL-036,persistence_evasion_and_remote_control,This download offers the program for download: a remote access trojan for unauthorized remote control of a business network; inert case 36.,Malicious Programs,Normal/Ignore,Allow,False
PERSISTENCE_EVASION_AND_REMOTE_CONTROL-037,persistence_evasion_and_remote_control,This post provides access to the malicious backdoor; evidence indicates it persists after restart on selected workstations; inert case 37.,Malicious Programs,Normal/Ignore,Allow,False
PERSISTENCE_EVASION_AND_REMOTE_CONTROL-038,persistence_evasion_and_remote_control,This upload distributes the rootkit that disables security tools on unwitting user devices; inert case 38.,Malicious Programs,Normal/Ignore,Allow,False
PERSISTENCE_EVASION_AND_REMOTE_CONTROL-039,persistence_evasion_and_remote_control,This attachment currently installs a botnet agent that joins devices to a botnet across a victim account; inert case 39.,Malicious Programs,Normal/Ignore,Allow,False
PERSISTENCE_EVASION_AND_REMOTE_CONTROL-040,persistence_evasion_and_remote_control,This download offers the program for download: a remote access trojan for unauthorized remote control of a business network; inert case 40.,Malicious Programs,Normal/Ignore,Allow,False
PERSISTENCE_EVASION_AND_REMOTE_CONTROL-041,persistence_evasion_and_remote_control,This post provides access to the malicious backdoor; evidence indicates it persists after restart on selected workstations; inert case 41.,Malicious Programs,Normal/Ignore,Allow,False
PERSISTENCE_EVASION_AND_REMOTE_CONTROL-042,persistence_evasion_and_remote_control,This upload distributes the rootkit that disables security tools on unwitting user devices; inert case 42.,Malicious Programs,Normal/Ignore,Allow,False
PERSISTENCE_EVASION_AND_REMOTE_CONTROL-043,persistence_evasion_and_remote_control,This attachment currently installs a botnet agent that joins devices to a botnet across a victim account; inert case 43.,Malicious Programs,Normal/Ignore,Allow,False
PERSISTENCE_EVASION_AND_REMOTE_CONTROL-044,persistence_evasion_and_remote_control,This download offers the program for download: a remote access trojan for unauthorized remote control of a business network; inert case 44.,Malicious Programs,Normal/Ignore,Allow,False
PERSISTENCE_EVASION_AND_REMOTE_CONTROL-045,persistence_evasion_and_remote_control,This post provides access to the malicious backdoor; evidence indicates it persists after restart on selected workstations; inert case 45.,Malicious Programs,Normal/Ignore,Allow,False
PERSISTENCE_EVASION_AND_REMOTE_CONTROL-046,persistence_evasion_and_remote_control,This upload distributes the rootkit that disables security tools on unwitting user devices; inert case 46.,Malicious Programs,Normal/Ignore,Allow,False
PERSISTENCE_EVASION_AND_REMOTE_CONTROL-047,persistence_evasion_and_remote_control,This attachment currently installs a botnet agent that joins devices to a botnet across a victim account; inert case 47.,Malicious Programs,Normal/Ignore,Allow,False
PERSISTENCE_EVASION_AND_REMOTE_CONTROL-048,persistence_evasion_and_remote_control,This download offers the program for download: a remote access trojan for unauthorized remote control of a business network; inert case 48.,Malicious Programs,Normal/Ignore,Allow,False
PERSISTENCE_EVASION_AND_REMOTE_CONTROL-049,persistence_evasion_and_remote_control,This post provides access to the malicious backdoor; evidence indicates it persists after restart on selected workstations; inert case 49.,Malicious Programs,Normal/Ignore,Allow,False
PERSISTENCE_EVASION_AND_REMOTE_CONTROL-050,persistence_evasion_and_remote_control,This upload distributes the rootkit that disables security tools on unwitting user devices; inert case 50.,Malicious Programs,Normal/Ignore,Allow,False
UNCERTAIN_ATTACHMENTS_AND_ARCHIVES-001,uncertain_attachments_and_archives,This attachment is an unknown executable attachment; purpose is unknown for selected workstations; review case 1.,Uncertain,Normal/Ignore,Allow,False
UNCERTAIN_ATTACHMENTS_AND_ARCHIVES-002,uncertain_attachments_and_archives,This upload contains a password-protected archive and its contents are unavailable for unwitting user devices; review case 2.,Uncertain,Normal/Ignore,Allow,False
UNCERTAIN_ATTACHMENTS_AND_ARCHIVES-003,uncertain_attachments_and_archives,This attachment contains an obfuscated script attachment whose capability is unclear for a victim account; review case 3.,Uncertain,Normal/Ignore,Allow,False
UNCERTAIN_ATTACHMENTS_AND_ARCHIVES-004,uncertain_attachments_and_archives,"This post references an unverified binary attachment, but authorization cannot be verified for a business network; review case 4.",Uncertain,Normal/Ignore,Allow,False
UNCERTAIN_ATTACHMENTS_AND_ARCHIVES-005,uncertain_attachments_and_archives,This attachment is an unknown executable attachment; purpose is unknown for selected workstations; review case 5.,Uncertain,Normal/Ignore,Allow,False
UNCERTAIN_ATTACHMENTS_AND_ARCHIVES-006,uncertain_attachments_and_archives,This upload contains a password-protected archive and its contents are unavailable for unwitting user devices; review case 6.,Uncertain,Normal/Ignore,Allow,False
UNCERTAIN_ATTACHMENTS_AND_ARCHIVES-007,uncertain_attachments_and_archives,This attachment contains an obfuscated script attachment whose capability is unclear for a victim account; review case 7.,Uncertain,Normal/Ignore,Allow,False
UNCERTAIN_ATTACHMENTS_AND_ARCHIVES-008,uncertain_attachments_and_archives,"This post references an unverified binary attachment, but authorization cannot be verified for a business network; review case 8.",Uncertain,Normal/Ignore,Allow,False
UNCERTAIN_ATTACHMENTS_AND_ARCHIVES-009,uncertain_attachments_and_archives,This attachment is an unknown executable attachment; purpose is unknown for selected workstations; review case 9.,Uncertain,Normal/Ignore,Allow,False
UNCERTAIN_ATTACHMENTS_AND_ARCHIVES-010,uncertain_attachments_and_archives,This upload contains a password-protected archive and its contents are unavailable for unwitting user devices; review case 10.,Uncertain,Normal/Ignore,Allow,False
UNCERTAIN_ATTACHMENTS_AND_ARCHIVES-011,uncertain_attachments_and_archives,This attachment contains an obfuscated script attachment whose capability is unclear for a victim account; review case 11.,Uncertain,Normal/Ignore,Allow,False
UNCERTAIN_ATTACHMENTS_AND_ARCHIVES-012,uncertain_attachments_and_archives,"This post references an unverified binary attachment, but authorization cannot be verified for a business network; review case 12.",Uncertain,Normal/Ignore,Allow,False
UNCERTAIN_ATTACHMENTS_AND_ARCHIVES-013,uncertain_attachments_and_archives,This attachment is an unknown executable attachment; purpose is unknown for selected workstations; review case 13.,Uncertain,Normal/Ignore,Allow,False
UNCERTAIN_ATTACHMENTS_AND_ARCHIVES-014,uncertain_attachments_and_archives,This upload contains a password-protected archive and its contents are unavailable for unwitting user devices; review case 14.,Uncertain,Normal/Ignore,Allow,False
UNCERTAIN_ATTACHMENTS_AND_ARCHIVES-015,uncertain_attachments_and_archives,This attachment contains an obfuscated script attachment whose capability is unclear for a victim account; review case 15.,Uncertain,Normal/Ignore,Allow,False
UNCERTAIN_ATTACHMENTS_AND_ARCHIVES-016,uncertain_attachments_and_archives,"This post references an unverified binary attachment, but authorization cannot be verified for a business network; review case 16.",Uncertain,Normal/Ignore,Allow,False
UNCERTAIN_ATTACHMENTS_AND_ARCHIVES-017,uncertain_attachments_and_archives,This attachment is an unknown executable attachment; purpose is unknown for selected workstations; review case 17.,Uncertain,Normal/Ignore,Allow,False
UNCERTAIN_ATTACHMENTS_AND_ARCHIVES-018,uncertain_attachments_and_archives,This upload contains a password-protected archive and its contents are unavailable for unwitting user devices; review case 18.,Uncertain,Normal/Ignore,Allow,False
UNCERTAIN_ATTACHMENTS_AND_ARCHIVES-019,uncertain_attachments_and_archives,This attachment contains an obfuscated script attachment whose capability is unclear for a victim account; review case 19.,Uncertain,Normal/Ignore,Allow,False
UNCERTAIN_ATTACHMENTS_AND_ARCHIVES-020,uncertain_attachments_and_archives,"This post references an unverified binary attachment, but authorization cannot be verified for a business network; review case 20.",Uncertain,Normal/Ignore,Allow,False
UNCERTAIN_ATTACHMENTS_AND_ARCHIVES-021,uncertain_attachments_and_archives,This attachment is an unknown executable attachment; purpose is unknown for selected workstations; review case 21.,Uncertain,Normal/Ignore,Allow,False
UNCERTAIN_ATTACHMENTS_AND_ARCHIVES-022,uncertain_attachments_and_archives,This upload contains a password-protected archive and its contents are unavailable for unwitting user devices; review case 22.,Uncertain,Normal/Ignore,Allow,False
UNCERTAIN_ATTACHMENTS_AND_ARCHIVES-023,uncertain_attachments_and_archives,This attachment contains an obfuscated script attachment whose capability is unclear for a victim account; review case 23.,Uncertain,Normal/Ignore,Allow,False
UNCERTAIN_ATTACHMENTS_AND_ARCHIVES-024,uncertain_attachments_and_archives,"This post references an unverified binary attachment, but authorization cannot be verified for a business network; review case 24.",Uncertain,Normal/Ignore,Allow,False
UNCERTAIN_ATTACHMENTS_AND_ARCHIVES-025,uncertain_attachments_and_archives,This attachment is an unknown executable attachment; purpose is unknown for selected workstations; review case 25.,Uncertain,Normal/Ignore,Allow,False
UNCERTAIN_ATTACHMENTS_AND_ARCHIVES-026,uncertain_attachments_and_archives,This upload contains a password-protected archive and its contents are unavailable for unwitting user devices; review case 26.,Uncertain,Normal/Ignore,Allow,False
UNCERTAIN_ATTACHMENTS_AND_ARCHIVES-027,uncertain_attachments_and_archives,This attachment contains an obfuscated script attachment whose capability is unclear for a victim account; review case 27.,Uncertain,Normal/Ignore,Allow,False
UNCERTAIN_ATTACHMENTS_AND_ARCHIVES-028,uncertain_attachments_and_archives,"This post references an unverified binary attachment, but authorization cannot be verified for a business network; review case 28.",Uncertain,Normal/Ignore,Allow,False
UNCERTAIN_ATTACHMENTS_AND_ARCHIVES-029,uncertain_attachments_and_archives,This attachment is an unknown executable attachment; purpose is unknown for selected workstations; review case 29.,Uncertain,Normal/Ignore,Allow,False
UNCERTAIN_ATTACHMENTS_AND_ARCHIVES-030,uncertain_attachments_and_archives,This upload contains a password-protected archive and its contents are unavailable for unwitting user devices; review case 30.,Uncertain,Normal/Ignore,Allow,False
UNCERTAIN_ATTACHMENTS_AND_ARCHIVES-031,uncertain_attachments_and_archives,This attachment contains an obfuscated script attachment whose capability is unclear for a victim account; review case 31.,Uncertain,Normal/Ignore,Allow,False
UNCERTAIN_ATTACHMENTS_AND_ARCHIVES-032,uncertain_attachments_and_archives,"This post references an unverified binary attachment, but authorization cannot be verified for a business network; review case 32.",Uncertain,Normal/Ignore,Allow,False
UNCERTAIN_ATTACHMENTS_AND_ARCHIVES-033,uncertain_attachments_and_archives,This attachment is an unknown executable attachment; purpose is unknown for selected workstations; review case 33.,Uncertain,Normal/Ignore,Allow,False
UNCERTAIN_ATTACHMENTS_AND_ARCHIVES-034,uncertain_attachments_and_archives,This upload contains a password-protected archive and its contents are unavailable for unwitting user devices; review case 34.,Uncertain,Normal/Ignore,Allow,False
UNCERTAIN_ATTACHMENTS_AND_ARCHIVES-035,uncertain_attachments_and_archives,This attachment contains an obfuscated script attachment whose capability is unclear for a victim account; review case 35.,Uncertain,Normal/Ignore,Allow,False
UNCERTAIN_ATTACHMENTS_AND_ARCHIVES-036,uncertain_attachments_and_archives,"This post references an unverified binary attachment, but authorization cannot be verified for a business network; review case 36.",Uncertain,Normal/Ignore,Allow,False
UNCERTAIN_ATTACHMENTS_AND_ARCHIVES-037,uncertain_attachments_and_archives,This attachment is an unknown executable attachment; purpose is unknown for selected workstations; review case 37.,Uncertain,Normal/Ignore,Allow,False
UNCERTAIN_ATTACHMENTS_AND_ARCHIVES-038,uncertain_attachments_and_archives,This upload contains a password-protected archive and its contents are unavailable for unwitting user devices; review case 38.,Uncertain,Normal/Ignore,Allow,False
UNCERTAIN_ATTACHMENTS_AND_ARCHIVES-039,uncertain_attachments_and_archives,This attachment contains an obfuscated script attachment whose capability is unclear for a victim account; review case 39.,Uncertain,Normal/Ignore,Allow,False
UNCERTAIN_ATTACHMENTS_AND_ARCHIVES-040,uncertain_attachments_and_archives,"This post references an unverified binary attachment, but authorization cannot be verified for a business network; review case 40.",Uncertain,Normal/Ignore,Allow,False
UNCERTAIN_ATTACHMENTS_AND_ARCHIVES-041,uncertain_attachments_and_archives,This attachment is an unknown executable attachment; purpose is unknown for selected workstations; review case 41.,Uncertain,Normal/Ignore,Allow,False
UNCERTAIN_ATTACHMENTS_AND_ARCHIVES-042,uncertain_attachments_and_archives,This upload contains a password-protected archive and its contents are unavailable for unwitting user devices; review case 42.,Uncertain,Normal/Ignore,Allow,False
UNCERTAIN_ATTACHMENTS_AND_ARCHIVES-043,uncertain_attachments_and_archives,This attachment contains an obfuscated script attachment whose capability is unclear for a victim account; review case 43.,Uncertain,Normal/Ignore,Allow,False
UNCERTAIN_ATTACHMENTS_AND_ARCHIVES-044,uncertain_attachments_and_archives,"This post references an unverified binary attachment, but authorization cannot be verified for a business network; review case 44.",Uncertain,Normal/Ignore,Allow,False
UNCERTAIN_ATTACHMENTS_AND_ARCHIVES-045,uncertain_attachments_and_archives,This attachment is an unknown executable attachment; purpose is unknown for selected workstations; review case 45.,Uncertain,Normal/Ignore,Allow,False
UNCERTAIN_ATTACHMENTS_AND_ARCHIVES-046,uncertain_attachments_and_archives,This upload contains a password-protected archive and its contents are unavailable for unwitting user devices; review case 46.,Uncertain,Normal/Ignore,Allow,False
UNCERTAIN_ATTACHMENTS_AND_ARCHIVES-047,uncertain_attachments_and_archives,This attachment contains an obfuscated script attachment whose capability is unclear for a victim account; review case 47.,Uncertain,Normal/Ignore,Allow,False
UNCERTAIN_ATTACHMENTS_AND_ARCHIVES-048,uncertain_attachments_and_archives,"This post references an unverified binary attachment, but authorization cannot be verified for a business network; review case 48.",Uncertain,Normal/Ignore,Allow,False
UNCERTAIN_ATTACHMENTS_AND_ARCHIVES-049,uncertain_attachments_and_archives,This attachment is an unknown executable attachment; purpose is unknown for selected workstations; review case 49.,Uncertain,Normal/Ignore,Allow,False
UNCERTAIN_ATTACHMENTS_AND_ARCHIVES-050,uncertain_attachments_and_archives,This upload contains a password-protected archive and its contents are unavailable for unwitting user devices; review case 50.,Uncertain,Normal/Ignore,Allow,False
DEFENSIVE_ANALYSIS_AND_INCIDENT_RESPONSE-001,defensive_analysis_and_incident_response,A defensive malware analysis for selected workstations contains no executable payload; safe case 1.,Normal/Ignore,Normal/Ignore,Allow,False
DEFENSIVE_ANALYSIS_AND_INCIDENT_RESPONSE-002,defensive_analysis_and_incident_response,An incident response report about ransomware uses an inert text-only example for unwitting user devices; safe case 2.,Normal/Ignore,Normal/Ignore,Allow,False
DEFENSIVE_ANALYSIS_AND_INCIDENT_RESPONSE-003,defensive_analysis_and_incident_response,A forensic investigation of spyware says indicators are redacted for a victim account; safe case 3.,Normal/Ignore,Normal/Ignore,Allow,False
DEFENSIVE_ANALYSIS_AND_INCIDENT_RESPONSE-004,defensive_analysis_and_incident_response,A threat intelligence summary about a botnet contains no downloadable program for a business network; safe case 4.,Normal/Ignore,Normal/Ignore,Allow,False
DEFENSIVE_ANALYSIS_AND_INCIDENT_RESPONSE-005,defensive_analysis_and_incident_response,A defensive malware analysis for selected workstations contains no executable payload; safe case 5.,Normal/Ignore,Normal/Ignore,Allow,False
DEFENSIVE_ANALYSIS_AND_INCIDENT_RESPONSE-006,defensive_analysis_and_incident_response,An incident response report about ransomware uses an inert text-only example for unwitting user devices; safe case 6.,Normal/Ignore,Normal/Ignore,Allow,False
DEFENSIVE_ANALYSIS_AND_INCIDENT_RESPONSE-007,defensive_analysis_and_incident_response,A forensic investigation of spyware says indicators are redacted for a victim account; safe case 7.,Normal/Ignore,Normal/Ignore,Allow,False
DEFENSIVE_ANALYSIS_AND_INCIDENT_RESPONSE-008,defensive_analysis_and_incident_response,A threat intelligence summary about a botnet contains no downloadable program for a business network; safe case 8.,Normal/Ignore,Normal/Ignore,Allow,False
DEFENSIVE_ANALYSIS_AND_INCIDENT_RESPONSE-009,defensive_analysis_and_incident_response,A defensive malware analysis for selected workstations contains no executable payload; safe case 9.,Normal/Ignore,Normal/Ignore,Allow,False
DEFENSIVE_ANALYSIS_AND_INCIDENT_RESPONSE-010,defensive_analysis_and_incident_response,An incident response report about ransomware uses an inert text-only example for unwitting user devices; safe case 10.,Normal/Ignore,Normal/Ignore,Allow,False
DEFENSIVE_ANALYSIS_AND_INCIDENT_RESPONSE-011,defensive_analysis_and_incident_response,A forensic investigation of spyware says indicators are redacted for a victim account; safe case 11.,Normal/Ignore,Normal/Ignore,Allow,False
DEFENSIVE_ANALYSIS_AND_INCIDENT_RESPONSE-012,defensive_analysis_and_incident_response,A threat intelligence summary about a botnet contains no downloadable program for a business network; safe case 12.,Normal/Ignore,Normal/Ignore,Allow,False
DEFENSIVE_ANALYSIS_AND_INCIDENT_RESPONSE-013,defensive_analysis_and_incident_response,A defensive malware analysis for selected workstations contains no executable payload; safe case 13.,Normal/Ignore,Normal/Ignore,Allow,False
DEFENSIVE_ANALYSIS_AND_INCIDENT_RESPONSE-014,defensive_analysis_and_incident_response,An incident response report about ransomware uses an inert text-only example for unwitting user devices; safe case 14.,Normal/Ignore,Normal/Ignore,Allow,False
DEFENSIVE_ANALYSIS_AND_INCIDENT_RESPONSE-015,defensive_analysis_and_incident_response,A forensic investigation of spyware says indicators are redacted for a victim account; safe case 15.,Normal/Ignore,Normal/Ignore,Allow,False
DEFENSIVE_ANALYSIS_AND_INCIDENT_RESPONSE-016,defensive_analysis_and_incident_response,A threat intelligence summary about a botnet contains no downloadable program for a business network; safe case 16.,Normal/Ignore,Normal/Ignore,Allow,False
DEFENSIVE_ANALYSIS_AND_INCIDENT_RESPONSE-017,defensive_analysis_and_incident_response,A defensive malware analysis for selected workstations contains no executable payload; safe case 17.,Normal/Ignore,Normal/Ignore,Allow,False
DEFENSIVE_ANALYSIS_AND_INCIDENT_RESPONSE-018,defensive_analysis_and_incident_response,An incident response report about ransomware uses an inert text-only example for unwitting user devices; safe case 18.,Normal/Ignore,Normal/Ignore,Allow,False
DEFENSIVE_ANALYSIS_AND_INCIDENT_RESPONSE-019,defensive_analysis_and_incident_response,A forensic investigation of spyware says indicators are redacted for a victim account; safe case 19.,Normal/Ignore,Normal/Ignore,Allow,False
DEFENSIVE_ANALYSIS_AND_INCIDENT_RESPONSE-020,defensive_analysis_and_incident_response,A threat intelligence summary about a botnet contains no downloadable program for a business network; safe case 20.,Normal/Ignore,Normal/Ignore,Allow,False
DEFENSIVE_ANALYSIS_AND_INCIDENT_RESPONSE-021,defensive_analysis_and_incident_response,A defensive malware analysis for selected workstations contains no executable payload; safe case 21.,Normal/Ignore,Normal/Ignore,Allow,False
DEFENSIVE_ANALYSIS_AND_INCIDENT_RESPONSE-022,defensive_analysis_and_incident_response,An incident response report about ransomware uses an inert text-only example for unwitting user devices; safe case 22.,Normal/Ignore,Normal/Ignore,Allow,False
DEFENSIVE_ANALYSIS_AND_INCIDENT_RESPONSE-023,defensive_analysis_and_incident_response,A forensic investigation of spyware says indicators are redacted for a victim account; safe case 23.,Normal/Ignore,Normal/Ignore,Allow,False
DEFENSIVE_ANALYSIS_AND_INCIDENT_RESPONSE-024,defensive_analysis_and_incident_response,A threat intelligence summary about a botnet contains no downloadable program for a business network; safe case 24.,Normal/Ignore,Normal/Ignore,Allow,False
DEFENSIVE_ANALYSIS_AND_INCIDENT_RESPONSE-025,defensive_analysis_and_incident_response,A defensive malware analysis for selected workstations contains no executable payload; safe case 25.,Normal/Ignore,Normal/Ignore,Allow,False
DEFENSIVE_ANALYSIS_AND_INCIDENT_RESPONSE-026,defensive_analysis_and_incident_response,An incident response report about ransomware uses an inert text-only example for unwitting user devices; safe case 26.,Normal/Ignore,Normal/Ignore,Allow,False
DEFENSIVE_ANALYSIS_AND_INCIDENT_RESPONSE-027,defensive_analysis_and_incident_response,A forensic investigation of spyware says indicators are redacted for a victim account; safe case 27.,Normal/Ignore,Normal/Ignore,Allow,False
DEFENSIVE_ANALYSIS_AND_INCIDENT_RESPONSE-028,defensive_analysis_and_incident_response,A threat intelligence summary about a botnet contains no downloadable program for a business network; safe case 28.,Normal/Ignore,Normal/Ignore,Allow,False
DEFENSIVE_ANALYSIS_AND_INCIDENT_RESPONSE-029,defensive_analysis_and_incident_response,A defensive malware analysis for selected workstations contains no executable payload; safe case 29.,Normal/Ignore,Normal/Ignore,Allow,False
DEFENSIVE_ANALYSIS_AND_INCIDENT_RESPONSE-030,defensive_analysis_and_incident_response,An incident response report about ransomware uses an inert text-only example for unwitting user devices; safe case 30.,Normal/Ignore,Normal/Ignore,Allow,False
DEFENSIVE_ANALYSIS_AND_INCIDENT_RESPONSE-031,defensive_analysis_and_incident_response,A forensic investigation of spyware says indicators are redacted for a victim account; safe case 31.,Normal/Ignore,Normal/Ignore,Allow,False
DEFENSIVE_ANALYSIS_AND_INCIDENT_RESPONSE-032,defensive_analysis_and_incident_response,A threat intelligence summary about a botnet contains no downloadable program for a business network; safe case 32.,Normal/Ignore,Normal/Ignore,Allow,False
DEFENSIVE_ANALYSIS_AND_INCIDENT_RESPONSE-033,defensive_analysis_and_incident_response,A defensive malware analysis for selected workstations contains no executable payload; safe case 33.,Normal/Ignore,Normal/Ignore,Allow,False
DEFENSIVE_ANALYSIS_AND_INCIDENT_RESPONSE-034,defensive_analysis_and_incident_response,An incident response report about ransomware uses an inert text-only example for unwitting user devices; safe case 34.,Normal/Ignore,Normal/Ignore,Allow,False
DEFENSIVE_ANALYSIS_AND_INCIDENT_RESPONSE-035,defensive_analysis_and_incident_response,A forensic investigation of spyware says indicators are redacted for a victim account; safe case 35.,Normal/Ignore,Normal/Ignore,Allow,False
DEFENSIVE_ANALYSIS_AND_INCIDENT_RESPONSE-036,defensive_analysis_and_incident_response,A threat intelligence summary about a botnet contains no downloadable program for a business network; safe case 36.,Normal/Ignore,Normal/Ignore,Allow,False
DEFENSIVE_ANALYSIS_AND_INCIDENT_RESPONSE-037,defensive_analysis_and_incident_response,A defensive malware analysis for selected workstations contains no executable payload; safe case 37.,Normal/Ignore,Normal/Ignore,Allow,False
DEFENSIVE_ANALYSIS_AND_INCIDENT_RESPONSE-038,defensive_analysis_and_incident_response,An incident response report about ransomware uses an inert text-only example for unwitting user devices; safe case 38.,Normal/Ignore,Normal/Ignore,Allow,False
DEFENSIVE_ANALYSIS_AND_INCIDENT_RESPONSE-039,defensive_analysis_and_incident_response,A forensic investigation of spyware says indicators are redacted for a victim account; safe case 39.,Normal/Ignore,Normal/Ignore,Allow,False
DEFENSIVE_ANALYSIS_AND_INCIDENT_RESPONSE-040,defensive_analysis_and_incident_response,A threat intelligence summary about a botnet contains no downloadable program for a business network; safe case 40.,Normal/Ignore,Normal/Ignore,Allow,False
DEFENSIVE_ANALYSIS_AND_INCIDENT_RESPONSE-041,defensive_analysis_and_incident_response,A defensive malware analysis for selected workstations contains no executable payload; safe case 41.,Normal/Ignore,Normal/Ignore,Allow,False
DEFENSIVE_ANALYSIS_AND_INCIDENT_RESPONSE-042,defensive_analysis_and_incident_response,An incident response report about ransomware uses an inert text-only example for unwitting user devices; safe case 42.,Normal/Ignore,Normal/Ignore,Allow,False
DEFENSIVE_ANALYSIS_AND_INCIDENT_RESPONSE-043,defensive_analysis_and_incident_response,A forensic investigation of spyware says indicators are redacted for a victim account; safe case 43.,Normal/Ignore,Normal/Ignore,Allow,False
DEFENSIVE_ANALYSIS_AND_INCIDENT_RESPONSE-044,defensive_analysis_and_incident_response,A threat intelligence summary about a botnet contains no downloadable program for a business network; safe case 44.,Normal/Ignore,Normal/Ignore,Allow,False
DEFENSIVE_ANALYSIS_AND_INCIDENT_RESPONSE-045,defensive_analysis_and_incident_response,A defensive malware analysis for selected workstations contains no executable payload; safe case 45.,Normal/Ignore,Normal/Ignore,Allow,False
DEFENSIVE_ANALYSIS_AND_INCIDENT_RESPONSE-046,defensive_analysis_and_incident_response,An incident response report about ransomware uses an inert text-only example for unwitting user devices; safe case 46.,Normal/Ignore,Normal/Ignore,Allow,False
DEFENSIVE_ANALYSIS_AND_INCIDENT_RESPONSE-047,defensive_analysis_and_incident_response,A forensic investigation of spyware says indicators are redacted for a victim account; safe case 47.,Normal/Ignore,Normal/Ignore,Allow,False
DEFENSIVE_ANALYSIS_AND_INCIDENT_RESPONSE-048,defensive_analysis_and_incident_response,A threat intelligence summary about a botnet contains no downloadable program for a business network; safe case 48.,Normal/Ignore,Normal/Ignore,Allow,False
DEFENSIVE_ANALYSIS_AND_INCIDENT_RESPONSE-049,defensive_analysis_and_incident_response,A defensive malware analysis for selected workstations contains no executable payload; safe case 49.,Normal/Ignore,Normal/Ignore,Allow,False
DEFENSIVE_ANALYSIS_AND_INCIDENT_RESPONSE-050,defensive_analysis_and_incident_response,An incident response report about ransomware uses an inert text-only example for unwitting user devices; safe case 50.,Normal/Ignore,Normal/Ignore,Allow,False
DETECTION_PREVENTION_AND_SANDBOX_REPORTS-001,detection_prevention_and_sandbox_reports,A sandbox analysis report describes malware prevention only and contains no executable payload for selected workstations; safe case 1.,Normal/Ignore,Normal/Ignore,Allow,False
DETECTION_PREVENTION_AND_SANDBOX_REPORTS-002,detection_prevention_and_sandbox_reports,Detection engineering documentation says infrastructure addresses are redacted for unwitting user devices; safe case 2.,Normal/Ignore,Normal/Ignore,Allow,False
DETECTION_PREVENTION_AND_SANDBOX_REPORTS-003,detection_prevention_and_sandbox_reports,Security awareness training about a keylogger contains no downloadable program for a victim account; safe case 3.,Normal/Ignore,Normal/Ignore,Allow,False
DETECTION_PREVENTION_AND_SANDBOX_REPORTS-004,detection_prevention_and_sandbox_reports,A malware prevention guide for a business network does not provide operational access; safe case 4.,Normal/Ignore,Normal/Ignore,Allow,False
DETECTION_PREVENTION_AND_SANDBOX_REPORTS-005,detection_prevention_and_sandbox_reports,A sandbox analysis report describes malware prevention only and contains no executable payload for selected workstations; safe case 5.,Normal/Ignore,Normal/Ignore,Allow,False
DETECTION_PREVENTION_AND_SANDBOX_REPORTS-006,detection_prevention_and_sandbox_reports,Detection engineering documentation says infrastructure addresses are redacted for unwitting user devices; safe case 6.,Normal/Ignore,Normal/Ignore,Allow,False
DETECTION_PREVENTION_AND_SANDBOX_REPORTS-007,detection_prevention_and_sandbox_reports,Security awareness training about a keylogger contains no downloadable program for a victim account; safe case 7.,Normal/Ignore,Normal/Ignore,Allow,False
DETECTION_PREVENTION_AND_SANDBOX_REPORTS-008,detection_prevention_and_sandbox_reports,A malware prevention guide for a business network does not provide operational access; safe case 8.,Normal/Ignore,Normal/Ignore,Allow,False
DETECTION_PREVENTION_AND_SANDBOX_REPORTS-009,detection_prevention_and_sandbox_reports,A sandbox analysis report describes malware prevention only and contains no executable payload for selected workstations; safe case 9.,Normal/Ignore,Normal/Ignore,Allow,False
DETECTION_PREVENTION_AND_SANDBOX_REPORTS-010,detection_prevention_and_sandbox_reports,Detection engineering documentation says infrastructure addresses are redacted for unwitting user devices; safe case 10.,Normal/Ignore,Normal/Ignore,Allow,False
DETECTION_PREVENTION_AND_SANDBOX_REPORTS-011,detection_prevention_and_sandbox_reports,Security awareness training about a keylogger contains no downloadable program for a victim account; safe case 11.,Normal/Ignore,Normal/Ignore,Allow,False
DETECTION_PREVENTION_AND_SANDBOX_REPORTS-012,detection_prevention_and_sandbox_reports,A malware prevention guide for a business network does not provide operational access; safe case 12.,Normal/Ignore,Normal/Ignore,Allow,False
DETECTION_PREVENTION_AND_SANDBOX_REPORTS-013,detection_prevention_and_sandbox_reports,A sandbox analysis report describes malware prevention only and contains no executable payload for selected workstations; safe case 13.,Normal/Ignore,Normal/Ignore,Allow,False
DETECTION_PREVENTION_AND_SANDBOX_REPORTS-014,detection_prevention_and_sandbox_reports,Detection engineering documentation says infrastructure addresses are redacted for unwitting user devices; safe case 14.,Normal/Ignore,Normal/Ignore,Allow,False
DETECTION_PREVENTION_AND_SANDBOX_REPORTS-015,detection_prevention_and_sandbox_reports,Security awareness training about a keylogger contains no downloadable program for a victim account; safe case 15.,Normal/Ignore,Normal/Ignore,Allow,False
DETECTION_PREVENTION_AND_SANDBOX_REPORTS-016,detection_prevention_and_sandbox_reports,A malware prevention guide for a business network does not provide operational access; safe case 16.,Normal/Ignore,Normal/Ignore,Allow,False
DETECTION_PREVENTION_AND_SANDBOX_REPORTS-017,detection_prevention_and_sandbox_reports,A sandbox analysis report describes malware prevention only and contains no executable payload for selected workstations; safe case 17.,Normal/Ignore,Normal/Ignore,Allow,False
DETECTION_PREVENTION_AND_SANDBOX_REPORTS-018,detection_prevention_and_sandbox_reports,Detection engineering documentation says infrastructure addresses are redacted for unwitting user devices; safe case 18.,Normal/Ignore,Normal/Ignore,Allow,False
DETECTION_PREVENTION_AND_SANDBOX_REPORTS-019,detection_prevention_and_sandbox_reports,Security awareness training about a keylogger contains no downloadable program for a victim account; safe case 19.,Normal/Ignore,Normal/Ignore,Allow,False
DETECTION_PREVENTION_AND_SANDBOX_REPORTS-020,detection_prevention_and_sandbox_reports,A malware prevention guide for a business network does not provide operational access; safe case 20.,Normal/Ignore,Normal/Ignore,Allow,False
DETECTION_PREVENTION_AND_SANDBOX_REPORTS-021,detection_prevention_and_sandbox_reports,A sandbox analysis report describes malware prevention only and contains no executable payload for selected workstations; safe case 21.,Normal/Ignore,Normal/Ignore,Allow,False
DETECTION_PREVENTION_AND_SANDBOX_REPORTS-022,detection_prevention_and_sandbox_reports,Detection engineering documentation says infrastructure addresses are redacted for unwitting user devices; safe case 22.,Normal/Ignore,Normal/Ignore,Allow,False
DETECTION_PREVENTION_AND_SANDBOX_REPORTS-023,detection_prevention_and_sandbox_reports,Security awareness training about a keylogger contains no downloadable program for a victim account; safe case 23.,Normal/Ignore,Normal/Ignore,Allow,False
DETECTION_PREVENTION_AND_SANDBOX_REPORTS-024,detection_prevention_and_sandbox_reports,A malware prevention guide for a business network does not provide operational access; safe case 24.,Normal/Ignore,Normal/Ignore,Allow,False
DETECTION_PREVENTION_AND_SANDBOX_REPORTS-025,detection_prevention_and_sandbox_reports,A sandbox analysis report describes malware prevention only and contains no executable payload for selected workstations; safe case 25.,Normal/Ignore,Normal/Ignore,Allow,False
DETECTION_PREVENTION_AND_SANDBOX_REPORTS-026,detection_prevention_and_sandbox_reports,Detection engineering documentation says infrastructure addresses are redacted for unwitting user devices; safe case 26.,Normal/Ignore,Normal/Ignore,Allow,False
DETECTION_PREVENTION_AND_SANDBOX_REPORTS-027,detection_prevention_and_sandbox_reports,Security awareness training about a keylogger contains no downloadable program for a victim account; safe case 27.,Normal/Ignore,Normal/Ignore,Allow,False
DETECTION_PREVENTION_AND_SANDBOX_REPORTS-028,detection_prevention_and_sandbox_reports,A malware prevention guide for a business network does not provide operational access; safe case 28.,Normal/Ignore,Normal/Ignore,Allow,False
DETECTION_PREVENTION_AND_SANDBOX_REPORTS-029,detection_prevention_and_sandbox_reports,A sandbox analysis report describes malware prevention only and contains no executable payload for selected workstations; safe case 29.,Normal/Ignore,Normal/Ignore,Allow,False
DETECTION_PREVENTION_AND_SANDBOX_REPORTS-030,detection_prevention_and_sandbox_reports,Detection engineering documentation says infrastructure addresses are redacted for unwitting user devices; safe case 30.,Normal/Ignore,Normal/Ignore,Allow,False
DETECTION_PREVENTION_AND_SANDBOX_REPORTS-031,detection_prevention_and_sandbox_reports,Security awareness training about a keylogger contains no downloadable program for a victim account; safe case 31.,Normal/Ignore,Normal/Ignore,Allow,False
DETECTION_PREVENTION_AND_SANDBOX_REPORTS-032,detection_prevention_and_sandbox_reports,A malware prevention guide for a business network does not provide operational access; safe case 32.,Normal/Ignore,Normal/Ignore,Allow,False
DETECTION_PREVENTION_AND_SANDBOX_REPORTS-033,detection_prevention_and_sandbox_reports,A sandbox analysis report describes malware prevention only and contains no executable payload for selected workstations; safe case 33.,Normal/Ignore,Normal/Ignore,Allow,False
DETECTION_PREVENTION_AND_SANDBOX_REPORTS-034,detection_prevention_and_sandbox_reports,Detection engineering documentation says infrastructure addresses are redacted for unwitting user devices; safe case 34.,Normal/Ignore,Normal/Ignore,Allow,False
DETECTION_PREVENTION_AND_SANDBOX_REPORTS-035,detection_prevention_and_sandbox_reports,Security awareness training about a keylogger contains no downloadable program for a victim account; safe case 35.,Normal/Ignore,Normal/Ignore,Allow,False
DETECTION_PREVENTION_AND_SANDBOX_REPORTS-036,detection_prevention_and_sandbox_reports,A malware prevention guide for a business network does not provide operational access; safe case 36.,Normal/Ignore,Normal/Ignore,Allow,False
DETECTION_PREVENTION_AND_SANDBOX_REPORTS-037,detection_prevention_and_sandbox_reports,A sandbox analysis report describes malware prevention only and contains no executable payload for selected workstations; safe case 37.,Normal/Ignore,Normal/Ignore,Allow,False
DETECTION_PREVENTION_AND_SANDBOX_REPORTS-038,detection_prevention_and_sandbox_reports,Detection engineering documentation says infrastructure addresses are redacted for unwitting user devices; safe case 38.,Normal/Ignore,Normal/Ignore,Allow,False
DETECTION_PREVENTION_AND_SANDBOX_REPORTS-039,detection_prevention_and_sandbox_reports,Security awareness training about a keylogger contains no downloadable program for a victim account; safe case 39.,Normal/Ignore,Normal/Ignore,Allow,False
DETECTION_PREVENTION_AND_SANDBOX_REPORTS-040,detection_prevention_and_sandbox_reports,A malware prevention guide for a business network does not provide operational access; safe case 40.,Normal/Ignore,Normal/Ignore,Allow,False
DETECTION_PREVENTION_AND_SANDBOX_REPORTS-041,detection_prevention_and_sandbox_reports,A sandbox analysis report describes malware prevention only and contains no executable payload for selected workstations; safe case 41.,Normal/Ignore,Normal/Ignore,Allow,False
DETECTION_PREVENTION_AND_SANDBOX_REPORTS-042,detection_prevention_and_sandbox_reports,Detection engineering documentation says infrastructure addresses are redacted for unwitting user devices; safe case 42.,Normal/Ignore,Normal/Ignore,Allow,False
DETECTION_PREVENTION_AND_SANDBOX_REPORTS-043,detection_prevention_and_sandbox_reports,Security awareness training about a keylogger contains no downloadable program for a victim account; safe case 43.,Normal/Ignore,Normal/Ignore,Allow,False
DETECTION_PREVENTION_AND_SANDBOX_REPORTS-044,detection_prevention_and_sandbox_reports,A malware prevention guide for a business network does not provide operational access; safe case 44.,Normal/Ignore,Normal/Ignore,Allow,False
DETECTION_PREVENTION_AND_SANDBOX_REPORTS-045,detection_prevention_and_sandbox_reports,A sandbox analysis report describes malware prevention only and contains no executable payload for selected workstations; safe case 45.,Normal/Ignore,Normal/Ignore,Allow,False
DETECTION_PREVENTION_AND_SANDBOX_REPORTS-046,detection_prevention_and_sandbox_reports,Detection engineering documentation says infrastructure addresses are redacted for unwitting user devices; safe case 46.,Normal/Ignore,Normal/Ignore,Allow,False
DETECTION_PREVENTION_AND_SANDBOX_REPORTS-047,detection_prevention_and_sandbox_reports,Security awareness training about a keylogger contains no downloadable program for a victim account; safe case 47.,Normal/Ignore,Normal/Ignore,Allow,False
DETECTION_PREVENTION_AND_SANDBOX_REPORTS-048,detection_prevention_and_sandbox_reports,A malware prevention guide for a business network does not provide operational access; safe case 48.,Normal/Ignore,Normal/Ignore,Allow,False
DETECTION_PREVENTION_AND_SANDBOX_REPORTS-049,detection_prevention_and_sandbox_reports,A sandbox analysis report describes malware prevention only and contains no executable payload for selected workstations; safe case 49.,Normal/Ignore,Normal/Ignore,Allow,False
DETECTION_PREVENTION_AND_SANDBOX_REPORTS-050,detection_prevention_and_sandbox_reports,Detection engineering documentation says infrastructure addresses are redacted for unwitting user devices; safe case 50.,Normal/Ignore,Normal/Ignore,Allow,False
AUTHORIZED_RESEARCH_AND_TRAINING-001,authorized_research_and_training,Authorized security research discusses ransomware and contains no executable payload for selected workstations; safe case 1.,Normal/Ignore,Normal/Ignore,Allow,False
AUTHORIZED_RESEARCH_AND_TRAINING-002,authorized_research_and_training,An authorized penetration test uses synthetic credentials and no live target is involved for unwitting user devices; safe case 2.,Normal/Ignore,Normal/Ignore,Allow,False
AUTHORIZED_RESEARCH_AND_TRAINING-003,authorized_research_and_training,An academic cybersecurity course mentions a trojan program but uses an inert text-only example for a victim account; safe case 3.,Normal/Ignore,Normal/Ignore,Allow,False
AUTHORIZED_RESEARCH_AND_TRAINING-004,authorized_research_and_training,Security patch validation discusses a malicious backdoor and contains no downloadable program for a business network; safe case 4.,Normal/Ignore,Normal/Ignore,Allow,False
AUTHORIZED_RESEARCH_AND_TRAINING-005,authorized_research_and_training,Authorized security research discusses ransomware and contains no executable payload for selected workstations; safe case 5.,Normal/Ignore,Normal/Ignore,Allow,False
AUTHORIZED_RESEARCH_AND_TRAINING-006,authorized_research_and_training,An authorized penetration test uses synthetic credentials and no live target is involved for unwitting user devices; safe case 6.,Normal/Ignore,Normal/Ignore,Allow,False
AUTHORIZED_RESEARCH_AND_TRAINING-007,authorized_research_and_training,An academic cybersecurity course mentions a trojan program but uses an inert text-only example for a victim account; safe case 7.,Normal/Ignore,Normal/Ignore,Allow,False
AUTHORIZED_RESEARCH_AND_TRAINING-008,authorized_research_and_training,Security patch validation discusses a malicious backdoor and contains no downloadable program for a business network; safe case 8.,Normal/Ignore,Normal/Ignore,Allow,False
AUTHORIZED_RESEARCH_AND_TRAINING-009,authorized_research_and_training,Authorized security research discusses ransomware and contains no executable payload for selected workstations; safe case 9.,Normal/Ignore,Normal/Ignore,Allow,False
AUTHORIZED_RESEARCH_AND_TRAINING-010,authorized_research_and_training,An authorized penetration test uses synthetic credentials and no live target is involved for unwitting user devices; safe case 10.,Normal/Ignore,Normal/Ignore,Allow,False
AUTHORIZED_RESEARCH_AND_TRAINING-011,authorized_research_and_training,An academic cybersecurity course mentions a trojan program but uses an inert text-only example for a victim account; safe case 11.,Normal/Ignore,Normal/Ignore,Allow,False
AUTHORIZED_RESEARCH_AND_TRAINING-012,authorized_research_and_training,Security patch validation discusses a malicious backdoor and contains no downloadable program for a business network; safe case 12.,Normal/Ignore,Normal/Ignore,Allow,False
AUTHORIZED_RESEARCH_AND_TRAINING-013,authorized_research_and_training,Authorized security research discusses ransomware and contains no executable payload for selected workstations; safe case 13.,Normal/Ignore,Normal/Ignore,Allow,False
AUTHORIZED_RESEARCH_AND_TRAINING-014,authorized_research_and_training,An authorized penetration test uses synthetic credentials and no live target is involved for unwitting user devices; safe case 14.,Normal/Ignore,Normal/Ignore,Allow,False
AUTHORIZED_RESEARCH_AND_TRAINING-015,authorized_research_and_training,An academic cybersecurity course mentions a trojan program but uses an inert text-only example for a victim account; safe case 15.,Normal/Ignore,Normal/Ignore,Allow,False
AUTHORIZED_RESEARCH_AND_TRAINING-016,authorized_research_and_training,Security patch validation discusses a malicious backdoor and contains no downloadable program for a business network; safe case 16.,Normal/Ignore,Normal/Ignore,Allow,False
AUTHORIZED_RESEARCH_AND_TRAINING-017,authorized_research_and_training,Authorized security research discusses ransomware and contains no executable payload for selected workstations; safe case 17.,Normal/Ignore,Normal/Ignore,Allow,False
AUTHORIZED_RESEARCH_AND_TRAINING-018,authorized_research_and_training,An authorized penetration test uses synthetic credentials and no live target is involved for unwitting user devices; safe case 18.,Normal/Ignore,Normal/Ignore,Allow,False
AUTHORIZED_RESEARCH_AND_TRAINING-019,authorized_research_and_training,An academic cybersecurity course mentions a trojan program but uses an inert text-only example for a victim account; safe case 19.,Normal/Ignore,Normal/Ignore,Allow,False
AUTHORIZED_RESEARCH_AND_TRAINING-020,authorized_research_and_training,Security patch validation discusses a malicious backdoor and contains no downloadable program for a business network; safe case 20.,Normal/Ignore,Normal/Ignore,Allow,False
AUTHORIZED_RESEARCH_AND_TRAINING-021,authorized_research_and_training,Authorized security research discusses ransomware and contains no executable payload for selected workstations; safe case 21.,Normal/Ignore,Normal/Ignore,Allow,False
AUTHORIZED_RESEARCH_AND_TRAINING-022,authorized_research_and_training,An authorized penetration test uses synthetic credentials and no live target is involved for unwitting user devices; safe case 22.,Normal/Ignore,Normal/Ignore,Allow,False
AUTHORIZED_RESEARCH_AND_TRAINING-023,authorized_research_and_training,An academic cybersecurity course mentions a trojan program but uses an inert text-only example for a victim account; safe case 23.,Normal/Ignore,Normal/Ignore,Allow,False
AUTHORIZED_RESEARCH_AND_TRAINING-024,authorized_research_and_training,Security patch validation discusses a malicious backdoor and contains no downloadable program for a business network; safe case 24.,Normal/Ignore,Normal/Ignore,Allow,False
AUTHORIZED_RESEARCH_AND_TRAINING-025,authorized_research_and_training,Authorized security research discusses ransomware and contains no executable payload for selected workstations; safe case 25.,Normal/Ignore,Normal/Ignore,Allow,False
AUTHORIZED_RESEARCH_AND_TRAINING-026,authorized_research_and_training,An authorized penetration test uses synthetic credentials and no live target is involved for unwitting user devices; safe case 26.,Normal/Ignore,Normal/Ignore,Allow,False
AUTHORIZED_RESEARCH_AND_TRAINING-027,authorized_research_and_training,An academic cybersecurity course mentions a trojan program but uses an inert text-only example for a victim account; safe case 27.,Normal/Ignore,Normal/Ignore,Allow,False
AUTHORIZED_RESEARCH_AND_TRAINING-028,authorized_research_and_training,Security patch validation discusses a malicious backdoor and contains no downloadable program for a business network; safe case 28.,Normal/Ignore,Normal/Ignore,Allow,False
AUTHORIZED_RESEARCH_AND_TRAINING-029,authorized_research_and_training,Authorized security research discusses ransomware and contains no executable payload for selected workstations; safe case 29.,Normal/Ignore,Normal/Ignore,Allow,False
AUTHORIZED_RESEARCH_AND_TRAINING-030,authorized_research_and_training,An authorized penetration test uses synthetic credentials and no live target is involved for unwitting user devices; safe case 30.,Normal/Ignore,Normal/Ignore,Allow,False
AUTHORIZED_RESEARCH_AND_TRAINING-031,authorized_research_and_training,An academic cybersecurity course mentions a trojan program but uses an inert text-only example for a victim account; safe case 31.,Normal/Ignore,Normal/Ignore,Allow,False
AUTHORIZED_RESEARCH_AND_TRAINING-032,authorized_research_and_training,Security patch validation discusses a malicious backdoor and contains no downloadable program for a business network; safe case 32.,Normal/Ignore,Normal/Ignore,Allow,False
AUTHORIZED_RESEARCH_AND_TRAINING-033,authorized_research_and_training,Authorized security research discusses ransomware and contains no executable payload for selected workstations; safe case 33.,Normal/Ignore,Normal/Ignore,Allow,False
AUTHORIZED_RESEARCH_AND_TRAINING-034,authorized_research_and_training,An authorized penetration test uses synthetic credentials and no live target is involved for unwitting user devices; safe case 34.,Normal/Ignore,Normal/Ignore,Allow,False
AUTHORIZED_RESEARCH_AND_TRAINING-035,authorized_research_and_training,An academic cybersecurity course mentions a trojan program but uses an inert text-only example for a victim account; safe case 35.,Normal/Ignore,Normal/Ignore,Allow,False
AUTHORIZED_RESEARCH_AND_TRAINING-036,authorized_research_and_training,Security patch validation discusses a malicious backdoor and contains no downloadable program for a business network; safe case 36.,Normal/Ignore,Normal/Ignore,Allow,False
AUTHORIZED_RESEARCH_AND_TRAINING-037,authorized_research_and_training,Authorized security research discusses ransomware and contains no executable payload for selected workstations; safe case 37.,Normal/Ignore,Normal/Ignore,Allow,False
AUTHORIZED_RESEARCH_AND_TRAINING-038,authorized_research_and_training,An authorized penetration test uses synthetic credentials and no live target is involved for unwitting user devices; safe case 38.,Normal/Ignore,Normal/Ignore,Allow,False
AUTHORIZED_RESEARCH_AND_TRAINING-039,authorized_research_and_training,An academic cybersecurity course mentions a trojan program but uses an inert text-only example for a victim account; safe case 39.,Normal/Ignore,Normal/Ignore,Allow,False
AUTHORIZED_RESEARCH_AND_TRAINING-040,authorized_research_and_training,Security patch validation discusses a malicious backdoor and contains no downloadable program for a business network; safe case 40.,Normal/Ignore,Normal/Ignore,Allow,False
AUTHORIZED_RESEARCH_AND_TRAINING-041,authorized_research_and_training,Authorized security research discusses ransomware and contains no executable payload for selected workstations; safe case 41.,Normal/Ignore,Normal/Ignore,Allow,False
AUTHORIZED_RESEARCH_AND_TRAINING-042,authorized_research_and_training,An authorized penetration test uses synthetic credentials and no live target is involved for unwitting user devices; safe case 42.,Normal/Ignore,Normal/Ignore,Allow,False
AUTHORIZED_RESEARCH_AND_TRAINING-043,authorized_research_and_training,An academic cybersecurity course mentions a trojan program but uses an inert text-only example for a victim account; safe case 43.,Normal/Ignore,Normal/Ignore,Allow,False
AUTHORIZED_RESEARCH_AND_TRAINING-044,authorized_research_and_training,Security patch validation discusses a malicious backdoor and contains no downloadable program for a business network; safe case 44.,Normal/Ignore,Normal/Ignore,Allow,False
AUTHORIZED_RESEARCH_AND_TRAINING-045,authorized_research_and_training,Authorized security research discusses ransomware and contains no executable payload for selected workstations; safe case 45.,Normal/Ignore,Normal/Ignore,Allow,False
AUTHORIZED_RESEARCH_AND_TRAINING-046,authorized_research_and_training,An authorized penetration test uses synthetic credentials and no live target is involved for unwitting user devices; safe case 46.,Normal/Ignore,Normal/Ignore,Allow,False
AUTHORIZED_RESEARCH_AND_TRAINING-047,authorized_research_and_training,An academic cybersecurity course mentions a trojan program but uses an inert text-only example for a victim account; safe case 47.,Normal/Ignore,Normal/Ignore,Allow,False
AUTHORIZED_RESEARCH_AND_TRAINING-048,authorized_research_and_training,Security patch validation discusses a malicious backdoor and contains no downloadable program for a business network; safe case 48.,Normal/Ignore,Normal/Ignore,Allow,False
AUTHORIZED_RESEARCH_AND_TRAINING-049,authorized_research_and_training,Authorized security research discusses ransomware and contains no executable payload for selected workstations; safe case 49.,Normal/Ignore,Normal/Ignore,Allow,False
AUTHORIZED_RESEARCH_AND_TRAINING-050,authorized_research_and_training,An authorized penetration test uses synthetic credentials and no live target is involved for unwitting user devices; safe case 50.,Normal/Ignore,Normal/Ignore,Allow,False
BENIGN_SOFTWARE_AND_ADMINISTRATION-001,benign_software_and_administration,A legitimate remote administration tool supports selected workstations; ordinary case 1.,Normal/Ignore,Normal/Ignore,Allow,False
BENIGN_SOFTWARE_AND_ADMINISTRATION-002,benign_software_and_administration,An antivirus update is installed on unwitting user devices; ordinary case 2.,Normal/Ignore,Normal/Ignore,Allow,False
BENIGN_SOFTWARE_AND_ADMINISTRATION-003,benign_software_and_administration,Approved backup encryption protects a victim account; ordinary case 3.,Normal/Ignore,Normal/Ignore,Allow,False
BENIGN_SOFTWARE_AND_ADMINISTRATION-004,benign_software_and_administration,Software deployment by administrators updates a business network; ordinary case 4.,Normal/Ignore,Normal/Ignore,Allow,False
BENIGN_SOFTWARE_AND_ADMINISTRATION-005,benign_software_and_administration,A legitimate remote administration tool supports selected workstations; ordinary case 5.,Normal/Ignore,Normal/Ignore,Allow,False
BENIGN_SOFTWARE_AND_ADMINISTRATION-006,benign_software_and_administration,An antivirus update is installed on unwitting user devices; ordinary case 6.,Normal/Ignore,Normal/Ignore,Allow,False
BENIGN_SOFTWARE_AND_ADMINISTRATION-007,benign_software_and_administration,Approved backup encryption protects a victim account; ordinary case 7.,Normal/Ignore,Normal/Ignore,Allow,False
BENIGN_SOFTWARE_AND_ADMINISTRATION-008,benign_software_and_administration,Software deployment by administrators updates a business network; ordinary case 8.,Normal/Ignore,Normal/Ignore,Allow,False
BENIGN_SOFTWARE_AND_ADMINISTRATION-009,benign_software_and_administration,A legitimate remote administration tool supports selected workstations; ordinary case 9.,Normal/Ignore,Normal/Ignore,Allow,False
BENIGN_SOFTWARE_AND_ADMINISTRATION-010,benign_software_and_administration,An antivirus update is installed on unwitting user devices; ordinary case 10.,Normal/Ignore,Normal/Ignore,Allow,False
BENIGN_SOFTWARE_AND_ADMINISTRATION-011,benign_software_and_administration,Approved backup encryption protects a victim account; ordinary case 11.,Normal/Ignore,Normal/Ignore,Allow,False
BENIGN_SOFTWARE_AND_ADMINISTRATION-012,benign_software_and_administration,Software deployment by administrators updates a business network; ordinary case 12.,Normal/Ignore,Normal/Ignore,Allow,False
BENIGN_SOFTWARE_AND_ADMINISTRATION-013,benign_software_and_administration,A legitimate remote administration tool supports selected workstations; ordinary case 13.,Normal/Ignore,Normal/Ignore,Allow,False
BENIGN_SOFTWARE_AND_ADMINISTRATION-014,benign_software_and_administration,An antivirus update is installed on unwitting user devices; ordinary case 14.,Normal/Ignore,Normal/Ignore,Allow,False
BENIGN_SOFTWARE_AND_ADMINISTRATION-015,benign_software_and_administration,Approved backup encryption protects a victim account; ordinary case 15.,Normal/Ignore,Normal/Ignore,Allow,False
BENIGN_SOFTWARE_AND_ADMINISTRATION-016,benign_software_and_administration,Software deployment by administrators updates a business network; ordinary case 16.,Normal/Ignore,Normal/Ignore,Allow,False
BENIGN_SOFTWARE_AND_ADMINISTRATION-017,benign_software_and_administration,A legitimate remote administration tool supports selected workstations; ordinary case 17.,Normal/Ignore,Normal/Ignore,Allow,False
BENIGN_SOFTWARE_AND_ADMINISTRATION-018,benign_software_and_administration,An antivirus update is installed on unwitting user devices; ordinary case 18.,Normal/Ignore,Normal/Ignore,Allow,False
BENIGN_SOFTWARE_AND_ADMINISTRATION-019,benign_software_and_administration,Approved backup encryption protects a victim account; ordinary case 19.,Normal/Ignore,Normal/Ignore,Allow,False
BENIGN_SOFTWARE_AND_ADMINISTRATION-020,benign_software_and_administration,Software deployment by administrators updates a business network; ordinary case 20.,Normal/Ignore,Normal/Ignore,Allow,False
BENIGN_SOFTWARE_AND_ADMINISTRATION-021,benign_software_and_administration,A legitimate remote administration tool supports selected workstations; ordinary case 21.,Normal/Ignore,Normal/Ignore,Allow,False
BENIGN_SOFTWARE_AND_ADMINISTRATION-022,benign_software_and_administration,An antivirus update is installed on unwitting user devices; ordinary case 22.,Normal/Ignore,Normal/Ignore,Allow,False
BENIGN_SOFTWARE_AND_ADMINISTRATION-023,benign_software_and_administration,Approved backup encryption protects a victim account; ordinary case 23.,Normal/Ignore,Normal/Ignore,Allow,False
BENIGN_SOFTWARE_AND_ADMINISTRATION-024,benign_software_and_administration,Software deployment by administrators updates a business network; ordinary case 24.,Normal/Ignore,Normal/Ignore,Allow,False
BENIGN_SOFTWARE_AND_ADMINISTRATION-025,benign_software_and_administration,A legitimate remote administration tool supports selected workstations; ordinary case 25.,Normal/Ignore,Normal/Ignore,Allow,False
BENIGN_SOFTWARE_AND_ADMINISTRATION-026,benign_software_and_administration,An antivirus update is installed on unwitting user devices; ordinary case 26.,Normal/Ignore,Normal/Ignore,Allow,False
BENIGN_SOFTWARE_AND_ADMINISTRATION-027,benign_software_and_administration,Approved backup encryption protects a victim account; ordinary case 27.,Normal/Ignore,Normal/Ignore,Allow,False
BENIGN_SOFTWARE_AND_ADMINISTRATION-028,benign_software_and_administration,Software deployment by administrators updates a business network; ordinary case 28.,Normal/Ignore,Normal/Ignore,Allow,False
BENIGN_SOFTWARE_AND_ADMINISTRATION-029,benign_software_and_administration,A legitimate remote administration tool supports selected workstations; ordinary case 29.,Normal/Ignore,Normal/Ignore,Allow,False
BENIGN_SOFTWARE_AND_ADMINISTRATION-030,benign_software_and_administration,An antivirus update is installed on unwitting user devices; ordinary case 30.,Normal/Ignore,Normal/Ignore,Allow,False
BENIGN_SOFTWARE_AND_ADMINISTRATION-031,benign_software_and_administration,Approved backup encryption protects a victim account; ordinary case 31.,Normal/Ignore,Normal/Ignore,Allow,False
BENIGN_SOFTWARE_AND_ADMINISTRATION-032,benign_software_and_administration,Software deployment by administrators updates a business network; ordinary case 32.,Normal/Ignore,Normal/Ignore,Allow,False
BENIGN_SOFTWARE_AND_ADMINISTRATION-033,benign_software_and_administration,A legitimate remote administration tool supports selected workstations; ordinary case 33.,Normal/Ignore,Normal/Ignore,Allow,False
BENIGN_SOFTWARE_AND_ADMINISTRATION-034,benign_software_and_administration,An antivirus update is installed on unwitting user devices; ordinary case 34.,Normal/Ignore,Normal/Ignore,Allow,False
BENIGN_SOFTWARE_AND_ADMINISTRATION-035,benign_software_and_administration,Approved backup encryption protects a victim account; ordinary case 35.,Normal/Ignore,Normal/Ignore,Allow,False
BENIGN_SOFTWARE_AND_ADMINISTRATION-036,benign_software_and_administration,Software deployment by administrators updates a business network; ordinary case 36.,Normal/Ignore,Normal/Ignore,Allow,False
BENIGN_SOFTWARE_AND_ADMINISTRATION-037,benign_software_and_administration,A legitimate remote administration tool supports selected workstations; ordinary case 37.,Normal/Ignore,Normal/Ignore,Allow,False
BENIGN_SOFTWARE_AND_ADMINISTRATION-038,benign_software_and_administration,An antivirus update is installed on unwitting user devices; ordinary case 38.,Normal/Ignore,Normal/Ignore,Allow,False
BENIGN_SOFTWARE_AND_ADMINISTRATION-039,benign_software_and_administration,Approved backup encryption protects a victim account; ordinary case 39.,Normal/Ignore,Normal/Ignore,Allow,False
BENIGN_SOFTWARE_AND_ADMINISTRATION-040,benign_software_and_administration,Software deployment by administrators updates a business network; ordinary case 40.,Normal/Ignore,Normal/Ignore,Allow,False
BENIGN_SOFTWARE_AND_ADMINISTRATION-041,benign_software_and_administration,A legitimate remote administration tool supports selected workstations; ordinary case 41.,Normal/Ignore,Normal/Ignore,Allow,False
BENIGN_SOFTWARE_AND_ADMINISTRATION-042,benign_software_and_administration,An antivirus update is installed on unwitting user devices; ordinary case 42.,Normal/Ignore,Normal/Ignore,Allow,False
BENIGN_SOFTWARE_AND_ADMINISTRATION-043,benign_software_and_administration,Approved backup encryption protects a victim account; ordinary case 43.,Normal/Ignore,Normal/Ignore,Allow,False
BENIGN_SOFTWARE_AND_ADMINISTRATION-044,benign_software_and_administration,Software deployment by administrators updates a business network; ordinary case 44.,Normal/Ignore,Normal/Ignore,Allow,False
BENIGN_SOFTWARE_AND_ADMINISTRATION-045,benign_software_and_administration,A legitimate remote administration tool supports selected workstations; ordinary case 45.,Normal/Ignore,Normal/Ignore,Allow,False
BENIGN_SOFTWARE_AND_ADMINISTRATION-046,benign_software_and_administration,An antivirus update is installed on unwitting user devices; ordinary case 46.,Normal/Ignore,Normal/Ignore,Allow,False
BENIGN_SOFTWARE_AND_ADMINISTRATION-047,benign_software_and_administration,Approved backup encryption protects a victim account; ordinary case 47.,Normal/Ignore,Normal/Ignore,Allow,False
BENIGN_SOFTWARE_AND_ADMINISTRATION-048,benign_software_and_administration,Software deployment by administrators updates a business network; ordinary case 48.,Normal/Ignore,Normal/Ignore,Allow,False
BENIGN_SOFTWARE_AND_ADMINISTRATION-049,benign_software_and_administration,A legitimate remote administration tool supports selected workstations; ordinary case 49.,Normal/Ignore,Normal/Ignore,Allow,False
BENIGN_SOFTWARE_AND_ADMINISTRATION-050,benign_software_and_administration,An antivirus update is installed on unwitting user devices; ordinary case 50.,Normal/Ignore,Normal/Ignore,Allow,False
SAFE_REPORTING_HISTORY_AND_FICTION-001,safe_reporting_history_and_fiction,A news report discusses ransomware affecting selected workstations and contains no downloadable program; safe case 1.,Normal/Ignore,Normal/Ignore,Allow,False
SAFE_REPORTING_HISTORY_AND_FICTION-002,safe_reporting_history_and_fiction,A historical account mentions a computer virus and uses an inert text-only example for unwitting user devices; safe case 2.,Normal/Ignore,Normal/Ignore,Allow,False
SAFE_REPORTING_HISTORY_AND_FICTION-003,safe_reporting_history_and_fiction,A fictional story names spyware and contains no executable payload for a victim account; safe case 3.,Normal/Ignore,Normal/Ignore,Allow,False
SAFE_REPORTING_HISTORY_AND_FICTION-004,safe_reporting_history_and_fiction,A public safety warning about malware describes prevention only for a business network; safe case 4.,Normal/Ignore,Normal/Ignore,Allow,False
SAFE_REPORTING_HISTORY_AND_FICTION-005,safe_reporting_history_and_fiction,A news report discusses ransomware affecting selected workstations and contains no downloadable program; safe case 5.,Normal/Ignore,Normal/Ignore,Allow,False
SAFE_REPORTING_HISTORY_AND_FICTION-006,safe_reporting_history_and_fiction,A historical account mentions a computer virus and uses an inert text-only example for unwitting user devices; safe case 6.,Normal/Ignore,Normal/Ignore,Allow,False
SAFE_REPORTING_HISTORY_AND_FICTION-007,safe_reporting_history_and_fiction,A fictional story names spyware and contains no executable payload for a victim account; safe case 7.,Normal/Ignore,Normal/Ignore,Allow,False
SAFE_REPORTING_HISTORY_AND_FICTION-008,safe_reporting_history_and_fiction,A public safety warning about malware describes prevention only for a business network; safe case 8.,Normal/Ignore,Normal/Ignore,Allow,False
SAFE_REPORTING_HISTORY_AND_FICTION-009,safe_reporting_history_and_fiction,A news report discusses ransomware affecting selected workstations and contains no downloadable program; safe case 9.,Normal/Ignore,Normal/Ignore,Allow,False
SAFE_REPORTING_HISTORY_AND_FICTION-010,safe_reporting_history_and_fiction,A historical account mentions a computer virus and uses an inert text-only example for unwitting user devices; safe case 10.,Normal/Ignore,Normal/Ignore,Allow,False
SAFE_REPORTING_HISTORY_AND_FICTION-011,safe_reporting_history_and_fiction,A fictional story names spyware and contains no executable payload for a victim account; safe case 11.,Normal/Ignore,Normal/Ignore,Allow,False
SAFE_REPORTING_HISTORY_AND_FICTION-012,safe_reporting_history_and_fiction,A public safety warning about malware describes prevention only for a business network; safe case 12.,Normal/Ignore,Normal/Ignore,Allow,False
SAFE_REPORTING_HISTORY_AND_FICTION-013,safe_reporting_history_and_fiction,A news report discusses ransomware affecting selected workstations and contains no downloadable program; safe case 13.,Normal/Ignore,Normal/Ignore,Allow,False
SAFE_REPORTING_HISTORY_AND_FICTION-014,safe_reporting_history_and_fiction,A historical account mentions a computer virus and uses an inert text-only example for unwitting user devices; safe case 14.,Normal/Ignore,Normal/Ignore,Allow,False
SAFE_REPORTING_HISTORY_AND_FICTION-015,safe_reporting_history_and_fiction,A fictional story names spyware and contains no executable payload for a victim account; safe case 15.,Normal/Ignore,Normal/Ignore,Allow,False
SAFE_REPORTING_HISTORY_AND_FICTION-016,safe_reporting_history_and_fiction,A public safety warning about malware describes prevention only for a business network; safe case 16.,Normal/Ignore,Normal/Ignore,Allow,False
SAFE_REPORTING_HISTORY_AND_FICTION-017,safe_reporting_history_and_fiction,A news report discusses ransomware affecting selected workstations and contains no downloadable program; safe case 17.,Normal/Ignore,Normal/Ignore,Allow,False
SAFE_REPORTING_HISTORY_AND_FICTION-018,safe_reporting_history_and_fiction,A historical account mentions a computer virus and uses an inert text-only example for unwitting user devices; safe case 18.,Normal/Ignore,Normal/Ignore,Allow,False
SAFE_REPORTING_HISTORY_AND_FICTION-019,safe_reporting_history_and_fiction,A fictional story names spyware and contains no executable payload for a victim account; safe case 19.,Normal/Ignore,Normal/Ignore,Allow,False
SAFE_REPORTING_HISTORY_AND_FICTION-020,safe_reporting_history_and_fiction,A public safety warning about malware describes prevention only for a business network; safe case 20.,Normal/Ignore,Normal/Ignore,Allow,False
SAFE_REPORTING_HISTORY_AND_FICTION-021,safe_reporting_history_and_fiction,A news report discusses ransomware affecting selected workstations and contains no downloadable program; safe case 21.,Normal/Ignore,Normal/Ignore,Allow,False
SAFE_REPORTING_HISTORY_AND_FICTION-022,safe_reporting_history_and_fiction,A historical account mentions a computer virus and uses an inert text-only example for unwitting user devices; safe case 22.,Normal/Ignore,Normal/Ignore,Allow,False
SAFE_REPORTING_HISTORY_AND_FICTION-023,safe_reporting_history_and_fiction,A fictional story names spyware and contains no executable payload for a victim account; safe case 23.,Normal/Ignore,Normal/Ignore,Allow,False
SAFE_REPORTING_HISTORY_AND_FICTION-024,safe_reporting_history_and_fiction,A public safety warning about malware describes prevention only for a business network; safe case 24.,Normal/Ignore,Normal/Ignore,Allow,False
SAFE_REPORTING_HISTORY_AND_FICTION-025,safe_reporting_history_and_fiction,A news report discusses ransomware affecting selected workstations and contains no downloadable program; safe case 25.,Normal/Ignore,Normal/Ignore,Allow,False
SAFE_REPORTING_HISTORY_AND_FICTION-026,safe_reporting_history_and_fiction,A historical account mentions a computer virus and uses an inert text-only example for unwitting user devices; safe case 26.,Normal/Ignore,Normal/Ignore,Allow,False
SAFE_REPORTING_HISTORY_AND_FICTION-027,safe_reporting_history_and_fiction,A fictional story names spyware and contains no executable payload for a victim account; safe case 27.,Normal/Ignore,Normal/Ignore,Allow,False
SAFE_REPORTING_HISTORY_AND_FICTION-028,safe_reporting_history_and_fiction,A public safety warning about malware describes prevention only for a business network; safe case 28.,Normal/Ignore,Normal/Ignore,Allow,False
SAFE_REPORTING_HISTORY_AND_FICTION-029,safe_reporting_history_and_fiction,A news report discusses ransomware affecting selected workstations and contains no downloadable program; safe case 29.,Normal/Ignore,Normal/Ignore,Allow,False
SAFE_REPORTING_HISTORY_AND_FICTION-030,safe_reporting_history_and_fiction,A historical account mentions a computer virus and uses an inert text-only example for unwitting user devices; safe case 30.,Normal/Ignore,Normal/Ignore,Allow,False
SAFE_REPORTING_HISTORY_AND_FICTION-031,safe_reporting_history_and_fiction,A fictional story names spyware and contains no executable payload for a victim account; safe case 31.,Normal/Ignore,Normal/Ignore,Allow,False
SAFE_REPORTING_HISTORY_AND_FICTION-032,safe_reporting_history_and_fiction,A public safety warning about malware describes prevention only for a business network; safe case 32.,Normal/Ignore,Normal/Ignore,Allow,False
SAFE_REPORTING_HISTORY_AND_FICTION-033,safe_reporting_history_and_fiction,A news report discusses ransomware affecting selected workstations and contains no downloadable program; safe case 33.,Normal/Ignore,Normal/Ignore,Allow,False
SAFE_REPORTING_HISTORY_AND_FICTION-034,safe_reporting_history_and_fiction,A historical account mentions a computer virus and uses an inert text-only example for unwitting user devices; safe case 34.,Normal/Ignore,Normal/Ignore,Allow,False
SAFE_REPORTING_HISTORY_AND_FICTION-035,safe_reporting_history_and_fiction,A fictional story names spyware and contains no executable payload for a victim account; safe case 35.,Normal/Ignore,Normal/Ignore,Allow,False
SAFE_REPORTING_HISTORY_AND_FICTION-036,safe_reporting_history_and_fiction,A public safety warning about malware describes prevention only for a business network; safe case 36.,Normal/Ignore,Normal/Ignore,Allow,False
SAFE_REPORTING_HISTORY_AND_FICTION-037,safe_reporting_history_and_fiction,A news report discusses ransomware affecting selected workstations and contains no downloadable program; safe case 37.,Normal/Ignore,Normal/Ignore,Allow,False
SAFE_REPORTING_HISTORY_AND_FICTION-038,safe_reporting_history_and_fiction,A historical account mentions a computer virus and uses an inert text-only example for unwitting user devices; safe case 38.,Normal/Ignore,Normal/Ignore,Allow,False
SAFE_REPORTING_HISTORY_AND_FICTION-039,safe_reporting_history_and_fiction,A fictional story names spyware and contains no executable payload for a victim account; safe case 39.,Normal/Ignore,Normal/Ignore,Allow,False
SAFE_REPORTING_HISTORY_AND_FICTION-040,safe_reporting_history_and_fiction,A public safety warning about malware describes prevention only for a business network; safe case 40.,Normal/Ignore,Normal/Ignore,Allow,False
SAFE_REPORTING_HISTORY_AND_FICTION-041,safe_reporting_history_and_fiction,A news report discusses ransomware affecting selected workstations and contains no downloadable program; safe case 41.,Normal/Ignore,Normal/Ignore,Allow,False
SAFE_REPORTING_HISTORY_AND_FICTION-042,safe_reporting_history_and_fiction,A historical account mentions a computer virus and uses an inert text-only example for unwitting user devices; safe case 42.,Normal/Ignore,Normal/Ignore,Allow,False
SAFE_REPORTING_HISTORY_AND_FICTION-043,safe_reporting_history_and_fiction,A fictional story names spyware and contains no executable payload for a victim account; safe case 43.,Normal/Ignore,Normal/Ignore,Allow,False
SAFE_REPORTING_HISTORY_AND_FICTION-044,safe_reporting_history_and_fiction,A public safety warning about malware describes prevention only for a business network; safe case 44.,Normal/Ignore,Normal/Ignore,Allow,False
SAFE_REPORTING_HISTORY_AND_FICTION-045,safe_reporting_history_and_fiction,A news report discusses ransomware affecting selected workstations and contains no downloadable program; safe case 45.,Normal/Ignore,Normal/Ignore,Allow,False
SAFE_REPORTING_HISTORY_AND_FICTION-046,safe_reporting_history_and_fiction,A historical account mentions a computer virus and uses an inert text-only example for unwitting user devices; safe case 46.,Normal/Ignore,Normal/Ignore,Allow,False
SAFE_REPORTING_HISTORY_AND_FICTION-047,safe_reporting_history_and_fiction,A fictional story names spyware and contains no executable payload for a victim account; safe case 47.,Normal/Ignore,Normal/Ignore,Allow,False
SAFE_REPORTING_HISTORY_AND_FICTION-048,safe_reporting_history_and_fiction,A public safety warning about malware describes prevention only for a business network; safe case 48.,Normal/Ignore,Normal/Ignore,Allow,False
SAFE_REPORTING_HISTORY_AND_FICTION-049,safe_reporting_history_and_fiction,A news report discusses ransomware affecting selected workstations and contains no downloadable program; safe case 49.,Normal/Ignore,Normal/Ignore,Allow,False
SAFE_REPORTING_HISTORY_AND_FICTION-050,safe_reporting_history_and_fiction,A historical account mentions a computer virus and uses an inert text-only example for unwitting user devices; safe case 50.,Normal/Ignore,Normal/Ignore,Allow,False
ESTABLISHED_OWNER-001,established_category_owner_isolation,"This upload distributes the malware, but an existing Child Exploitation owner already controls the decision; owner case 1.",Child Exploitation,Child Exploitation,Block and immediately escalate,True
ESTABLISHED_OWNER-002,established_category_owner_isolation,"This upload distributes the malware, but an existing Illegal Activities owner already controls the decision; owner case 2.",Illegal Activities,Illegal Activities,Restrict and send for human review,True
ESTABLISHED_OWNER-003,established_category_owner_isolation,"This upload distributes the malware, but an existing Spam, Scam & Phishing owner already controls the decision; owner case 3.","Spam, Scam & Phishing","Spam, Scam & Phishing","Block, warn, or limit distribution",True
ESTABLISHED_OWNER-004,established_category_owner_isolation,"This upload distributes the malware, but an existing Identity Theft & Impersonation owner already controls the decision; owner case 4.",Identity Theft & Impersonation,Identity Theft & Impersonation,Refer to human review,True
ESTABLISHED_OWNER-005,established_category_owner_isolation,"This upload distributes the malware, but an existing Publishing Private Information owner already controls the decision; owner case 5.",Publishing Private Information,Publishing Private Information,Refer to human review,True
ESTABLISHED_OWNER-006,established_category_owner_isolation,"This upload distributes the malware, but an existing Invasion of Privacy owner already controls the decision; owner case 6.",Invasion of Privacy,Invasion of Privacy,Restrict and send for human review,True
ESTABLISHED_OWNER-007,established_category_owner_isolation,"This upload distributes the malware, but an existing Terrorism & Extremism owner already controls the decision; owner case 7.",Terrorism & Extremism,Terrorism & Extremism,Block and escalate,True
ESTABLISHED_OWNER-008,established_category_owner_isolation,"This upload distributes the malware, but an existing Dangerous Content owner already controls the decision; owner case 8.",Dangerous Content,Dangerous Content,Remove and send for human review,True
ESTABLISHED_OWNER-009,established_category_owner_isolation,"This upload distributes the malware, but an existing Cyberbullying & Harassment owner already controls the decision; owner case 9.",Cyberbullying & Harassment,Cyberbullying & Harassment,Refer to human review,True
ESTABLISHED_OWNER-010,established_category_owner_isolation,"This upload distributes the malware, but an existing Misinformation & Fake News owner already controls the decision; owner case 10.",Misinformation & Fake News,Misinformation & Fake News,Refer to human review,True
ESTABLISHED_OWNER-011,established_category_owner_isolation,"This upload distributes the malware, but an existing Child Exploitation owner already controls the decision; owner case 11.",Child Exploitation,Child Exploitation,Block and immediately escalate,True
ESTABLISHED_OWNER-012,established_category_owner_isolation,"This upload distributes the malware, but an existing Illegal Activities owner already controls the decision; owner case 12.",Illegal Activities,Illegal Activities,Restrict and send for human review,True
ESTABLISHED_OWNER-013,established_category_owner_isolation,"This upload distributes the malware, but an existing Spam, Scam & Phishing owner already controls the decision; owner case 13.","Spam, Scam & Phishing","Spam, Scam & Phishing","Block, warn, or limit distribution",True
ESTABLISHED_OWNER-014,established_category_owner_isolation,"This upload distributes the malware, but an existing Identity Theft & Impersonation owner already controls the decision; owner case 14.",Identity Theft & Impersonation,Identity Theft & Impersonation,Refer to human review,True
ESTABLISHED_OWNER-015,established_category_owner_isolation,"This upload distributes the malware, but an existing Publishing Private Information owner already controls the decision; owner case 15.",Publishing Private Information,Publishing Private Information,Refer to human review,True
ESTABLISHED_OWNER-016,established_category_owner_isolation,"This upload distributes the malware, but an existing Invasion of Privacy owner already controls the decision; owner case 16.",Invasion of Privacy,Invasion of Privacy,Restrict and send for human review,True
ESTABLISHED_OWNER-017,established_category_owner_isolation,"This upload distributes the malware, but an existing Terrorism & Extremism owner already controls the decision; owner case 17.",Terrorism & Extremism,Terrorism & Extremism,Block and escalate,True
ESTABLISHED_OWNER-018,established_category_owner_isolation,"This upload distributes the malware, but an existing Dangerous Content owner already controls the decision; owner case 18.",Dangerous Content,Dangerous Content,Remove and send for human review,True
ESTABLISHED_OWNER-019,established_category_owner_isolation,"This upload distributes the malware, but an existing Cyberbullying & Harassment owner already controls the decision; owner case 19.",Cyberbullying & Harassment,Cyberbullying & Harassment,Refer to human review,True
ESTABLISHED_OWNER-020,established_category_owner_isolation,"This upload distributes the malware, but an existing Misinformation & Fake News owner already controls the decision; owner case 20.",Misinformation & Fake News,Misinformation & Fake News,Refer to human review,True
ESTABLISHED_OWNER-021,established_category_owner_isolation,"This upload distributes the malware, but an existing Child Exploitation owner already controls the decision; owner case 21.",Child Exploitation,Child Exploitation,Block and immediately escalate,True
ESTABLISHED_OWNER-022,established_category_owner_isolation,"This upload distributes the malware, but an existing Illegal Activities owner already controls the decision; owner case 22.",Illegal Activities,Illegal Activities,Restrict and send for human review,True
ESTABLISHED_OWNER-023,established_category_owner_isolation,"This upload distributes the malware, but an existing Spam, Scam & Phishing owner already controls the decision; owner case 23.","Spam, Scam & Phishing","Spam, Scam & Phishing","Block, warn, or limit distribution",True
ESTABLISHED_OWNER-024,established_category_owner_isolation,"This upload distributes the malware, but an existing Identity Theft & Impersonation owner already controls the decision; owner case 24.",Identity Theft & Impersonation,Identity Theft & Impersonation,Refer to human review,True
ESTABLISHED_OWNER-025,established_category_owner_isolation,"This upload distributes the malware, but an existing Publishing Private Information owner already controls the decision; owner case 25.",Publishing Private Information,Publishing Private Information,Refer to human review,True
ESTABLISHED_OWNER-026,established_category_owner_isolation,"This upload distributes the malware, but an existing Invasion of Privacy owner already controls the decision; owner case 26.",Invasion of Privacy,Invasion of Privacy,Restrict and send for human review,True
ESTABLISHED_OWNER-027,established_category_owner_isolation,"This upload distributes the malware, but an existing Terrorism & Extremism owner already controls the decision; owner case 27.",Terrorism & Extremism,Terrorism & Extremism,Block and escalate,True
ESTABLISHED_OWNER-028,established_category_owner_isolation,"This upload distributes the malware, but an existing Dangerous Content owner already controls the decision; owner case 28.",Dangerous Content,Dangerous Content,Remove and send for human review,True
ESTABLISHED_OWNER-029,established_category_owner_isolation,"This upload distributes the malware, but an existing Cyberbullying & Harassment owner already controls the decision; owner case 29.",Cyberbullying & Harassment,Cyberbullying & Harassment,Refer to human review,True
ESTABLISHED_OWNER-030,established_category_owner_isolation,"This upload distributes the malware, but an existing Misinformation & Fake News owner already controls the decision; owner case 30.",Misinformation & Fake News,Misinformation & Fake News,Refer to human review,True
ESTABLISHED_OWNER-031,established_category_owner_isolation,"This upload distributes the malware, but an existing Child Exploitation owner already controls the decision; owner case 31.",Child Exploitation,Child Exploitation,Block and immediately escalate,True
ESTABLISHED_OWNER-032,established_category_owner_isolation,"This upload distributes the malware, but an existing Illegal Activities owner already controls the decision; owner case 32.",Illegal Activities,Illegal Activities,Restrict and send for human review,True
ESTABLISHED_OWNER-033,established_category_owner_isolation,"This upload distributes the malware, but an existing Spam, Scam & Phishing owner already controls the decision; owner case 33.","Spam, Scam & Phishing","Spam, Scam & Phishing","Block, warn, or limit distribution",True
ESTABLISHED_OWNER-034,established_category_owner_isolation,"This upload distributes the malware, but an existing Identity Theft & Impersonation owner already controls the decision; owner case 34.",Identity Theft & Impersonation,Identity Theft & Impersonation,Refer to human review,True
ESTABLISHED_OWNER-035,established_category_owner_isolation,"This upload distributes the malware, but an existing Publishing Private Information owner already controls the decision; owner case 35.",Publishing Private Information,Publishing Private Information,Refer to human review,True
ESTABLISHED_OWNER-036,established_category_owner_isolation,"This upload distributes the malware, but an existing Invasion of Privacy owner already controls the decision; owner case 36.",Invasion of Privacy,Invasion of Privacy,Restrict and send for human review,True
ESTABLISHED_OWNER-037,established_category_owner_isolation,"This upload distributes the malware, but an existing Terrorism & Extremism owner already controls the decision; owner case 37.",Terrorism & Extremism,Terrorism & Extremism,Block and escalate,True
ESTABLISHED_OWNER-038,established_category_owner_isolation,"This upload distributes the malware, but an existing Dangerous Content owner already controls the decision; owner case 38.",Dangerous Content,Dangerous Content,Remove and send for human review,True
ESTABLISHED_OWNER-039,established_category_owner_isolation,"This upload distributes the malware, but an existing Cyberbullying & Harassment owner already controls the decision; owner case 39.",Cyberbullying & Harassment,Cyberbullying & Harassment,Refer to human review,True
ESTABLISHED_OWNER-040,established_category_owner_isolation,"This upload distributes the malware, but an existing Misinformation & Fake News owner already controls the decision; owner case 40.",Misinformation & Fake News,Misinformation & Fake News,Refer to human review,True
ESTABLISHED_OWNER-041,established_category_owner_isolation,"This upload distributes the malware, but an existing Child Exploitation owner already controls the decision; owner case 41.",Child Exploitation,Child Exploitation,Block and immediately escalate,True
ESTABLISHED_OWNER-042,established_category_owner_isolation,"This upload distributes the malware, but an existing Illegal Activities owner already controls the decision; owner case 42.",Illegal Activities,Illegal Activities,Restrict and send for human review,True
ESTABLISHED_OWNER-043,established_category_owner_isolation,"This upload distributes the malware, but an existing Spam, Scam & Phishing owner already controls the decision; owner case 43.","Spam, Scam & Phishing","Spam, Scam & Phishing","Block, warn, or limit distribution",True
ESTABLISHED_OWNER-044,established_category_owner_isolation,"This upload distributes the malware, but an existing Identity Theft & Impersonation owner already controls the decision; owner case 44.",Identity Theft & Impersonation,Identity Theft & Impersonation,Refer to human review,True
ESTABLISHED_OWNER-045,established_category_owner_isolation,"This upload distributes the malware, but an existing Publishing Private Information owner already controls the decision; owner case 45.",Publishing Private Information,Publishing Private Information,Refer to human review,True
ESTABLISHED_OWNER-046,established_category_owner_isolation,"This upload distributes the malware, but an existing Invasion of Privacy owner already controls the decision; owner case 46.",Invasion of Privacy,Invasion of Privacy,Restrict and send for human review,True
ESTABLISHED_OWNER-047,established_category_owner_isolation,"This upload distributes the malware, but an existing Terrorism & Extremism owner already controls the decision; owner case 47.",Terrorism & Extremism,Terrorism & Extremism,Block and escalate,True
ESTABLISHED_OWNER-048,established_category_owner_isolation,"This upload distributes the malware, but an existing Dangerous Content owner already controls the decision; owner case 48.",Dangerous Content,Dangerous Content,Remove and send for human review,True
ESTABLISHED_OWNER-049,established_category_owner_isolation,"This upload distributes the malware, but an existing Cyberbullying & Harassment owner already controls the decision; owner case 49.",Cyberbullying & Harassment,Cyberbullying & Harassment,Refer to human review,True
ESTABLISHED_OWNER-050,established_category_owner_isolation,"This upload distributes the malware, but an existing Misinformation & Fake News owner already controls the decision; owner case 50.",Misinformation & Fake News,Misinformation & Fake News,Refer to human review,True
LEXICAL_AND_CAPABILITY_BOUNDARIES-001,lexical_and_capability_boundaries,The document indexes a computer virus glossary without distribution or capability evidence; lexical case 1.,Normal/Ignore,Normal/Ignore,Allow,False
LEXICAL_AND_CAPABILITY_BOUNDARIES-002,lexical_and_capability_boundaries,An ordinary taxonomy includes a malware dictionary entry; lexical case 2.,Normal/Ignore,Normal/Ignore,Allow,False
LEXICAL_AND_CAPABILITY_BOUNDARIES-003,lexical_and_capability_boundaries,The search page lists a ransomware policy heading as a topic; lexical case 3.,Normal/Ignore,Normal/Ignore,Allow,False
LEXICAL_AND_CAPABILITY_BOUNDARIES-004,lexical_and_capability_boundaries,A benign note quotes a fictional botnet name without any attachment; lexical case 4.,Normal/Ignore,Normal/Ignore,Allow,False
LEXICAL_AND_CAPABILITY_BOUNDARIES-005,lexical_and_capability_boundaries,The document indexes a computer virus glossary without distribution or capability evidence; lexical case 5.,Normal/Ignore,Normal/Ignore,Allow,False
LEXICAL_AND_CAPABILITY_BOUNDARIES-006,lexical_and_capability_boundaries,An ordinary taxonomy includes a malware dictionary entry; lexical case 6.,Normal/Ignore,Normal/Ignore,Allow,False
LEXICAL_AND_CAPABILITY_BOUNDARIES-007,lexical_and_capability_boundaries,The search page lists a ransomware policy heading as a topic; lexical case 7.,Normal/Ignore,Normal/Ignore,Allow,False
LEXICAL_AND_CAPABILITY_BOUNDARIES-008,lexical_and_capability_boundaries,A benign note quotes a fictional botnet name without any attachment; lexical case 8.,Normal/Ignore,Normal/Ignore,Allow,False
LEXICAL_AND_CAPABILITY_BOUNDARIES-009,lexical_and_capability_boundaries,The document indexes a computer virus glossary without distribution or capability evidence; lexical case 9.,Normal/Ignore,Normal/Ignore,Allow,False
LEXICAL_AND_CAPABILITY_BOUNDARIES-010,lexical_and_capability_boundaries,An ordinary taxonomy includes a malware dictionary entry; lexical case 10.,Normal/Ignore,Normal/Ignore,Allow,False
LEXICAL_AND_CAPABILITY_BOUNDARIES-011,lexical_and_capability_boundaries,The search page lists a ransomware policy heading as a topic; lexical case 11.,Normal/Ignore,Normal/Ignore,Allow,False
LEXICAL_AND_CAPABILITY_BOUNDARIES-012,lexical_and_capability_boundaries,A benign note quotes a fictional botnet name without any attachment; lexical case 12.,Normal/Ignore,Normal/Ignore,Allow,False
LEXICAL_AND_CAPABILITY_BOUNDARIES-013,lexical_and_capability_boundaries,The document indexes a computer virus glossary without distribution or capability evidence; lexical case 13.,Normal/Ignore,Normal/Ignore,Allow,False
LEXICAL_AND_CAPABILITY_BOUNDARIES-014,lexical_and_capability_boundaries,An ordinary taxonomy includes a malware dictionary entry; lexical case 14.,Normal/Ignore,Normal/Ignore,Allow,False
LEXICAL_AND_CAPABILITY_BOUNDARIES-015,lexical_and_capability_boundaries,The search page lists a ransomware policy heading as a topic; lexical case 15.,Normal/Ignore,Normal/Ignore,Allow,False
LEXICAL_AND_CAPABILITY_BOUNDARIES-016,lexical_and_capability_boundaries,A benign note quotes a fictional botnet name without any attachment; lexical case 16.,Normal/Ignore,Normal/Ignore,Allow,False
LEXICAL_AND_CAPABILITY_BOUNDARIES-017,lexical_and_capability_boundaries,The document indexes a computer virus glossary without distribution or capability evidence; lexical case 17.,Normal/Ignore,Normal/Ignore,Allow,False
LEXICAL_AND_CAPABILITY_BOUNDARIES-018,lexical_and_capability_boundaries,An ordinary taxonomy includes a malware dictionary entry; lexical case 18.,Normal/Ignore,Normal/Ignore,Allow,False
LEXICAL_AND_CAPABILITY_BOUNDARIES-019,lexical_and_capability_boundaries,The search page lists a ransomware policy heading as a topic; lexical case 19.,Normal/Ignore,Normal/Ignore,Allow,False
LEXICAL_AND_CAPABILITY_BOUNDARIES-020,lexical_and_capability_boundaries,A benign note quotes a fictional botnet name without any attachment; lexical case 20.,Normal/Ignore,Normal/Ignore,Allow,False
LEXICAL_AND_CAPABILITY_BOUNDARIES-021,lexical_and_capability_boundaries,The document indexes a computer virus glossary without distribution or capability evidence; lexical case 21.,Normal/Ignore,Normal/Ignore,Allow,False
LEXICAL_AND_CAPABILITY_BOUNDARIES-022,lexical_and_capability_boundaries,An ordinary taxonomy includes a malware dictionary entry; lexical case 22.,Normal/Ignore,Normal/Ignore,Allow,False
LEXICAL_AND_CAPABILITY_BOUNDARIES-023,lexical_and_capability_boundaries,The search page lists a ransomware policy heading as a topic; lexical case 23.,Normal/Ignore,Normal/Ignore,Allow,False
LEXICAL_AND_CAPABILITY_BOUNDARIES-024,lexical_and_capability_boundaries,A benign note quotes a fictional botnet name without any attachment; lexical case 24.,Normal/Ignore,Normal/Ignore,Allow,False
LEXICAL_AND_CAPABILITY_BOUNDARIES-025,lexical_and_capability_boundaries,The document indexes a computer virus glossary without distribution or capability evidence; lexical case 25.,Normal/Ignore,Normal/Ignore,Allow,False
LEXICAL_AND_CAPABILITY_BOUNDARIES-026,lexical_and_capability_boundaries,An ordinary taxonomy includes a malware dictionary entry; lexical case 26.,Normal/Ignore,Normal/Ignore,Allow,False
LEXICAL_AND_CAPABILITY_BOUNDARIES-027,lexical_and_capability_boundaries,The search page lists a ransomware policy heading as a topic; lexical case 27.,Normal/Ignore,Normal/Ignore,Allow,False
LEXICAL_AND_CAPABILITY_BOUNDARIES-028,lexical_and_capability_boundaries,A benign note quotes a fictional botnet name without any attachment; lexical case 28.,Normal/Ignore,Normal/Ignore,Allow,False
LEXICAL_AND_CAPABILITY_BOUNDARIES-029,lexical_and_capability_boundaries,The document indexes a computer virus glossary without distribution or capability evidence; lexical case 29.,Normal/Ignore,Normal/Ignore,Allow,False
LEXICAL_AND_CAPABILITY_BOUNDARIES-030,lexical_and_capability_boundaries,An ordinary taxonomy includes a malware dictionary entry; lexical case 30.,Normal/Ignore,Normal/Ignore,Allow,False
LEXICAL_AND_CAPABILITY_BOUNDARIES-031,lexical_and_capability_boundaries,The search page lists a ransomware policy heading as a topic; lexical case 31.,Normal/Ignore,Normal/Ignore,Allow,False
LEXICAL_AND_CAPABILITY_BOUNDARIES-032,lexical_and_capability_boundaries,A benign note quotes a fictional botnet name without any attachment; lexical case 32.,Normal/Ignore,Normal/Ignore,Allow,False
LEXICAL_AND_CAPABILITY_BOUNDARIES-033,lexical_and_capability_boundaries,The document indexes a computer virus glossary without distribution or capability evidence; lexical case 33.,Normal/Ignore,Normal/Ignore,Allow,False
LEXICAL_AND_CAPABILITY_BOUNDARIES-034,lexical_and_capability_boundaries,An ordinary taxonomy includes a malware dictionary entry; lexical case 34.,Normal/Ignore,Normal/Ignore,Allow,False
LEXICAL_AND_CAPABILITY_BOUNDARIES-035,lexical_and_capability_boundaries,The search page lists a ransomware policy heading as a topic; lexical case 35.,Normal/Ignore,Normal/Ignore,Allow,False
LEXICAL_AND_CAPABILITY_BOUNDARIES-036,lexical_and_capability_boundaries,A benign note quotes a fictional botnet name without any attachment; lexical case 36.,Normal/Ignore,Normal/Ignore,Allow,False
LEXICAL_AND_CAPABILITY_BOUNDARIES-037,lexical_and_capability_boundaries,The document indexes a computer virus glossary without distribution or capability evidence; lexical case 37.,Normal/Ignore,Normal/Ignore,Allow,False
LEXICAL_AND_CAPABILITY_BOUNDARIES-038,lexical_and_capability_boundaries,An ordinary taxonomy includes a malware dictionary entry; lexical case 38.,Normal/Ignore,Normal/Ignore,Allow,False
LEXICAL_AND_CAPABILITY_BOUNDARIES-039,lexical_and_capability_boundaries,The search page lists a ransomware policy heading as a topic; lexical case 39.,Normal/Ignore,Normal/Ignore,Allow,False
LEXICAL_AND_CAPABILITY_BOUNDARIES-040,lexical_and_capability_boundaries,A benign note quotes a fictional botnet name without any attachment; lexical case 40.,Normal/Ignore,Normal/Ignore,Allow,False
LEXICAL_AND_CAPABILITY_BOUNDARIES-041,lexical_and_capability_boundaries,The document indexes a computer virus glossary without distribution or capability evidence; lexical case 41.,Normal/Ignore,Normal/Ignore,Allow,False
LEXICAL_AND_CAPABILITY_BOUNDARIES-042,lexical_and_capability_boundaries,An ordinary taxonomy includes a malware dictionary entry; lexical case 42.,Normal/Ignore,Normal/Ignore,Allow,False
LEXICAL_AND_CAPABILITY_BOUNDARIES-043,lexical_and_capability_boundaries,The search page lists a ransomware policy heading as a topic; lexical case 43.,Normal/Ignore,Normal/Ignore,Allow,False
LEXICAL_AND_CAPABILITY_BOUNDARIES-044,lexical_and_capability_boundaries,A benign note quotes a fictional botnet name without any attachment; lexical case 44.,Normal/Ignore,Normal/Ignore,Allow,False
LEXICAL_AND_CAPABILITY_BOUNDARIES-045,lexical_and_capability_boundaries,The document indexes a computer virus glossary without distribution or capability evidence; lexical case 45.,Normal/Ignore,Normal/Ignore,Allow,False
LEXICAL_AND_CAPABILITY_BOUNDARIES-046,lexical_and_capability_boundaries,An ordinary taxonomy includes a malware dictionary entry; lexical case 46.,Normal/Ignore,Normal/Ignore,Allow,False
LEXICAL_AND_CAPABILITY_BOUNDARIES-047,lexical_and_capability_boundaries,The search page lists a ransomware policy heading as a topic; lexical case 47.,Normal/Ignore,Normal/Ignore,Allow,False
LEXICAL_AND_CAPABILITY_BOUNDARIES-048,lexical_and_capability_boundaries,A benign note quotes a fictional botnet name without any attachment; lexical case 48.,Normal/Ignore,Normal/Ignore,Allow,False
LEXICAL_AND_CAPABILITY_BOUNDARIES-049,lexical_and_capability_boundaries,The document indexes a computer virus glossary without distribution or capability evidence; lexical case 49.,Normal/Ignore,Normal/Ignore,Allow,False
LEXICAL_AND_CAPABILITY_BOUNDARIES-050,lexical_and_capability_boundaries,An ordinary taxonomy includes a malware dictionary entry; lexical case 50.,Normal/Ignore,Normal/Ignore,Allow,False
