qid,primary_name,aliases_json,matchable_aliases_json,primary_name_match_allowed,wikidata_class_qids_json,wikidata_class_labels_json,community_status,confirmed_legal_designation,eligible_for_review_routing,eligible_for_automatic_category,automatic_enforcement_allowed,neutral_mention_is_violation,exact_match_only,behavior_context_required,source_url,source_modified_utc,source_revision,retrieved_utc,license,license_url
Q2000803,Abdullah Azzam Brigades,"[""Al-Qaeda in Lebanon""]","[""Al-Qaeda in Lebanon""]",True,"[""Q17127659""]","[""terrorist organization""]",UNVERIFIED_COMMUNITY_CANDIDATE,False,True,False,False,False,True,True,https://www.wikidata.org/wiki/Q2000803,2025-12-15T08:34:12Z,2442582148,2026-08-12T15:23:50Z,CC0-1.0,https://creativecommons.org/publicdomain/zero/1.0/
Q1638579,Abu Nidal Organization,"[""ANO"",""Arab Revolutionary Brigades"",""Black June"",""Black September"",""Fatah–The Revolutionary Council"",""Revolutionary Organization of Socialist Muslims""]","[""Arab Revolutionary Brigades"",""Black June"",""Black September"",""Fatah–The Revolutionary Council"",""Revolutionary Organization of Socialist Muslims""]",True,"[""Q17127659""]","[""terrorist organization""]",UNVERIFIED_COMMUNITY_CANDIDATE,False,True,False,False,False,True,True,https://www.wikidata.org/wiki/Q1638579,2025-11-13T17:01:50Z,2429143412,2026-08-12T15:23:50Z,CC0-1.0,https://creativecommons.org/publicdomain/zero/1.0/
Q335361,Abu Sayyaf,"[""Abu Sayyaf group"",""ASG"",""East Asia"",""East Asia Province"",""East Asia Wilayah"",""IS-EAP"",""Islamic State- East Asia Province"",""Wilāyat Šārq Āsiyā""]","[""Abu Sayyaf group"",""East Asia"",""East Asia Province"",""East Asia Wilayah"",""IS-EAP"",""Islamic State- East Asia Province"",""Wilāyat Šārq Āsiyā""]",True,"[""Q17127659""]","[""terrorist organization""]",UNVERIFIED_COMMUNITY_CANDIDATE,False,True,False,False,False,True,True,https://www.wikidata.org/wiki/Q335361,2026-05-15T16:08:28Z,2492076456,2026-08-12T15:23:50Z,CC0-1.0,https://creativecommons.org/publicdomain/zero/1.0/
Q3163292,Aden-Abyan Islamic Army,"[""AAIA"",""Islamic Army of Aden""]","[""Islamic Army of Aden""]",True,"[""Q17127659""]","[""terrorist organization""]",UNVERIFIED_COMMUNITY_CANDIDATE,False,True,False,False,False,True,True,https://www.wikidata.org/wiki/Q3163292,2025-11-13T17:00:35Z,2429143257,2026-08-12T15:23:50Z,CC0-1.0,https://creativecommons.org/publicdomain/zero/1.0/
Q2826062,Affiche rouge,"[""L ́Affiche rouge"",""Red Cartel""]","[""L ́Affiche rouge"",""Red Cartel""]",True,"[""Q17127659""]","[""terrorist organization""]",UNVERIFIED_COMMUNITY_CANDIDATE,False,True,False,False,False,True,True,https://www.wikidata.org/wiki/Q2826062,2023-11-06T17:41:03Z,2005752689,2026-08-12T15:23:50Z,CC0-1.0,https://creativecommons.org/publicdomain/zero/1.0/
Q61054607,Ajang Ajang Group,[],[],True,"[""Q4456236""]","[""terrorist group""]",UNVERIFIED_COMMUNITY_CANDIDATE,False,True,False,False,False,True,True,https://www.wikidata.org/wiki/Q61054607,2023-10-25T16:33:34Z,1997023608,2026-08-12T15:23:50Z,CC0-1.0,https://creativecommons.org/publicdomain/zero/1.0/
Q28497569,Ajnad al-Kavkaz,"[""أجناد القوقاز""]","[""أجناد القوقاز""]",True,"[""Q4456236""]","[""terrorist group""]",UNVERIFIED_COMMUNITY_CANDIDATE,False,True,False,False,False,True,True,https://www.wikidata.org/wiki/Q28497569,2024-12-02T10:21:37Z,2282651697,2026-08-12T15:23:50Z,CC0-1.0,https://creativecommons.org/publicdomain/zero/1.0/
Q4700722,Akhil Bharat Nepali Ekta Samaj,[],[],True,"[""Q17127659""]","[""terrorist organization""]",UNVERIFIED_COMMUNITY_CANDIDATE,False,True,False,False,False,True,True,https://www.wikidata.org/wiki/Q4700722,2024-08-17T14:56:58Z,2229754690,2026-08-12T15:23:50Z,CC0-1.0,https://creativecommons.org/publicdomain/zero/1.0/
Q11189131,AKIA,"[""Anti Korean Interests Agency""]","[""Anti Korean Interests Agency""]",False,"[""Q17127659""]","[""terrorist organization""]",UNVERIFIED_COMMUNITY_CANDIDATE,False,True,False,False,False,True,True,https://www.wikidata.org/wiki/Q11189131,2025-06-15T08:53:03Z,2361273364,2026-08-12T15:23:50Z,CC0-1.0,https://creativecommons.org/publicdomain/zero/1.0/
Q135198088,Al Qaeda in Georgia,[],[],True,"[""Q4456236""]","[""terrorist group""]",UNVERIFIED_COMMUNITY_CANDIDATE,False,True,False,False,False,True,True,https://www.wikidata.org/wiki/Q135198088,2025-07-24T12:40:53Z,2383627915,2026-08-12T15:23:50Z,CC0-1.0,https://creativecommons.org/publicdomain/zero/1.0/
Q13438898,Al-Abbas brigade,[],[],True,"[""Q17127659""]","[""terrorist organization""]",UNVERIFIED_COMMUNITY_CANDIDATE,False,True,False,False,False,True,True,https://www.wikidata.org/wiki/Q13438898,2025-04-22T13:02:48Z,2340591074,2026-08-12T15:23:50Z,CC0-1.0,https://creativecommons.org/publicdomain/zero/1.0/
Q287875,Al-Aqsa Foundation,[],[],True,"[""Q17127659""]","[""terrorist organization""]",UNVERIFIED_COMMUNITY_CANDIDATE,False,True,False,False,False,True,True,https://www.wikidata.org/wiki/Q287875,2026-01-26T07:03:34Z,2457842033,2026-08-12T15:23:50Z,CC0-1.0,https://creativecommons.org/publicdomain/zero/1.0/
Q55603461,Al-Ashtar Brigades,"[""AAB"",""Saraya Al-Ashtar"",""سرايا الأشتر""]","[""Saraya Al-Ashtar"",""سرايا الأشتر""]",True,"[""Q17127659""]","[""terrorist organization""]",UNVERIFIED_COMMUNITY_CANDIDATE,False,True,False,False,False,True,True,https://www.wikidata.org/wiki/Q55603461,2026-07-06T11:34:56Z,2514448371,2026-08-12T15:23:50Z,CC0-1.0,https://creativecommons.org/publicdomain/zero/1.0/
Q285185,Al-Gama'a al-Islamiyya,"[""al Jamaat al Islamiya"",""Al-Gama'at al-Islamiya"",""al-Jama'a al-Islamiyya""]","[""al Jamaat al Islamiya"",""Al-Gama'at al-Islamiya"",""al-Jama'a al-Islamiyya""]",True,"[""Q17127659""]","[""terrorist organization""]",UNVERIFIED_COMMUNITY_CANDIDATE,False,True,False,False,False,True,True,https://www.wikidata.org/wiki/Q285185,2026-07-14T16:57:31Z,2517459794,2026-08-12T15:23:50Z,CC0-1.0,https://creativecommons.org/publicdomain/zero/1.0/
Q19428975,Al-Khansaa Brigade,"[""Al Kansah"",""Al Kansah Brigade"",""Al-Khansaa""]","[""Al Kansah"",""Al Kansah Brigade"",""Al-Khansaa""]",True,"[""Q17127659""]","[""terrorist organization""]",UNVERIFIED_COMMUNITY_CANDIDATE,False,True,False,False,False,True,True,https://www.wikidata.org/wiki/Q19428975,2026-08-03T11:59:15Z,2526729394,2026-08-12T15:23:50Z,CC0-1.0,https://creativecommons.org/publicdomain/zero/1.0/
Q16525650,Al-Mourabitoun,"[""al-Murabitun""]","[""al-Murabitun""]",True,"[""Q17127659""]","[""terrorist organization""]",UNVERIFIED_COMMUNITY_CANDIDATE,False,True,False,False,False,True,True,https://www.wikidata.org/wiki/Q16525650,2026-07-29T13:48:02Z,2524328634,2026-08-12T15:23:50Z,CC0-1.0,https://creativecommons.org/publicdomain/zero/1.0/
Q25449986,Al-Mukhtar Brigades,"[""Bahraini Islamic Resistance"",""Saraya al-Makhtar""]","[""Bahraini Islamic Resistance"",""Saraya al-Makhtar""]",True,"[""Q17127659""]","[""terrorist organization""]",UNVERIFIED_COMMUNITY_CANDIDATE,False,True,False,False,False,True,True,https://www.wikidata.org/wiki/Q25449986,2026-04-29T16:47:15Z,2485633922,2026-08-12T15:23:50Z,CC0-1.0,https://creativecommons.org/publicdomain/zero/1.0/
Q44810800,Al-Mulathameen,[],[],True,"[""Q17127659""]","[""terrorist organization""]",UNVERIFIED_COMMUNITY_CANDIDATE,False,True,False,False,False,True,True,https://www.wikidata.org/wiki/Q44810800,2025-11-17T05:29:34Z,2430573889,2026-08-12T15:23:50Z,CC0-1.0,https://creativecommons.org/publicdomain/zero/1.0/
Q32748,Al-Nusra Front,"[""al-Nusrah Front"",""al-Qaeda in Syria"",""al-Qaeda in the Levant"",""Jabhah Fath Sham"",""JaN"",""JN""]","[""al-Nusrah Front"",""al-Qaeda in Syria"",""al-Qaeda in the Levant"",""Jabhah Fath Sham""]",True,"[""Q17127659""]","[""terrorist organization""]",UNVERIFIED_COMMUNITY_CANDIDATE,False,True,False,False,False,True,True,https://www.wikidata.org/wiki/Q32748,2026-07-16T02:21:57Z,2518006866,2026-08-12T15:23:50Z,CC0-1.0,https://creativecommons.org/publicdomain/zero/1.0/
Q34490,Al-Qaeda,"[""al-Qa'ida"",""al-Qa'idah"",""al-Qaida"",""Qaedat al-Jihad"",""The Base"",""The Foundation""]","[""al-Qa'ida"",""al-Qa'idah"",""al-Qaida"",""Qaedat al-Jihad"",""The Base"",""The Foundation""]",True,"[""Q17127659""]","[""terrorist organization""]",UNVERIFIED_COMMUNITY_CANDIDATE,False,True,False,False,False,True,True,https://www.wikidata.org/wiki/Q34490,2026-07-31T19:57:55Z,2525301524,2026-08-12T15:23:50Z,CC0-1.0,https://creativecommons.org/publicdomain/zero/1.0/
Q19428976,Al-Qaeda in Bosnia and Herzegovina,[],[],True,"[""Q17127659""]","[""terrorist organization""]",UNVERIFIED_COMMUNITY_CANDIDATE,False,True,False,False,False,True,True,https://www.wikidata.org/wiki/Q19428976,2026-07-27T06:56:11Z,2523279422,2026-08-12T15:23:50Z,CC0-1.0,https://creativecommons.org/publicdomain/zero/1.0/
Q1076058,Al-Qaeda in Iraq,"[""Al-Qaeda in Mesopotamia"",""AQI"",""Tanzim Qaidat al-Jihad fi Bilad al-Rafidayn"",""TQJBR""]","[""Al-Qaeda in Mesopotamia"",""Tanzim Qaidat al-Jihad fi Bilad al-Rafidayn""]",True,"[""Q17127659""]","[""terrorist organization""]",UNVERIFIED_COMMUNITY_CANDIDATE,False,True,False,False,False,True,True,https://www.wikidata.org/wiki/Q1076058,2026-05-08T15:09:53Z,2489012721,2026-08-12T15:23:50Z,CC0-1.0,https://creativecommons.org/publicdomain/zero/1.0/
Q2635866,Al-Qaeda in the Arabian Peninsula,"[""Al Qa'ida in Yemen"",""al-Qa'ida in the Arabian Peninsula"",""Al-Qaeda in Yemen"",""AQAP""]","[""Al Qa'ida in Yemen"",""al-Qa'ida in the Arabian Peninsula"",""Al-Qaeda in Yemen""]",True,"[""Q17127659""]","[""terrorist organization""]",UNVERIFIED_COMMUNITY_CANDIDATE,False,True,False,False,False,True,True,https://www.wikidata.org/wiki/Q2635866,2025-12-26T09:04:02Z,2447298166,2026-08-12T15:23:50Z,CC0-1.0,https://creativecommons.org/publicdomain/zero/1.0/
Q17899406,al-Qaeda in the Indian Subcontinent,[],[],True,"[""Q17127659""]","[""terrorist organization""]",UNVERIFIED_COMMUNITY_CANDIDATE,False,True,False,False,False,True,True,https://www.wikidata.org/wiki/Q17899406,2025-12-31T11:52:55Z,2449621780,2026-08-12T15:23:50Z,CC0-1.0,https://creativecommons.org/publicdomain/zero/1.0/
Q2635966,al-Qaeda in the Islamic Maghreb,"[""al-Qaida in the Islamic Maghreb"",""AQIM"",""Organization of al-Qa'ida in the Land of the Islamic Maghreb""]","[""al-Qaida in the Islamic Maghreb"",""Organization of al-Qa'ida in the Land of the Islamic Maghreb""]",True,"[""Q17127659""]","[""terrorist organization""]",UNVERIFIED_COMMUNITY_CANDIDATE,False,True,False,False,False,True,True,https://www.wikidata.org/wiki/Q2635966,2026-07-29T13:51:29Z,2524329778,2026-08-12T15:23:50Z,CC0-1.0,https://creativecommons.org/publicdomain/zero/1.0/
Q22947425,Al-Qaeda in the Sinai Peninsula,"[""AQSP"",""القاعدة في سيناء""]","[""القاعدة في سيناء""]",True,"[""Q17127659""]","[""terrorist organization""]",UNVERIFIED_COMMUNITY_CANDIDATE,False,True,False,False,False,True,True,https://www.wikidata.org/wiki/Q22947425,2026-03-13T03:33:10Z,2471565180,2026-08-12T15:23:50Z,CC0-1.0,https://creativecommons.org/publicdomain/zero/1.0/
Q111223218,Al-Qaeda in Turkey,[],[],True,"[""Q17127659""]","[""terrorist organization""]",UNVERIFIED_COMMUNITY_CANDIDATE,False,True,False,False,False,True,True,https://www.wikidata.org/wiki/Q111223218,2025-03-17T01:45:13Z,2325951760,2026-08-12T15:23:50Z,CC0-1.0,https://creativecommons.org/publicdomain/zero/1.0/
Q4703056,Al-Qaeda Kurdish Battalions,"[""AQKB""]",[],True,"[""Q17127659""]","[""terrorist organization""]",UNVERIFIED_COMMUNITY_CANDIDATE,False,True,False,False,False,True,True,https://www.wikidata.org/wiki/Q4703056,2024-02-02T18:12:27Z,2067374384,2026-08-12T15:23:50Z,CC0-1.0,https://creativecommons.org/publicdomain/zero/1.0/
Q309998,Al-Shabaab,"[""al-Shabab"",""Harakat al-Shabaab al-Mujahideen"",""Harakat ash-Shabāb"",""HSM"",""Shabab militia"",""Shabab militias""]","[""al-Shabab"",""Harakat al-Shabaab al-Mujahideen"",""Harakat ash-Shabāb"",""Shabab militia"",""Shabab militias""]",True,"[""Q17127659""]","[""terrorist organization""]",UNVERIFIED_COMMUNITY_CANDIDATE,False,True,False,False,False,True,True,https://www.wikidata.org/wiki/Q309998,2026-08-10T15:36:27Z,2529646241,2026-08-12T15:23:50Z,CC0-1.0,https://creativecommons.org/publicdomain/zero/1.0/
Q4703280,Al-Tawhid Brigade,[],[],True,"[""Q17127659""]","[""terrorist organization""]",UNVERIFIED_COMMUNITY_CANDIDATE,False,True,False,False,False,True,True,https://www.wikidata.org/wiki/Q4703280,2026-02-24T18:37:41Z,2466394687,2026-08-12T15:23:50Z,CC0-1.0,https://creativecommons.org/publicdomain/zero/1.0/
Q106696267,Allah'r Dal,[],[],True,"[""Q17127659""]","[""terrorist organization""]",UNVERIFIED_COMMUNITY_CANDIDATE,False,True,False,False,False,True,True,https://www.wikidata.org/wiki/Q106696267,2026-01-20T18:35:59Z,2456382273,2026-08-12T15:23:50Z,CC0-1.0,https://creativecommons.org/publicdomain/zero/1.0/
Q2850014,Animal Rights Militia,"[""ARM""]",[],True,"[""Q17127659""]","[""terrorist organization""]",UNVERIFIED_COMMUNITY_CANDIDATE,False,True,False,False,False,True,True,https://www.wikidata.org/wiki/Q2850014,2026-06-02T16:14:19Z,2501133030,2026-08-12T15:23:50Z,CC0-1.0,https://creativecommons.org/publicdomain/zero/1.0/
Q568914,Ansar al-Islam,"[""AAI"",""Ansar al-Islam fi Kurdistan""]","[""Ansar al-Islam fi Kurdistan""]",True,"[""Q17127659""]","[""terrorist organization""]",UNVERIFIED_COMMUNITY_CANDIDATE,False,True,False,False,False,True,True,https://www.wikidata.org/wiki/Q568914,2026-07-17T19:25:16Z,2518798952,2026-08-12T15:23:50Z,CC0-1.0,https://creativecommons.org/publicdomain/zero/1.0/
Q123676980,Ansar al-Khilafah Brazil,[],[],True,"[""Q17127659""]","[""terrorist organization""]",UNVERIFIED_COMMUNITY_CANDIDATE,False,True,False,False,False,True,True,https://www.wikidata.org/wiki/Q123676980,2026-05-24T16:16:36Z,2496872146,2026-08-12T15:23:50Z,CC0-1.0,https://creativecommons.org/publicdomain/zero/1.0/
Q4770519,Ansar al-Sharia,"[""Ansar al-Sharia in Libya"",""Supporters of Islamic Law""]","[""Ansar al-Sharia in Libya"",""Supporters of Islamic Law""]",True,"[""Q17127659""]","[""terrorist organization""]",UNVERIFIED_COMMUNITY_CANDIDATE,False,True,False,False,False,True,True,https://www.wikidata.org/wiki/Q4770519,2026-07-29T13:40:10Z,2524325457,2026-08-12T15:23:50Z,CC0-1.0,https://creativecommons.org/publicdomain/zero/1.0/
Q4770521,Ansar al-Sharia,"[""(Yemen)""]","[""(Yemen)""]",True,"[""Q17127659""]","[""terrorist organization""]",UNVERIFIED_COMMUNITY_CANDIDATE,False,True,False,False,False,True,True,https://www.wikidata.org/wiki/Q4770521,2024-05-05T05:25:01Z,2145242914,2026-08-12T15:23:50Z,CC0-1.0,https://creativecommons.org/publicdomain/zero/1.0/
Q15646812,Ansar Bait al-Maqdis,"[""أنصار بيت المقدس""]","[""أنصار بيت المقدس""]",True,"[""Q17127659""]","[""terrorist organization""]",UNVERIFIED_COMMUNITY_CANDIDATE,False,True,False,False,False,True,True,https://www.wikidata.org/wiki/Q15646812,2025-12-17T12:27:40Z,2443397457,2026-08-12T15:23:50Z,CC0-1.0,https://creativecommons.org/publicdomain/zero/1.0/
Q568900,Ansar Dine,"[""Ansar al-Din""]","[""Ansar al-Din""]",True,"[""Q17127659""]","[""terrorist organization""]",UNVERIFIED_COMMUNITY_CANDIDATE,False,True,False,False,False,True,True,https://www.wikidata.org/wiki/Q568900,2026-07-29T13:42:33Z,2524326389,2026-08-12T15:23:50Z,CC0-1.0,https://creativecommons.org/publicdomain/zero/1.0/
Q28499712,Ansar ul Islam,"[""Andar ul Islam"",""Ansarul Islam"",""أنصار الإسلام (بوركينا فاسو)""]","[""Andar ul Islam"",""Ansarul Islam"",""أنصار الإسلام (بوركينا فاسو)""]",True,"[""Q17127659""]","[""terrorist organization""]",UNVERIFIED_COMMUNITY_CANDIDATE,False,True,False,False,False,True,True,https://www.wikidata.org/wiki/Q28499712,2025-11-13T13:17:46Z,2429082557,2026-08-12T15:23:50Z,CC0-1.0,https://creativecommons.org/publicdomain/zero/1.0/
Q4770527,Ansaru,"[""Vanguards for the Protection of Muslims in Black Africa""]","[""Vanguards for the Protection of Muslims in Black Africa""]",True,"[""Q17127659""]","[""terrorist organization""]",UNVERIFIED_COMMUNITY_CANDIDATE,False,True,False,False,False,True,True,https://www.wikidata.org/wiki/Q4770527,2025-11-13T15:36:19Z,2429121665,2026-08-12T15:23:50Z,CC0-1.0,https://creativecommons.org/publicdomain/zero/1.0/
Q16147066,Ansarullah Bengali Team,[],[],True,"[""Q17127659""]","[""terrorist organization""]",UNVERIFIED_COMMUNITY_CANDIDATE,False,True,False,False,False,True,True,https://www.wikidata.org/wiki/Q16147066,2025-11-14T12:06:01Z,2429473068,2026-08-12T15:23:50Z,CC0-1.0,https://creativecommons.org/publicdomain/zero/1.0/
Q130571835,Anti-Russian separatist movement,[],[],True,"[""Q17127659""]","[""terrorist organization""]",UNVERIFIED_COMMUNITY_CANDIDATE,False,True,False,False,False,True,True,https://www.wikidata.org/wiki/Q130571835,2026-03-19T05:18:01Z,2473481305,2026-08-12T15:23:50Z,CC0-1.0,https://creativecommons.org/publicdomain/zero/1.0/
Q136888365,Antifa Ost,"[""Antifa East"",""Hammerbande""]","[""Antifa East"",""Hammerbande""]",True,"[""Q17127659""]","[""terrorist organization""]",UNVERIFIED_COMMUNITY_CANDIDATE,False,True,False,False,False,True,True,https://www.wikidata.org/wiki/Q136888365,2026-02-15T12:58:39Z,2463651507,2026-08-12T15:23:50Z,CC0-1.0,https://creativecommons.org/publicdomain/zero/1.0/
Q4783252,Arab Struggle Movement for the Liberation of Ahvaz,"[""Ahvaz National Resistance"",""Ahwaz Monitor"",""Ahwaz National Resistance"",""Ahwazi Organization for the Defense of Human Rights"",""Ahwazian Pen Foundation for Culture and Media"",""Ahwaziska Kulturförningen-AKF"",""Ahwazna"",""Ahwazna Forening"",""al-Farouq Battalion"",""Arab Struggle Movement for the Liberation of Ahwaz"",""Arab Struggle Movement for the Liberation of Al-Ahvaz"",""Arab Struggle Movement for the Liberation of Al-Ahwaz"",""Arabic-European Foundation for International Relations"",""ASMLA"",""Dur Untash Center for Strategic Studies"",""European-Ahwazi Organization for the Defense of Human Rights"",""Gulf-European Centre for Human Rights"",""Majid al-Baghbeh Martyrs Battalion"",""MMDNB"",""Mohiuddin Nasser Martyrs Brigade"",""Razi al-Zarqani Martyrs Battalion""]","[""Ahvaz National Resistance"",""Ahwaz Monitor"",""Ahwaz National Resistance"",""Ahwazi Organization for the Defense of Human Rights"",""Ahwazian Pen Foundation for Culture and Media"",""Ahwaziska Kulturförningen-AKF"",""Ahwazna"",""Ahwazna Forening"",""al-Farouq Battalion"",""Arab Struggle Movement for the Liberation of Ahwaz"",""Arab Struggle Movement for the Liberation of Al-Ahvaz"",""Arab Struggle Movement for the Liberation of Al-Ahwaz"",""Arabic-European Foundation for International Relations"",""Dur Untash Center for Strategic Studies"",""European-Ahwazi Organization for the Defense of Human Rights"",""Gulf-European Centre for Human Rights"",""Majid al-Baghbeh Martyrs Battalion"",""Mohiuddin Nasser Martyrs Brigade"",""Razi al-Zarqani Martyrs Battalion""]",True,"[""Q17127659""]","[""terrorist organization""]",UNVERIFIED_COMMUNITY_CANDIDATE,False,True,False,False,False,True,True,https://www.wikidata.org/wiki/Q4783252,2026-01-04T23:27:12Z,2451435312,2026-08-12T15:23:50Z,CC0-1.0,https://creativecommons.org/publicdomain/zero/1.0/
Q56317688,Argala Command,[],[],True,"[""Q4456236""]","[""terrorist group""]",UNVERIFIED_COMMUNITY_CANDIDATE,False,True,False,False,False,True,True,https://www.wikidata.org/wiki/Q56317688,2025-01-03T04:20:53Z,2294156498,2026-08-12T15:23:50Z,CC0-1.0,https://creativecommons.org/publicdomain/zero/1.0/
Q920152,Argentine Anticommunist Alliance,[],[],True,"[""Q17127659""]","[""terrorist organization""]",UNVERIFIED_COMMUNITY_CANDIDATE,False,True,False,False,False,True,True,https://www.wikidata.org/wiki/Q920152,2026-07-25T23:23:05Z,2522700493,2026-08-12T15:23:50Z,CC0-1.0,https://creativecommons.org/publicdomain/zero/1.0/
Q2862111,Armata Corsa,[],[],True,"[""Q17127659""]","[""terrorist organization""]",UNVERIFIED_COMMUNITY_CANDIDATE,False,True,False,False,False,True,True,https://www.wikidata.org/wiki/Q2862111,2022-03-19T20:11:27Z,1598666943,2026-08-12T15:23:50Z,CC0-1.0,https://creativecommons.org/publicdomain/zero/1.0/
Q3117728,Armed Liberation Group,"[""GLA"",""Groupe armé de libération""]","[""Groupe armé de libération""]",True,"[""Q17127659""]","[""terrorist organization""]",UNVERIFIED_COMMUNITY_CANDIDATE,False,True,False,False,False,True,True,https://www.wikidata.org/wiki/Q3117728,2023-07-14T00:01:53Z,1934215014,2026-08-12T15:23:50Z,CC0-1.0,https://creativecommons.org/publicdomain/zero/1.0/
Q3345677,Armed Nuclei for Popular Autonomy,"[""NAPAP"",""noyaux armes poru l autonomie populaire"",""Noyaux armés pour l'autonomie populaire""]","[""noyaux armes poru l autonomie populaire"",""Noyaux armés pour l'autonomie populaire""]",True,"[""Q17127659""]","[""terrorist organization""]",UNVERIFIED_COMMUNITY_CANDIDATE,False,True,False,False,False,True,True,https://www.wikidata.org/wiki/Q3345677,2024-12-30T03:58:16Z,2292798258,2026-08-12T15:23:50Z,CC0-1.0,https://creativecommons.org/publicdomain/zero/1.0/
Q110464572,Armed Nuclei for Territorial Counter-Power,[],[],True,"[""Q17127659""]","[""terrorist organization""]",UNVERIFIED_COMMUNITY_CANDIDATE,False,True,False,False,False,True,True,https://www.wikidata.org/wiki/Q110464572,2026-02-20T22:16:25Z,2465058850,2026-08-12T15:23:50Z,CC0-1.0,https://creativecommons.org/publicdomain/zero/1.0/
Q1058894,Armed Proletarians for Communism,"[""Proletari Armati per il Comunismo""]","[""Proletari Armati per il Comunismo""]",True,"[""Q17127659""]","[""terrorist organization""]",UNVERIFIED_COMMUNITY_CANDIDATE,False,True,False,False,False,True,True,https://www.wikidata.org/wiki/Q1058894,2025-02-25T17:52:47Z,2316876794,2026-08-12T15:23:50Z,CC0-1.0,https://creativecommons.org/publicdomain/zero/1.0/
Q94739,Armed Revolutionary Nuclei,"[""NAR"",""Nuclei Armati Rivoluzionari""]","[""Nuclei Armati Rivoluzionari""]",True,"[""Q17127659""]","[""terrorist organization""]",UNVERIFIED_COMMUNITY_CANDIDATE,False,True,False,False,False,True,True,https://www.wikidata.org/wiki/Q94739,2026-07-18T08:51:09Z,2519026742,2026-08-12T15:23:50Z,CC0-1.0,https://creativecommons.org/publicdomain/zero/1.0/
Q689801,Army of God,"[""A.O.G""]","[""A.O.G""]",True,"[""Q17127659""]","[""terrorist organization""]",UNVERIFIED_COMMUNITY_CANDIDATE,False,True,False,False,False,True,True,https://www.wikidata.org/wiki/Q689801,2026-04-20T22:52:59Z,2483549603,2026-08-12T15:23:50Z,CC0-1.0,https://creativecommons.org/publicdomain/zero/1.0/
Q14809607,Army of Islam,"[""Brigade of Islam"",""Islamic Coalition"",""Jaysh al-Islam""]","[""Brigade of Islam"",""Islamic Coalition"",""Jaysh al-Islam""]",True,"[""Q17127659""]","[""terrorist organization""]",UNVERIFIED_COMMUNITY_CANDIDATE,False,True,False,False,False,True,True,https://www.wikidata.org/wiki/Q14809607,2026-08-03T06:17:17Z,2526647320,2026-08-12T15:23:50Z,CC0-1.0,https://creativecommons.org/publicdomain/zero/1.0/
Q798210,Army of Islam,[],[],True,"[""Q17127659""]","[""terrorist organization""]",UNVERIFIED_COMMUNITY_CANDIDATE,False,True,False,False,False,True,True,https://www.wikidata.org/wiki/Q798210,2026-08-03T06:16:18Z,2526647095,2026-08-12T15:23:50Z,CC0-1.0,https://creativecommons.org/publicdomain/zero/1.0/
Q4794345,Army of the Men of the Naqshbandi Order,"[""Jaysh Rijal al-Tariq al Naqshabandi"",""JRTN"",""Naqshbandi Army""]","[""Jaysh Rijal al-Tariq al Naqshabandi"",""Naqshbandi Army""]",True,"[""Q17127659""]","[""terrorist organization""]",UNVERIFIED_COMMUNITY_CANDIDATE,False,True,False,False,False,True,True,https://www.wikidata.org/wiki/Q4794345,2026-03-04T21:03:49Z,2469435040,2026-08-12T15:23:50Z,CC0-1.0,https://creativecommons.org/publicdomain/zero/1.0/
Q21512693,Artigat network,[],[],True,"[""Q4456236""]","[""terrorist group""]",UNVERIFIED_COMMUNITY_CANDIDATE,False,True,False,False,False,True,True,https://www.wikidata.org/wiki/Q21512693,2024-08-11T20:51:53Z,2225221694,2026-08-12T15:23:50Z,CC0-1.0,https://creativecommons.org/publicdomain/zero/1.0/
Q568912,Assembly of the Helpers of Sunnah,"[""Ansar al-Sunna"",""AS""]","[""Ansar al-Sunna""]",True,"[""Q17127659""]","[""terrorist organization""]",UNVERIFIED_COMMUNITY_CANDIDATE,False,True,False,False,False,True,True,https://www.wikidata.org/wiki/Q568912,2026-07-17T19:25:38Z,2518799134,2026-08-12T15:23:50Z,CC0-1.0,https://creativecommons.org/publicdomain/zero/1.0/
Q39056878,Atomwaffen Division,"[""AWD"",""AWD Deutschland"",""AWD Russland"",""FKD"",""National Socialist Resistance Front"",""Northern Order"",""Nuovo Ordine Sociale"",""Sonnenkrieg Division""]","[""AWD Deutschland"",""AWD Russland"",""National Socialist Resistance Front"",""Northern Order"",""Nuovo Ordine Sociale"",""Sonnenkrieg Division""]",True,"[""Q17127659""]","[""terrorist organization""]",UNVERIFIED_COMMUNITY_CANDIDATE,False,True,False,False,False,True,True,https://www.wikidata.org/wiki/Q39056878,2026-06-14T12:38:05Z,2505884256,2026-08-12T15:23:50Z,CC0-1.0,https://creativecommons.org/publicdomain/zero/1.0/
Q217408,Aum Shinrikyo,"[""Aleph""]","[""Aleph""]",True,"[""Q17127659""]","[""terrorist organization""]",UNVERIFIED_COMMUNITY_CANDIDATE,False,True,False,False,False,True,True,https://www.wikidata.org/wiki/Q217408,2026-08-02T10:09:19Z,2526171122,2026-08-12T15:23:50Z,CC0-1.0,https://creativecommons.org/publicdomain/zero/1.0/
Q300279,AZF,"[""AZF (Terrorist group)""]","[""AZF (Terrorist group)""]",False,"[""Q17127659""]","[""terrorist organization""]",UNVERIFIED_COMMUNITY_CANDIDATE,False,True,False,False,False,True,True,https://www.wikidata.org/wiki/Q300279,2026-06-22T16:22:11Z,2509270328,2026-08-12T15:23:50Z,CC0-1.0,https://creativecommons.org/publicdomain/zero/1.0/
Q16484845,Ação Revolucionária Armada,"[""ARA""]",[],True,"[""Q17127659""]","[""terrorist organization""]",UNVERIFIED_COMMUNITY_CANDIDATE,False,True,False,False,False,True,True,https://www.wikidata.org/wiki/Q16484845,2025-11-13T08:36:27Z,2428998419,2026-08-12T15:23:50Z,CC0-1.0,https://creativecommons.org/publicdomain/zero/1.0/
Q797601,Babbar Khalsa,"[""Babbar Khalsa International""]","[""Babbar Khalsa International""]",True,"[""Q17127659""]","[""terrorist organization""]",UNVERIFIED_COMMUNITY_CANDIDATE,False,True,False,False,False,True,True,https://www.wikidata.org/wiki/Q797601,2025-11-13T17:11:57Z,2429145488,2026-08-12T15:23:50Z,CC0-1.0,https://creativecommons.org/publicdomain/zero/1.0/
Q133810196,Balata Brigades,[],[],True,"[""Q17127659""]","[""terrorist organization""]",UNVERIFIED_COMMUNITY_CANDIDATE,False,True,False,False,False,True,True,https://www.wikidata.org/wiki/Q133810196,2025-04-04T08:31:43Z,2334468116,2026-08-12T15:23:50Z,CC0-1.0,https://creativecommons.org/publicdomain/zero/1.0/
Q2995616,Balochistan Liberation Army,"[""Baloch Liberation Army""]","[""Baloch Liberation Army""]",True,"[""Q17127659""]","[""terrorist organization""]",UNVERIFIED_COMMUNITY_CANDIDATE,False,True,False,False,False,True,True,https://www.wikidata.org/wiki/Q2995616,2026-07-23T10:37:14Z,2521573446,2026-08-12T15:23:50Z,CC0-1.0,https://creativecommons.org/publicdomain/zero/1.0/
Q2891066,Batallón Vasco Español,"[""BBE"",""Spanish Basque Battalion""]","[""Spanish Basque Battalion""]",True,"[""Q17127659""]","[""terrorist organization""]",UNVERIFIED_COMMUNITY_CANDIDATE,False,True,False,False,False,True,True,https://www.wikidata.org/wiki/Q2891066,2024-07-19T12:27:12Z,2208045718,2026-08-12T15:23:50Z,CC0-1.0,https://creativecommons.org/publicdomain/zero/1.0/
Q28868108,Bethnahrain Women's Protection Forces,[],[],True,"[""Q17127659""]","[""terrorist organization""]",UNVERIFIED_COMMUNITY_CANDIDATE,False,True,False,False,False,True,True,https://www.wikidata.org/wiki/Q28868108,2025-01-14T05:32:35Z,2298006130,2026-08-12T15:23:50Z,CC0-1.0,https://creativecommons.org/publicdomain/zero/1.0/
Q940855,Black Hundreds,"[""black-hundredists""]","[""black-hundredists""]",True,"[""Q4456236""]","[""terrorist group""]",UNVERIFIED_COMMUNITY_CANDIDATE,False,True,False,False,False,True,True,https://www.wikidata.org/wiki/Q940855,2026-04-21T11:16:31Z,2483642469,2026-08-12T15:23:50Z,CC0-1.0,https://creativecommons.org/publicdomain/zero/1.0/
Q538454,Black Legion,"[""Black Guard""]","[""Black Guard""]",True,"[""Q17127659""]","[""terrorist organization""]",UNVERIFIED_COMMUNITY_CANDIDATE,False,True,False,False,False,True,True,https://www.wikidata.org/wiki/Q538454,2026-06-13T21:08:50Z,2505631610,2026-08-12T15:23:50Z,CC0-1.0,https://creativecommons.org/publicdomain/zero/1.0/
Q4294340,Black Star,"[""Mavro Asteri""]","[""Mavro Asteri""]",True,"[""Q17127659""]","[""terrorist organization""]",UNVERIFIED_COMMUNITY_CANDIDATE,False,True,False,False,False,True,True,https://www.wikidata.org/wiki/Q4294340,2023-06-27T01:24:41Z,1924509465,2026-08-12T15:23:50Z,CC0-1.0,https://creativecommons.org/publicdomain/zero/1.0/
Q12956681,Black Troikas,"[""Black Threes""]","[""Black Threes""]",True,"[""Q17127659""]","[""terrorist organization""]",UNVERIFIED_COMMUNITY_CANDIDATE,False,True,False,False,False,True,True,https://www.wikidata.org/wiki/Q12956681,2025-05-13T21:13:03Z,2348282027,2026-08-12T15:23:50Z,CC0-1.0,https://creativecommons.org/publicdomain/zero/1.0/
Q110387087,Black Wolf Hubertus,[],[],True,"[""Q17127659""]","[""terrorist organization""]",UNVERIFIED_COMMUNITY_CANDIDATE,False,True,False,False,False,True,True,https://www.wikidata.org/wiki/Q110387087,2025-11-09T11:43:50Z,2427516525,2026-08-12T15:23:50Z,CC0-1.0,https://creativecommons.org/publicdomain/zero/1.0/
Q607100,Blood & Honour,[],[],True,"[""Q17127659""]","[""terrorist organization""]",UNVERIFIED_COMMUNITY_CANDIDATE,False,True,False,False,False,True,True,https://www.wikidata.org/wiki/Q607100,2026-04-25T06:02:14Z,2484508127,2026-08-12T15:23:50Z,CC0-1.0,https://creativecommons.org/publicdomain/zero/1.0/
Q113638170,Bohran,"[""Crisis""]","[""Crisis""]",True,"[""Q17127659""]","[""terrorist organization""]",UNVERIFIED_COMMUNITY_CANDIDATE,False,True,False,False,False,True,True,https://www.wikidata.org/wiki/Q113638170,2025-05-03T19:39:59Z,2344305016,2026-08-12T15:23:50Z,CC0-1.0,https://creativecommons.org/publicdomain/zero/1.0/
Q212372,Boko Haram,"[""Jama'atu Ahlis Sunna Lidda'Awati Wal-Jihad"",""People Committed to the Prophet's Teachings for Propagation and Jihad"",""Wilayat Gharb Afriqiyya""]","[""Jama'atu Ahlis Sunna Lidda'Awati Wal-Jihad"",""People Committed to the Prophet's Teachings for Propagation and Jihad"",""Wilayat Gharb Afriqiyya""]",True,"[""Q17127659""]","[""terrorist organization""]",UNVERIFIED_COMMUNITY_CANDIDATE,False,True,False,False,False,True,True,https://www.wikidata.org/wiki/Q212372,2026-07-31T19:56:56Z,2525300940,2026-08-12T15:23:50Z,CC0-1.0,https://creativecommons.org/publicdomain/zero/1.0/
Q1117835,Boricua Popular Army,"[""Ejercito Popular Boricua"",""Ejército Popular Boricua"",""EPB"",""EPB-Macheteros"",""Los Macheteros"",""Macheteros""]","[""Ejercito Popular Boricua"",""Ejército Popular Boricua"",""EPB-Macheteros"",""Los Macheteros"",""Macheteros""]",True,"[""Q4456236""]","[""terrorist group""]",UNVERIFIED_COMMUNITY_CANDIDATE,False,True,False,False,False,True,True,https://www.wikidata.org/wiki/Q1117835,2026-04-14T21:23:16Z,2481568599,2026-08-12T15:23:50Z,CC0-1.0,https://creativecommons.org/publicdomain/zero/1.0/
Q20050200,Brazilian Anti-Communist Alliance,"[""AAB"",""Aliança Anticomunista Brasileira""]","[""Aliança Anticomunista Brasileira""]",True,"[""Q17127659""]","[""terrorist organization""]",UNVERIFIED_COMMUNITY_CANDIDATE,False,True,False,False,False,True,True,https://www.wikidata.org/wiki/Q20050200,2023-03-26T22:22:45Z,1862115654,2026-08-12T15:23:50Z,CC0-1.0,https://creativecommons.org/publicdomain/zero/1.0/
Q60839042,Bresci Circle,"[""Bresci Group"",""Gruppo Gaetano Bresci""]","[""Bresci Group"",""Gruppo Gaetano Bresci""]",True,"[""Q4456236""]","[""terrorist group""]",UNVERIFIED_COMMUNITY_CANDIDATE,False,True,False,False,False,True,True,https://www.wikidata.org/wiki/Q60839042,2025-04-07T08:38:13Z,2335383803,2026-08-12T15:23:50Z,CC0-1.0,https://creativecommons.org/publicdomain/zero/1.0/
Q2587029,Breton Liberation Front,[],[],True,"[""Q17127659""]","[""terrorist organization""]",UNVERIFIED_COMMUNITY_CANDIDATE,False,True,False,False,False,True,True,https://www.wikidata.org/wiki/Q2587029,2026-06-15T16:25:56Z,2506357620,2026-08-12T15:23:50Z,CC0-1.0,https://creativecommons.org/publicdomain/zero/1.0/
Q2048118,Breton Revolutionary Army,[],[],True,"[""Q17127659""]","[""terrorist organization""]",UNVERIFIED_COMMUNITY_CANDIDATE,False,True,False,False,False,True,True,https://www.wikidata.org/wiki/Q2048118,2026-08-08T09:01:53Z,2528724269,2026-08-12T15:23:50Z,CC0-1.0,https://creativecommons.org/publicdomain/zero/1.0/
Q3644649,Brigata XXVIII marzo,[],[],True,"[""Q17127659""]","[""terrorist organization""]",UNVERIFIED_COMMUNITY_CANDIDATE,False,True,False,False,False,True,True,https://www.wikidata.org/wiki/Q3644649,2024-09-21T23:48:01Z,2251319429,2026-08-12T15:23:50Z,CC0-1.0,https://creativecommons.org/publicdomain/zero/1.0/
Q3437508,Bugojno group,[],[],True,"[""Q4456236""]","[""terrorist group""]",UNVERIFIED_COMMUNITY_CANDIDATE,False,True,False,False,False,True,True,https://www.wikidata.org/wiki/Q3437508,2024-02-02T12:29:10Z,2067156140,2026-08-12T15:23:50Z,CC0-1.0,https://creativecommons.org/publicdomain/zero/1.0/
Q18745185,Buttes-Chaumont network,[],[],True,"[""Q4456236""]","[""terrorist group""]",UNVERIFIED_COMMUNITY_CANDIDATE,False,True,False,False,False,True,True,https://www.wikidata.org/wiki/Q18745185,2024-09-16T07:44:49Z,2248781294,2026-08-12T15:23:50Z,CC0-1.0,https://creativecommons.org/publicdomain/zero/1.0/
Q23831081,Bürgerwehr Freital,"[""Bürgerwehr FTL/360"",""FTL/360"",""Gruppe Freital""]","[""Bürgerwehr FTL/360"",""FTL/360"",""Gruppe Freital""]",True,"[""Q17127659""]","[""terrorist organization""]",UNVERIFIED_COMMUNITY_CANDIDATE,False,True,False,False,False,True,True,https://www.wikidata.org/wiki/Q23831081,2025-02-13T20:50:18Z,2311054463,2026-08-12T15:23:50Z,CC0-1.0,https://creativecommons.org/publicdomain/zero/1.0/
Q895710,Caliphate State,[],[],True,"[""Q17127659""]","[""terrorist organization""]",UNVERIFIED_COMMUNITY_CANDIDATE,False,True,False,False,False,True,True,https://www.wikidata.org/wiki/Q895710,2025-06-05T12:53:26Z,2357203230,2026-08-12T15:23:50Z,CC0-1.0,https://creativecommons.org/publicdomain/zero/1.0/
Q2838267,Caribbean Revolutionary Alliance,"[""Alliance Révolutionnaire Caraïbe"",""ARC""]","[""Alliance Révolutionnaire Caraïbe""]",True,"[""Q17127659""]","[""terrorist organization""]",UNVERIFIED_COMMUNITY_CANDIDATE,False,True,False,False,False,True,True,https://www.wikidata.org/wiki/Q2838267,2023-11-25T03:30:58Z,2017349651,2026-08-12T15:23:50Z,CC0-1.0,https://creativecommons.org/publicdomain/zero/1.0/
Q58826,Caucasus Emirate,"[""Imarat Kavkaz""]","[""Imarat Kavkaz""]",True,"[""Q17127659""]","[""terrorist organization""]",UNVERIFIED_COMMUNITY_CANDIDATE,False,True,False,False,False,True,True,https://www.wikidata.org/wiki/Q58826,2026-07-13T02:18:52Z,2516867615,2026-08-12T15:23:50Z,CC0-1.0,https://creativecommons.org/publicdomain/zero/1.0/
Q132360,Charles Martel Group,[],[],True,"[""Q17127659""]","[""terrorist organization""]",UNVERIFIED_COMMUNITY_CANDIDATE,False,True,False,False,False,True,True,https://www.wikidata.org/wiki/Q132360,2026-07-14T15:39:48Z,2517433115,2026-08-12T15:23:50Z,CC0-1.0,https://creativecommons.org/publicdomain/zero/1.0/
Q118255777,Chicano Liberation Front,"[""CLF""]",[],True,"[""Q17127659""]","[""terrorist organization""]",UNVERIFIED_COMMUNITY_CANDIDATE,False,True,False,False,False,True,True,https://www.wikidata.org/wiki/Q118255777,2025-02-22T17:35:39Z,2315380543,2026-08-12T15:23:50Z,CC0-1.0,https://creativecommons.org/publicdomain/zero/1.0/
Q11366210,chūkaku jieitai,[],[],True,"[""Q17127659""]","[""terrorist organization""]",UNVERIFIED_COMMUNITY_CANDIDATE,False,True,False,False,False,True,True,https://www.wikidata.org/wiki/Q11366210,2025-03-07T11:45:51Z,2321193038,2026-08-12T15:23:50Z,CC0-1.0,https://creativecommons.org/publicdomain/zero/1.0/
Q16550462,civilian commandos,[],[],True,"[""Q17127659""]","[""terrorist organization""]",UNVERIFIED_COMMUNITY_CANDIDATE,False,True,False,False,False,True,True,https://www.wikidata.org/wiki/Q16550462,2023-09-23T03:04:59Z,1979846122,2026-08-12T15:23:50Z,CC0-1.0,https://creativecommons.org/publicdomain/zero/1.0/
Q9024212,Clan del Golfo,"[""AGC"",""Autodefensas Gaitanistas de Colombia"",""Clan del Golfo de Uraba"",""Clan Úsuga"",""Los Urabeños""]","[""Autodefensas Gaitanistas de Colombia"",""Clan del Golfo de Uraba"",""Clan Úsuga"",""Los Urabeños""]",True,"[""Q17127659""]","[""terrorist organization""]",UNVERIFIED_COMMUNITY_CANDIDATE,False,True,False,False,False,True,True,https://www.wikidata.org/wiki/Q9024212,2026-05-19T19:55:17Z,2494456450,2026-08-12T15:23:50Z,CC0-1.0,https://creativecommons.org/publicdomain/zero/1.0/
Q2985607,CLODO,"[""Comité liquidant ou détournant les ordinateurs""]","[""Comité liquidant ou détournant les ordinateurs""]",False,"[""Q17127659""]","[""terrorist organization""]",UNVERIFIED_COMMUNITY_CANDIDATE,False,True,False,False,False,True,True,https://www.wikidata.org/wiki/Q2985607,2024-01-07T17:11:29Z,2047994551,2026-08-12T15:23:50Z,CC0-1.0,https://creativecommons.org/publicdomain/zero/1.0/
Q18465735,CODECO,"[""Comandos Operacionais de Defesa da Civilização Ocidental""]","[""Comandos Operacionais de Defesa da Civilização Ocidental""]",False,"[""Q17127659""]","[""terrorist organization""]",UNVERIFIED_COMMUNITY_CANDIDATE,False,True,False,False,False,True,True,https://www.wikidata.org/wiki/Q18465735,2024-12-11T18:41:48Z,2286127748,2026-08-12T15:23:50Z,CC0-1.0,https://creativecommons.org/publicdomain/zero/1.0/
Q131480671,Comandos F-4,"[""F-4 Commandos""]","[""F-4 Commandos""]",True,"[""Q17127659""]","[""terrorist organization""]",UNVERIFIED_COMMUNITY_CANDIDATE,False,True,False,False,False,True,True,https://www.wikidata.org/wiki/Q131480671,2024-12-19T22:16:39Z,2289624111,2026-08-12T15:23:50Z,CC0-1.0,https://creativecommons.org/publicdomain/zero/1.0/
Q937662,Combat 18,"[""318"",""C18"",""Combat 18 Deutschland""]","[""Combat 18 Deutschland""]",True,"[""Q17127659""]","[""terrorist organization""]",UNVERIFIED_COMMUNITY_CANDIDATE,False,True,False,False,False,True,True,https://www.wikidata.org/wiki/Q937662,2026-06-13T21:25:57Z,2505638543,2026-08-12T15:23:50Z,CC0-1.0,https://creativecommons.org/publicdomain/zero/1.0/
Q135093674,Combat 18 Deutschland,"[""C18 Deutschland""]","[""C18 Deutschland""]",True,"[""Q17127659""]","[""terrorist organization""]",UNVERIFIED_COMMUNITY_CANDIDATE,False,True,False,False,False,True,True,https://www.wikidata.org/wiki/Q135093674,2025-06-26T14:40:13Z,2368191444,2026-08-12T15:23:50Z,CC0-1.0,https://creativecommons.org/publicdomain/zero/1.0/
Q2985639,Comité Régional d'Action Viticole,[],[],True,"[""Q17127659""]","[""terrorist organization""]",UNVERIFIED_COMMUNITY_CANDIDATE,False,True,False,False,False,True,True,https://www.wikidata.org/wiki/Q2985639,2025-07-23T19:12:37Z,2383234471,2026-08-12T15:23:50Z,CC0-1.0,https://creativecommons.org/publicdomain/zero/1.0/
Q30108373,Committee for Solidarity With Arab and Middle Eastern Political Prisoners,[],[],True,"[""Q17127659""]","[""terrorist organization""]",UNVERIFIED_COMMUNITY_CANDIDATE,False,True,False,False,False,True,True,https://www.wikidata.org/wiki/Q30108373,2024-10-10T15:40:44Z,2258781223,2026-08-12T15:23:50Z,CC0-1.0,https://creativecommons.org/publicdomain/zero/1.0/
Q371995,Communist Combatant Units,[],[],True,"[""Q17127659""]","[""terrorist organization""]",UNVERIFIED_COMMUNITY_CANDIDATE,False,True,False,False,False,True,True,https://www.wikidata.org/wiki/Q371995,2023-05-21T06:27:39Z,1900364346,2026-08-12T15:23:50Z,CC0-1.0,https://creativecommons.org/publicdomain/zero/1.0/
Q11392746,Communist League Red Army Faction (Proletarian Revolutionary Faction),"[""Red Army Faction""]","[""Red Army Faction""]",True,"[""Q17127659""]","[""terrorist organization""]",UNVERIFIED_COMMUNITY_CANDIDATE,False,True,False,False,False,True,True,https://www.wikidata.org/wiki/Q11392746,2024-11-17T15:39:30Z,2276078342,2026-08-12T15:23:50Z,CC0-1.0,https://creativecommons.org/publicdomain/zero/1.0/
Q1128945,Continuity Irish Republican Army,"[""CIRA"",""Continuity Army Council"",""Continuity IRA"",""Irish Continuity Army Council""]","[""Continuity Army Council"",""Continuity IRA"",""Irish Continuity Army Council""]",True,"[""Q17127659""]","[""terrorist organization""]",UNVERIFIED_COMMUNITY_CANDIDATE,False,True,False,False,False,True,True,https://www.wikidata.org/wiki/Q1128945,2025-11-13T17:34:54Z,2429150026,2026-08-12T15:23:50Z,CC0-1.0,https://creativecommons.org/publicdomain/zero/1.0/
Q258294,Coordinadora Arauco-Malleco,[],[],True,"[""Q17127659""]","[""terrorist organization""]",UNVERIFIED_COMMUNITY_CANDIDATE,False,True,False,False,False,True,True,https://www.wikidata.org/wiki/Q258294,2026-06-02T23:00:19Z,2501240398,2026-08-12T15:23:50Z,CC0-1.0,https://creativecommons.org/publicdomain/zero/1.0/
Q2619504,Croatian National Resistance,[],[],True,"[""Q17127659""]","[""terrorist organization""]",UNVERIFIED_COMMUNITY_CANDIDATE,False,True,False,False,False,True,True,https://www.wikidata.org/wiki/Q2619504,2026-06-26T07:38:39Z,2510647710,2026-08-12T15:23:50Z,CC0-1.0,https://creativecommons.org/publicdomain/zero/1.0/
Q5187156,Croatian Revolutionary Brotherhood,[],[],True,"[""Q17127659""]","[""terrorist organization""]",UNVERIFIED_COMMUNITY_CANDIDATE,False,True,False,False,False,True,True,https://www.wikidata.org/wiki/Q5187156,2026-06-26T04:29:47Z,2510622075,2026-08-12T15:23:50Z,CC0-1.0,https://creativecommons.org/publicdomain/zero/1.0/
Q3442566,Crusaders,"[""Križari""]","[""Križari""]",True,"[""Q17127659""]","[""terrorist organization""]",UNVERIFIED_COMMUNITY_CANDIDATE,False,True,False,False,False,True,True,https://www.wikidata.org/wiki/Q3442566,2024-12-23T04:14:20Z,2290626924,2026-08-12T15:23:50Z,CC0-1.0,https://creativecommons.org/publicdomain/zero/1.0/
Q131143938,Cuban Nationalist Association,[],[],True,"[""Q17127659""]","[""terrorist organization""]",UNVERIFIED_COMMUNITY_CANDIDATE,False,True,False,False,False,True,True,https://www.wikidata.org/wiki/Q131143938,2026-06-26T02:41:38Z,2510607370,2026-08-12T15:23:50Z,CC0-1.0,https://creativecommons.org/publicdomain/zero/1.0/
Q10332801,Democratic Movement for the Liberation of Portugal,[],[],True,"[""Q17127659""]","[""terrorist organization""]",UNVERIFIED_COMMUNITY_CANDIDATE,False,True,False,False,False,True,True,https://www.wikidata.org/wiki/Q10332801,2025-10-11T22:32:25Z,2415265629,2026-08-12T15:23:50Z,CC0-1.0,https://creativecommons.org/publicdomain/zero/1.0/
Q785078,Democratic Party of Iranian Kurdistan,"[""DPIK"",""HDK-I"",""HDKA"",""HDKI"",""KDP-I"",""KDPI"",""Kurdish Democratic Party of Iran"",""PDKI"",""PKDI""]","[""HDK-I"",""KDP-I"",""Kurdish Democratic Party of Iran""]",True,"[""Q17127659""]","[""terrorist organization""]",UNVERIFIED_COMMUNITY_CANDIDATE,False,True,False,False,False,True,True,https://www.wikidata.org/wiki/Q785078,2026-07-13T18:18:42Z,2517137443,2026-08-12T15:23:50Z,CC0-1.0,https://creativecommons.org/publicdomain/zero/1.0/
Q2061320,East Asia Anti-Japan Armed Front,[],[],True,"[""Q17127659""]","[""terrorist organization""]",UNVERIFIED_COMMUNITY_CANDIDATE,False,True,False,False,False,True,True,https://www.wikidata.org/wiki/Q2061320,2026-06-02T23:02:50Z,2501240938,2026-08-12T15:23:50Z,CC0-1.0,https://creativecommons.org/publicdomain/zero/1.0/
Q310214,Egyptian Islamic Jihad,"[""EIJ"",""Islamic Jihad"",""The Jihad Group"",""The Jihad Organization""]","[""Islamic Jihad"",""The Jihad Group"",""The Jihad Organization""]",True,"[""Q17127659""]","[""terrorist organization""]",UNVERIFIED_COMMUNITY_CANDIDATE,False,True,False,False,False,True,True,https://www.wikidata.org/wiki/Q310214,2026-07-14T16:41:35Z,2517452535,2026-08-12T15:23:50Z,CC0-1.0,https://creativecommons.org/publicdomain/zero/1.0/
Q1305273,Ein Tirol,[],[],True,"[""Q17127659""]","[""terrorist organization""]",UNVERIFIED_COMMUNITY_CANDIDATE,False,True,False,False,False,True,True,https://www.wikidata.org/wiki/Q1305273,2022-11-02T03:46:01Z,1762658147,2026-08-12T15:23:50Z,CC0-1.0,https://creativecommons.org/publicdomain/zero/1.0/
Q388577,Ergenekon,[],[],True,"[""Q17127659""]","[""terrorist organization""]",UNVERIFIED_COMMUNITY_CANDIDATE,False,True,False,False,False,True,True,https://www.wikidata.org/wiki/Q388577,2026-02-18T11:46:39Z,2464417785,2026-08-12T15:23:50Z,CC0-1.0,https://creativecommons.org/publicdomain/zero/1.0/
Q5820643,ERPAC,[],[],False,"[""Q17127659""]","[""terrorist organization""]",UNVERIFIED_COMMUNITY_CANDIDATE,False,True,False,False,False,True,True,https://www.wikidata.org/wiki/Q5820643,2025-08-09T16:12:17Z,2389775654,2026-08-12T15:23:50Z,CC0-1.0,https://creativecommons.org/publicdomain/zero/1.0/
Q93451279,ETApm (VIII),[],[],True,"[""Q17127659""]","[""terrorist organization""]",UNVERIFIED_COMMUNITY_CANDIDATE,False,True,False,False,False,True,True,https://www.wikidata.org/wiki/Q93451279,2021-10-24T21:29:33Z,1516788848,2026-08-12T15:23:50Z,CC0-1.0,https://creativecommons.org/publicdomain/zero/1.0/
Q42814,Euskadi Ta Askatasuna,"[""Basque Country and Freedom"",""Basque Fatherland and Freedom (ETA)"",""Basque Homeland and Liberty"",""ETA""]","[""Basque Country and Freedom"",""Basque Fatherland and Freedom (ETA)"",""Basque Homeland and Liberty""]",True,"[""Q17127659""]","[""terrorist organization""]",UNVERIFIED_COMMUNITY_CANDIDATE,False,True,False,False,False,True,True,https://www.wikidata.org/wiki/Q42814,2026-08-01T13:02:51Z,2525669881,2026-08-12T15:23:50Z,CC0-1.0,https://creativecommons.org/publicdomain/zero/1.0/
Q17154482,Falange Armata,[],[],True,"[""Q17127659""]","[""terrorist organization""]",UNVERIFIED_COMMUNITY_CANDIDATE,False,True,False,False,False,True,True,https://www.wikidata.org/wiki/Q17154482,2024-08-22T14:23:35Z,2233843842,2026-08-12T15:23:50Z,CC0-1.0,https://creativecommons.org/publicdomain/zero/1.0/
Q658247,Fatah al-Islam,[],[],True,"[""Q17127659""]","[""terrorist organization""]",UNVERIFIED_COMMUNITY_CANDIDATE,False,True,False,False,False,True,True,https://www.wikidata.org/wiki/Q658247,2025-04-09T08:35:23Z,2336189179,2026-08-12T15:23:50Z,CC0-1.0,https://creativecommons.org/publicdomain/zero/1.0/
Q17005783,FEAR,[],[],False,"[""Q17127659""]","[""terrorist organization""]",UNVERIFIED_COMMUNITY_CANDIDATE,False,True,False,False,False,True,True,https://www.wikidata.org/wiki/Q17005783,2025-11-10T06:10:43Z,2427780195,2026-08-12T15:23:50Z,CC0-1.0,https://creativecommons.org/publicdomain/zero/1.0/
Q1399863,Fedayeen of Islam,"[""Fada'iyan-e Islam"",""Islam's Fedayeen""]","[""Fada'iyan-e Islam"",""Islam's Fedayeen""]",True,"[""Q17127659""]","[""terrorist organization""]",UNVERIFIED_COMMUNITY_CANDIDATE,False,True,False,False,False,True,True,https://www.wikidata.org/wiki/Q1399863,2026-05-11T18:28:54Z,2489897380,2026-08-12T15:23:50Z,CC0-1.0,https://creativecommons.org/publicdomain/zero/1.0/
Q23927020,Fethullahist Terrorist Organization,"[""Fethullah Terrorist Organisation"",""FETO""]","[""Fethullah Terrorist Organisation""]",True,"[""Q17127659""]","[""terrorist organization""]",UNVERIFIED_COMMUNITY_CANDIDATE,False,True,False,False,False,True,True,https://www.wikidata.org/wiki/Q23927020,2026-05-06T14:02:45Z,2488174604,2026-08-12T15:23:50Z,CC0-1.0,https://creativecommons.org/publicdomain/zero/1.0/
Q132735789,Feuerkrieg Division,"[""FKD""]",[],True,"[""Q17127659""]","[""terrorist organization""]",UNVERIFIED_COMMUNITY_CANDIDATE,False,True,False,False,False,True,True,https://www.wikidata.org/wiki/Q132735789,2026-06-13T23:25:34Z,2505676448,2026-08-12T15:23:50Z,CC0-1.0,https://creativecommons.org/publicdomain/zero/1.0/
Q3321425,Fianna Éireann,"[""FE"",""Fianna Eireann""]","[""Fianna Eireann""]",True,"[""Q17127659""]","[""terrorist organization""]",UNVERIFIED_COMMUNITY_CANDIDATE,False,True,False,False,False,True,True,https://www.wikidata.org/wiki/Q3321425,2026-05-06T09:33:36Z,2488089799,2026-08-12T15:23:50Z,CC0-1.0,https://creativecommons.org/publicdomain/zero/1.0/
Q3063300,FLNC-Canal Historique,[],[],True,"[""Q17127659""]","[""terrorist organization""]",UNVERIFIED_COMMUNITY_CANDIDATE,False,True,False,False,False,True,True,https://www.wikidata.org/wiki/Q3063300,2026-01-15T19:39:53Z,2455210258,2026-08-12T15:23:50Z,CC0-1.0,https://creativecommons.org/publicdomain/zero/1.0/
Q3080280,FNAR,[],[],False,"[""Q17127659""]","[""terrorist organization""]",UNVERIFIED_COMMUNITY_CANDIDATE,False,True,False,False,False,True,True,https://www.wikidata.org/wiki/Q3080280,2023-11-10T19:45:25Z,2008322161,2026-08-12T15:23:50Z,CC0-1.0,https://creativecommons.org/publicdomain/zero/1.0/
Q5959504,Forghan group,"[""Forqan Group""]","[""Forqan Group""]",True,"[""Q17127659""]","[""terrorist organization""]",UNVERIFIED_COMMUNITY_CANDIDATE,False,True,False,False,False,True,True,https://www.wikidata.org/wiki/Q5959504,2026-06-26T07:02:23Z,2510641592,2026-08-12T15:23:50Z,CC0-1.0,https://creativecommons.org/publicdomain/zero/1.0/
Q858819,Free Syrian Army,"[""Free syria""]","[""Free syria""]",True,"[""Q17127659""]","[""terrorist organization""]",UNVERIFIED_COMMUNITY_CANDIDATE,False,True,False,False,False,True,True,https://www.wikidata.org/wiki/Q858819,2026-04-26T15:38:36Z,2484873079,2026-08-12T15:23:50Z,CC0-1.0,https://creativecommons.org/publicdomain/zero/1.0/
Q105979818,Frente Anarquista Revolucionario,"[""FAR""]",[],True,"[""Q17127659""]","[""terrorist organization""]",UNVERIFIED_COMMUNITY_CANDIDATE,False,True,False,False,False,True,True,https://www.wikidata.org/wiki/Q105979818,2026-06-23T13:33:28Z,2509583651,2026-08-12T15:23:50Z,CC0-1.0,https://creativecommons.org/publicdomain/zero/1.0/
Q30108405,Front d'action nouvelle contre l'indépendance et l'autonomie,[],[],True,"[""Q17127659""]","[""terrorist organization""]",UNVERIFIED_COMMUNITY_CANDIDATE,False,True,False,False,False,True,True,https://www.wikidata.org/wiki/Q30108405,2026-07-11T10:50:40Z,2516231541,2026-08-12T15:23:50Z,CC0-1.0,https://creativecommons.org/publicdomain/zero/1.0/
Q2862960,fuerzas armadas de lieberacion DE ZEDU,[],[],True,"[""Q17127659""]","[""terrorist organization""]",UNVERIFIED_COMMUNITY_CANDIDATE,False,True,False,False,False,True,True,https://www.wikidata.org/wiki/Q2862960,2025-04-29T15:09:46Z,2343150026,2026-08-12T15:23:50Z,CC0-1.0,https://creativecommons.org/publicdomain/zero/1.0/
Q14540829,Gang de Roubaix,[],[],True,"[""Q17127659""]","[""terrorist organization""]",UNVERIFIED_COMMUNITY_CANDIDATE,False,True,False,False,False,True,True,https://www.wikidata.org/wiki/Q14540829,2026-04-21T12:00:48Z,2483654942,2026-08-12T15:23:50Z,CC0-1.0,https://creativecommons.org/publicdomain/zero/1.0/
Q113990225,Gatti Selvaggi,[],[],True,"[""Q17127659""]","[""terrorist organization""]",UNVERIFIED_COMMUNITY_CANDIDATE,False,True,False,False,False,True,True,https://www.wikidata.org/wiki/Q113990225,2023-05-21T06:28:00Z,1900364440,2026-08-12T15:23:50Z,CC0-1.0,https://creativecommons.org/publicdomain/zero/1.0/
Q106688233,Gono Mukti Fouz,[],[],True,"[""Q17127659""]","[""terrorist organization""]",UNVERIFIED_COMMUNITY_CANDIDATE,False,True,False,False,False,True,True,https://www.wikidata.org/wiki/Q106688233,2024-07-29T02:31:08Z,2215148090,2026-08-12T15:23:50Z,CC0-1.0,https://creativecommons.org/publicdomain/zero/1.0/
Q343124,Great Eastern Islamic Raiders' Front,"[""İBDA-C""]","[""İBDA-C""]",True,"[""Q17127659""]","[""terrorist organization""]",UNVERIFIED_COMMUNITY_CANDIDATE,False,True,False,False,False,True,True,https://www.wikidata.org/wiki/Q343124,2024-09-13T11:36:42Z,2247559535,2026-08-12T15:23:50Z,CC0-1.0,https://creativecommons.org/publicdomain/zero/1.0/
Q17003807,Green Battalion,"[""al-Katiba al-Khadra"",""الكتيبة الخضراء""]","[""al-Katiba al-Khadra"",""الكتيبة الخضراء""]",True,"[""Q17127659""]","[""terrorist organization""]",UNVERIFIED_COMMUNITY_CANDIDATE,False,True,False,False,False,True,True,https://www.wikidata.org/wiki/Q17003807,2025-04-30T11:05:24Z,2343382996,2026-08-12T15:23:50Z,CC0-1.0,https://creativecommons.org/publicdomain/zero/1.0/
Q126454841,Green Without Borders,[],[],True,"[""Q17127659""]","[""terrorist organization""]",UNVERIFIED_COMMUNITY_CANDIDATE,False,True,False,False,False,True,True,https://www.wikidata.org/wiki/Q126454841,2025-10-16T22:37:47Z,2417247373,2026-08-12T15:23:50Z,CC0-1.0,https://creativecommons.org/publicdomain/zero/1.0/
Q1259273,Grupos Antiterroristas de Liberación,"[""GAL""]",[],True,"[""Q17127659""]","[""terrorist organization""]",UNVERIFIED_COMMUNITY_CANDIDATE,False,True,False,False,False,True,True,https://www.wikidata.org/wiki/Q1259273,2026-07-06T20:13:54Z,2514593884,2026-08-12T15:23:50Z,CC0-1.0,https://creativecommons.org/publicdomain/zero/1.0/
Q4124951,Grupos Armados 28 de Febrero,"[""GAVF""]",[],True,"[""Q17127659""]","[""terrorist organization""]",UNVERIFIED_COMMUNITY_CANDIDATE,False,True,False,False,False,True,True,https://www.wikidata.org/wiki/Q4124951,2026-04-13T07:55:28Z,2480882507,2026-08-12T15:23:50Z,CC0-1.0,https://creativecommons.org/publicdomain/zero/1.0/
Q52117655,Guardians of Religion Organization,"[""Hurras Al-Din"",""Tanẓīm Ḥurrās ad-Dīn""]","[""Hurras Al-Din"",""Tanẓīm Ḥurrās ad-Dīn""]",True,"[""Q17127659""]","[""terrorist organization""]",UNVERIFIED_COMMUNITY_CANDIDATE,False,True,False,False,False,True,True,https://www.wikidata.org/wiki/Q52117655,2025-04-20T12:11:34Z,2339762617,2026-08-12T15:23:50Z,CC0-1.0,https://creativecommons.org/publicdomain/zero/1.0/
Q38799,Hamas,"[""Harakat al-Muqawama al-Islamiya"",""Islamic Resistance Movement""]","[""Harakat al-Muqawama al-Islamiya"",""Islamic Resistance Movement""]",True,"[""Q17127659""]","[""terrorist organization""]",UNVERIFIED_COMMUNITY_CANDIDATE,False,True,False,False,False,True,True,https://www.wikidata.org/wiki/Q38799,2026-08-09T09:37:59Z,2529128153,2026-08-12T15:23:50Z,CC0-1.0,https://creativecommons.org/publicdomain/zero/1.0/
Q327701,Hamburg cell,[],[],True,"[""Q4456236""]","[""terrorist group""]",UNVERIFIED_COMMUNITY_CANDIDATE,False,True,False,False,False,True,True,https://www.wikidata.org/wiki/Q327701,2026-05-30T18:57:50Z,2499690873,2026-08-12T15:23:50Z,CC0-1.0,https://creativecommons.org/publicdomain/zero/1.0/
Q972587,Haqqani network,[],[],True,"[""Q17127659""]","[""terrorist organization""]",UNVERIFIED_COMMUNITY_CANDIDATE,False,True,False,False,False,True,True,https://www.wikidata.org/wiki/Q972587,2025-11-13T14:33:32Z,2429103897,2026-08-12T15:23:50Z,CC0-1.0,https://creativecommons.org/publicdomain/zero/1.0/
Q138685981,Harakat Ashab al-Yamin al-Islamia,"[""Ashab al-Yamin""]","[""Ashab al-Yamin""]",True,"[""Q4456236""]","[""terrorist group""]",UNVERIFIED_COMMUNITY_CANDIDATE,False,True,False,False,False,True,True,https://www.wikidata.org/wiki/Q138685981,2026-06-30T05:24:18Z,2512091246,2026-08-12T15:23:50Z,CC0-1.0,https://creativecommons.org/publicdomain/zero/1.0/
Q17004199,Harakat Sham al-Islam,"[""حركة شام الإسلام""]","[""حركة شام الإسلام""]",True,"[""Q17127659""]","[""terrorist organization""]",UNVERIFIED_COMMUNITY_CANDIDATE,False,True,False,False,False,True,True,https://www.wikidata.org/wiki/Q17004199,2026-03-01T20:24:42Z,2468478257,2026-08-12T15:23:50Z,CC0-1.0,https://creativecommons.org/publicdomain/zero/1.0/
Q1422667,Harkat-ul-Jihad al-Islami,"[""Harakat ul-Jihad-i-Islami""]","[""Harakat ul-Jihad-i-Islami""]",True,"[""Q17127659""]","[""terrorist organization""]",UNVERIFIED_COMMUNITY_CANDIDATE,False,True,False,False,False,True,True,https://www.wikidata.org/wiki/Q1422667,2026-02-12T19:45:41Z,2462926485,2026-08-12T15:23:50Z,CC0-1.0,https://creativecommons.org/publicdomain/zero/1.0/
Q28540613,Hay'at Tahrir al-Sham,"[""Hayat Tahrir al-Sham"",""HTS"",""Organization for the Liberation of the Levant"",""Tahrir al-Sham""]","[""Hayat Tahrir al-Sham"",""Organization for the Liberation of the Levant"",""Tahrir al-Sham""]",True,"[""Q17127659""]","[""terrorist organization""]",UNVERIFIED_COMMUNITY_CANDIDATE,False,True,False,False,False,True,True,https://www.wikidata.org/wiki/Q28540613,2026-07-09T15:23:15Z,2515562124,2026-08-12T15:23:50Z,CC0-1.0,https://creativecommons.org/publicdomain/zero/1.0/
Q116294218,Hayʾathā-ye Moʾtalefa-ye Eslāmi,"[""Islamic Coalition of Mourning Groups""]","[""Islamic Coalition of Mourning Groups""]",True,"[""Q17127659""]","[""terrorist organization""]",UNVERIFIED_COMMUNITY_CANDIDATE,False,True,False,False,False,True,True,https://www.wikidata.org/wiki/Q116294218,2023-02-02T16:33:55Z,1824655753,2026-08-12T15:23:50Z,CC0-1.0,https://creativecommons.org/publicdomain/zero/1.0/
Q17004349,Hazzm movement,"[""Harakat Hazm"",""حركة حزم""]","[""Harakat Hazm"",""حركة حزم""]",True,"[""Q17127659""]","[""terrorist organization""]",UNVERIFIED_COMMUNITY_CANDIDATE,False,True,False,False,False,True,True,https://www.wikidata.org/wiki/Q17004349,2024-10-16T08:57:03Z,2261352436,2026-08-12T15:23:50Z,CC0-1.0,https://creativecommons.org/publicdomain/zero/1.0/
Q3135107,Hezb-e Islami Gulbuddin,"[""Hezb-i-Islami Afghanistan"",""Hezbe Islami Gulbuddin"",""Islamic Party""]","[""Hezb-i-Islami Afghanistan"",""Hezbe Islami Gulbuddin"",""Islamic Party""]",True,"[""Q17127659""]","[""terrorist organization""]",UNVERIFIED_COMMUNITY_CANDIDATE,False,True,False,False,False,True,True,https://www.wikidata.org/wiki/Q3135107,2026-06-04T15:42:37Z,2501943765,2026-08-12T15:23:50Z,CC0-1.0,https://creativecommons.org/publicdomain/zero/1.0/
Q493302,Hizb ut-Tahrir,"[""HT"",""Party of Liberation""]","[""Party of Liberation""]",True,"[""Q17127659""]","[""terrorist organization""]",UNVERIFIED_COMMUNITY_CANDIDATE,False,True,False,False,False,True,True,https://www.wikidata.org/wiki/Q493302,2026-08-09T11:23:36Z,2529180346,2026-08-12T15:23:50Z,CC0-1.0,https://creativecommons.org/publicdomain/zero/1.0/
Q3294374,Hizbul Islam,"[""Hezb-ul Islam"",""Hisbi Islam"",""Hizbul Islaami"",""Islamic Party""]","[""Hezb-ul Islam"",""Hisbi Islam"",""Hizbul Islaami"",""Islamic Party""]",True,"[""Q17127659""]","[""terrorist organization""]",UNVERIFIED_COMMUNITY_CANDIDATE,False,True,False,False,False,True,True,https://www.wikidata.org/wiki/Q3294374,2026-04-20T13:29:05Z,2483417646,2026-08-12T15:23:50Z,CC0-1.0,https://creativecommons.org/publicdomain/zero/1.0/
Q3140145,Honneur de la Police,[],[],True,"[""Q17127659""]","[""terrorist organization""]",UNVERIFIED_COMMUNITY_CANDIDATE,False,True,False,False,False,True,True,https://www.wikidata.org/wiki/Q3140145,2024-03-15T20:43:39Z,2102717162,2026-08-12T15:23:50Z,CC0-1.0,https://creativecommons.org/publicdomain/zero/1.0/
Q3140512,Hordago,[],[],True,"[""Q17127659""]","[""terrorist organization""]",UNVERIFIED_COMMUNITY_CANDIDATE,False,True,False,False,False,True,True,https://www.wikidata.org/wiki/Q3140512,2024-09-02T07:40:03Z,2242004148,2026-08-12T15:23:50Z,CC0-1.0,https://creativecommons.org/publicdomain/zero/1.0/
Q21070580,Imam Bukhari Jamaat,"[""Imom Buxoriy Katibasi"",""Katibat Imam al Bukhari""]","[""Imom Buxoriy Katibasi"",""Katibat Imam al Bukhari""]",True,"[""Q17127659""]","[""terrorist organization""]",UNVERIFIED_COMMUNITY_CANDIDATE,False,True,False,False,False,True,True,https://www.wikidata.org/wiki/Q21070580,2026-03-23T03:27:35Z,2474729657,2026-08-12T15:23:50Z,CC0-1.0,https://creativecommons.org/publicdomain/zero/1.0/
Q159087,Indian Mujahideen,"[""IM"",""Indian Mujahedeen""]","[""Indian Mujahedeen""]",True,"[""Q17127659""]","[""terrorist organization""]",UNVERIFIED_COMMUNITY_CANDIDATE,False,True,False,False,False,True,True,https://www.wikidata.org/wiki/Q159087,2026-06-02T22:57:12Z,2501239639,2026-08-12T15:23:50Z,CC0-1.0,https://creativecommons.org/publicdomain/zero/1.0/
Q1400312,Informal Anarchist Federation,"[""FAI"",""FAI-FRI"",""Federación Anarquista Informal"",""Federazione anarchica informale""]","[""FAI-FRI"",""Federación Anarquista Informal"",""Federazione anarchica informale""]",True,"[""Q17127659""]","[""terrorist organization""]",UNVERIFIED_COMMUNITY_CANDIDATE,False,True,False,False,False,True,True,https://www.wikidata.org/wiki/Q1400312,2025-11-20T21:58:54Z,2432009062,2026-08-12T15:23:50Z,CC0-1.0,https://creativecommons.org/publicdomain/zero/1.0/
Q2925332,Internacional Brigades,"[""BI"",""Brigadas Internacionales"",""Brigades internationales""]","[""Brigadas Internacionales"",""Brigades internationales""]",True,"[""Q17127659""]","[""terrorist organization""]",UNVERIFIED_COMMUNITY_CANDIDATE,False,True,False,False,False,True,True,https://www.wikidata.org/wiki/Q2925332,2024-08-01T21:59:27Z,2218444437,2026-08-12T15:23:50Z,CC0-1.0,https://creativecommons.org/publicdomain/zero/1.0/
Q20043207,International Marketplace Ministry,"[""IMM""]",[],True,"[""Q17127659""]","[""terrorist organization""]",UNVERIFIED_COMMUNITY_CANDIDATE,False,True,False,False,False,True,True,https://www.wikidata.org/wiki/Q20043207,2025-12-02T16:18:46Z,2437293350,2026-08-12T15:23:50Z,CC0-1.0,https://creativecommons.org/publicdomain/zero/1.0/
Q3023955,International Sikh Youth Federation,"[""ISYF""]",[],True,"[""Q17127659""]","[""terrorist organization""]",UNVERIFIED_COMMUNITY_CANDIDATE,False,True,False,False,False,True,True,https://www.wikidata.org/wiki/Q3023955,2025-11-12T23:03:13Z,2428841303,2026-08-12T15:23:50Z,CC0-1.0,https://creativecommons.org/publicdomain/zero/1.0/
Q2706604,Iparretarrak,[],[],True,"[""Q17127659""]","[""terrorist organization""]",UNVERIFIED_COMMUNITY_CANDIDATE,False,True,False,False,False,True,True,https://www.wikidata.org/wiki/Q2706604,2026-08-01T00:31:06Z,2525390935,2026-08-12T15:23:50Z,CC0-1.0,https://creativecommons.org/publicdomain/zero/1.0/
Q207913,Irgun,"[""Etzel""]","[""Etzel""]",True,"[""Q17127659""]","[""terrorist organization""]",UNVERIFIED_COMMUNITY_CANDIDATE,False,True,False,False,False,True,True,https://www.wikidata.org/wiki/Q207913,2026-06-24T18:42:19Z,2510064006,2026-08-12T15:23:50Z,CC0-1.0,https://creativecommons.org/publicdomain/zero/1.0/
Q525237,Irrintzi,[],[],True,"[""Q17127659""]","[""terrorist organization""]",UNVERIFIED_COMMUNITY_CANDIDATE,False,True,False,False,False,True,True,https://www.wikidata.org/wiki/Q525237,2026-05-15T03:36:12Z,2491825096,2026-08-12T15:23:50Z,CC0-1.0,https://creativecommons.org/publicdomain/zero/1.0/
Q17006094,Islamic Amal,[],[],True,"[""Q4456236""]","[""terrorist group""]",UNVERIFIED_COMMUNITY_CANDIDATE,False,True,False,False,False,True,True,https://www.wikidata.org/wiki/Q17006094,2024-11-26T21:34:41Z,2280120446,2026-08-12T15:23:50Z,CC0-1.0,https://creativecommons.org/publicdomain/zero/1.0/
Q1878607,Islamic Defenders Front,"[""Front Pembela Islam"",""الجبهة الدفاعية الإسلامية""]","[""Front Pembela Islam"",""الجبهة الدفاعية الإسلامية""]",True,"[""Q17127659""]","[""terrorist organization""]",UNVERIFIED_COMMUNITY_CANDIDATE,False,True,False,False,False,True,True,https://www.wikidata.org/wiki/Q1878607,2026-07-25T17:55:44Z,2522594373,2026-08-12T15:23:50Z,CC0-1.0,https://creativecommons.org/publicdomain/zero/1.0/
Q12791471,Islamic Glory Brigades in the Land of the Nile,"[""IGBLN""]",[],True,"[""Q17127659""]","[""terrorist organization""]",UNVERIFIED_COMMUNITY_CANDIDATE,False,True,False,False,False,True,True,https://www.wikidata.org/wiki/Q12791471,2026-05-24T16:13:36Z,2496870521,2026-08-12T15:23:50Z,CC0-1.0,https://creativecommons.org/publicdomain/zero/1.0/
Q2997501,Islamic International Peacekeeping Brigade,"[""Islamic International Brigade""]","[""Islamic International Brigade""]",True,"[""Q17127659""]","[""terrorist organization""]",UNVERIFIED_COMMUNITY_CANDIDATE,False,True,False,False,False,True,True,https://www.wikidata.org/wiki/Q2997501,2026-06-05T15:57:56Z,2502276103,2026-08-12T15:23:50Z,CC0-1.0,https://creativecommons.org/publicdomain/zero/1.0/
Q17005981,Islamic Jihad Organization,[],[],True,"[""Q17127659""]","[""terrorist organization""]",UNVERIFIED_COMMUNITY_CANDIDATE,False,True,False,False,False,True,True,https://www.wikidata.org/wiki/Q17005981,2026-01-05T19:15:32Z,2451824602,2026-08-12T15:23:50Z,CC0-1.0,https://creativecommons.org/publicdomain/zero/1.0/
Q1674120,Islamic Jihad Union,"[""Jama'at al-Jihad al-Islami""]","[""Jama'at al-Jihad al-Islami""]",True,"[""Q17127659""]","[""terrorist organization""]",UNVERIFIED_COMMUNITY_CANDIDATE,False,True,False,False,False,True,True,https://www.wikidata.org/wiki/Q1674120,2025-11-13T16:26:31Z,2429134967,2026-08-12T15:23:50Z,CC0-1.0,https://creativecommons.org/publicdomain/zero/1.0/
Q973179,Islamic Movement of Uzbekistan,[],[],True,"[""Q17127659""]","[""terrorist organization""]",UNVERIFIED_COMMUNITY_CANDIDATE,False,True,False,False,False,True,True,https://www.wikidata.org/wiki/Q973179,2025-11-13T16:44:16Z,2429139752,2026-08-12T15:23:50Z,CC0-1.0,https://creativecommons.org/publicdomain/zero/1.0/
Q135195802,Islamic State - Georgia Province,[],[],True,"[""Q17127659""]","[""terrorist organization""]",UNVERIFIED_COMMUNITY_CANDIDATE,False,True,False,False,False,True,True,https://www.wikidata.org/wiki/Q135195802,2026-04-08T09:03:49Z,2479394064,2026-08-12T15:23:50Z,CC0-1.0,https://creativecommons.org/publicdomain/zero/1.0/
Q19824111,Islamic State in Libya,"[""Wilayah al-Fezzan"",""Wilayah al-Tarabulus"",""Wilayah Barqah"",""ولاية برقة"",""ولاية طرابلس,"",""ولاية فزان""]","[""Wilayah al-Fezzan"",""Wilayah al-Tarabulus"",""Wilayah Barqah"",""ولاية برقة"",""ولاية طرابلس,"",""ولاية فزان""]",True,"[""Q17127659""]","[""terrorist organization""]",UNVERIFIED_COMMUNITY_CANDIDATE,False,True,False,False,False,True,True,https://www.wikidata.org/wiki/Q19824111,2026-03-23T13:12:32Z,2474812296,2026-08-12T15:23:50Z,CC0-1.0,https://creativecommons.org/publicdomain/zero/1.0/
Q29025613,Islamic State in Somalia,"[""ISS"",""Somal"",""Somal Wilayah"",""Somalia Province"",""Somalia Wilayah"",""Wilayah of Somal"",""Wilayat al Somal""]","[""Somal"",""Somal Wilayah"",""Somalia Province"",""Somalia Wilayah"",""Wilayah of Somal"",""Wilayat al Somal""]",True,"[""Q17127659""]","[""terrorist organization""]",UNVERIFIED_COMMUNITY_CANDIDATE,False,True,False,False,False,True,True,https://www.wikidata.org/wiki/Q29025613,2026-03-28T00:08:21Z,2475733321,2026-08-12T15:23:50Z,CC0-1.0,https://creativecommons.org/publicdomain/zero/1.0/
Q36504631,Islamic State in the Greater Sahara,"[""ISGS"",""ISIS-Greater Sahara""]","[""ISIS-Greater Sahara""]",True,"[""Q17127659""]","[""terrorist organization""]",UNVERIFIED_COMMUNITY_CANDIDATE,False,True,False,False,False,True,True,https://www.wikidata.org/wiki/Q36504631,2026-07-20T16:24:32Z,2520280023,2026-08-12T15:23:50Z,CC0-1.0,https://creativecommons.org/publicdomain/zero/1.0/
Q18206631,Islamic State of Iraq,"[""al-Qaeda in Iraq"",""IS Iraq"",""ISI""]","[""al-Qaeda in Iraq"",""IS Iraq""]",True,"[""Q17127659""]","[""terrorist organization""]",UNVERIFIED_COMMUNITY_CANDIDATE,False,True,False,False,False,True,True,https://www.wikidata.org/wiki/Q18206631,2026-07-22T17:04:28Z,2521229873,2026-08-12T15:23:50Z,CC0-1.0,https://creativecommons.org/publicdomain/zero/1.0/
Q137440183,Islamic State Province of Syria,[],[],True,"[""Q17127659""]","[""terrorist organization""]",UNVERIFIED_COMMUNITY_CANDIDATE,False,True,False,False,False,True,True,https://www.wikidata.org/wiki/Q137440183,2026-08-12T11:52:02Z,2530396845,2026-08-12T15:23:50Z,CC0-1.0,https://creativecommons.org/publicdomain/zero/1.0/
Q18122635,Islamic State – Algeria Province,"[""Jazair Wilayah"",""Jund al-Khilafah"",""Soldiers of the Caliphate"",""Wilayat al-Jazair""]","[""Jazair Wilayah"",""Jund al-Khilafah"",""Soldiers of the Caliphate"",""Wilayat al-Jazair""]",True,"[""Q17127659""]","[""terrorist organization""]",UNVERIFIED_COMMUNITY_CANDIDATE,False,True,False,False,False,True,True,https://www.wikidata.org/wiki/Q18122635,2025-11-13T14:44:35Z,2429106627,2026-08-12T15:23:50Z,CC0-1.0,https://creativecommons.org/publicdomain/zero/1.0/
Q60743607,Islamic State – Bengal Province,"[""ISIL in Bangladesh""]","[""ISIL in Bangladesh""]",True,"[""Q17127659""]","[""terrorist organization""]",UNVERIFIED_COMMUNITY_CANDIDATE,False,True,False,False,False,True,True,https://www.wikidata.org/wiki/Q60743607,2026-01-20T21:20:47Z,2456414003,2026-08-12T15:23:50Z,CC0-1.0,https://creativecommons.org/publicdomain/zero/1.0/
Q21070584,Islamic State – Caucasus Province,[],[],True,"[""Q17127659""]","[""terrorist organization""]",UNVERIFIED_COMMUNITY_CANDIDATE,False,True,False,False,False,True,True,https://www.wikidata.org/wiki/Q21070584,2026-06-29T18:27:29Z,2511904144,2026-08-12T15:23:50Z,CC0-1.0,https://creativecommons.org/publicdomain/zero/1.0/
Q85770139,Islamic State – Central Africa Province,"[""Central African province"",""IS-CAP""]","[""Central African province"",""IS-CAP""]",True,"[""Q17127659""]","[""terrorist organization""]",UNVERIFIED_COMMUNITY_CANDIDATE,False,True,False,False,False,True,True,https://www.wikidata.org/wiki/Q85770139,2025-09-10T02:24:02Z,2403038523,2026-08-12T15:23:50Z,CC0-1.0,https://creativecommons.org/publicdomain/zero/1.0/
Q136702184,Islamic State – Egypt Province,"[""Misr""]",[],True,"[""Q17127659""]","[""terrorist organization""]",UNVERIFIED_COMMUNITY_CANDIDATE,False,True,False,False,False,True,True,https://www.wikidata.org/wiki/Q136702184,2026-03-09T15:54:28Z,2470769518,2026-08-12T15:23:50Z,CC0-1.0,https://creativecommons.org/publicdomain/zero/1.0/
Q135473151,Islamic State – Hijaz Province,"[""Hejaz Province"",""Hijaz Wilayah"",""Wilāyat al-Ḥijāz""]","[""Hejaz Province"",""Hijaz Wilayah"",""Wilāyat al-Ḥijāz""]",True,"[""Q17127659""]","[""terrorist organization""]",UNVERIFIED_COMMUNITY_CANDIDATE,False,True,False,False,False,True,True,https://www.wikidata.org/wiki/Q135473151,2025-10-05T20:00:05Z,2413026102,2026-08-12T15:23:50Z,CC0-1.0,https://creativecommons.org/publicdomain/zero/1.0/
Q21070585,Islamic State – Khorasan Province,"[""IS Khorasan Province"",""IS-KP"",""ISIL-K"",""ISIL-Khorasan"",""ISIL-KP"",""ISIS Khorasan Province"",""ISIS-K"",""ISIS-Khurasan"",""ISIS-KP"",""ISK"",""ISK Khorasan"",""ISKP"",""Islamic State Khorasan"",""Islamic State of Iraq and ash-Sham-Khorasan"",""Islamic State of Iraq and ash-Sham-Khorasan Province"",""Khurasan Wilayah"",""The Islamic State in the Khorasan Province"",""Wilayah Khorasan""]","[""IS Khorasan Province"",""IS-KP"",""ISIL-K"",""ISIL-Khorasan"",""ISIL-KP"",""ISIS Khorasan Province"",""ISIS-K"",""ISIS-Khurasan"",""ISIS-KP"",""ISK Khorasan"",""Islamic State Khorasan"",""Islamic State of Iraq and ash-Sham-Khorasan"",""Islamic State of Iraq and ash-Sham-Khorasan Province"",""Khurasan Wilayah"",""The Islamic State in the Khorasan Province"",""Wilayah Khorasan""]",True,"[""Q17127659""]","[""terrorist organization""]",UNVERIFIED_COMMUNITY_CANDIDATE,False,True,False,False,False,True,True,https://www.wikidata.org/wiki/Q21070585,2026-06-27T02:52:07Z,2510907589,2026-08-12T15:23:50Z,CC0-1.0,https://creativecommons.org/publicdomain/zero/1.0/
Q137883905,Islamic State – Lebanon Province,[],[],True,"[""Q17127659""]","[""terrorist organization""]",UNVERIFIED_COMMUNITY_CANDIDATE,False,True,False,False,False,True,True,https://www.wikidata.org/wiki/Q137883905,2026-03-09T15:55:06Z,2470769785,2026-08-12T15:23:50Z,CC0-1.0,https://creativecommons.org/publicdomain/zero/1.0/
Q122641999,Islamic State – Mozambique Province,"[""Islamic State – Muzambiq Province"",""Islamic State-Mozambique"",""Mozambique Wilayah"",""Muzambiq Wilayah""]","[""Islamic State – Muzambiq Province"",""Islamic State-Mozambique"",""Mozambique Wilayah"",""Muzambiq Wilayah""]",True,"[""Q17127659""]","[""terrorist organization""]",UNVERIFIED_COMMUNITY_CANDIDATE,False,True,False,False,False,True,True,https://www.wikidata.org/wiki/Q122641999,2026-02-28T04:11:46Z,2467819711,2026-08-12T15:23:50Z,CC0-1.0,https://creativecommons.org/publicdomain/zero/1.0/
Q22685518,Islamic State – Najd Province,[],[],True,"[""Q17127659""]","[""terrorist organization""]",UNVERIFIED_COMMUNITY_CANDIDATE,False,True,False,False,False,True,True,https://www.wikidata.org/wiki/Q22685518,2025-09-10T02:22:56Z,2403038397,2026-08-12T15:23:50Z,CC0-1.0,https://creativecommons.org/publicdomain/zero/1.0/
Q133539711,Islamic State – Philippines Province,[],[],True,"[""Q17127659""]","[""terrorist organization""]",UNVERIFIED_COMMUNITY_CANDIDATE,False,True,False,False,False,True,True,https://www.wikidata.org/wiki/Q133539711,2026-06-26T02:39:37Z,2510606834,2026-08-12T15:23:50Z,CC0-1.0,https://creativecommons.org/publicdomain/zero/1.0/
Q21070586,Islamic State – Sinai Province,"[""ISIL Sinai Province"",""ISIL-SP"",""Sinai Province of the Islamic State""]","[""ISIL Sinai Province"",""ISIL-SP"",""Sinai Province of the Islamic State""]",True,"[""Q17127659""]","[""terrorist organization""]",UNVERIFIED_COMMUNITY_CANDIDATE,False,True,False,False,False,True,True,https://www.wikidata.org/wiki/Q21070586,2025-08-03T10:56:04Z,2387593773,2026-08-12T15:23:50Z,CC0-1.0,https://creativecommons.org/publicdomain/zero/1.0/
Q86661119,Islamic State – West Africa Province,"[""IS-WAP"",""ISIS-WA"",""ISIS-West Africa"",""ISWAP"",""West Africa Wilayah"",""Wilāyat Garb Ifrīqīyā""]","[""IS-WAP"",""ISIS-WA"",""ISIS-West Africa"",""West Africa Wilayah"",""Wilāyat Garb Ifrīqīyā""]",True,"[""Q17127659""]","[""terrorist organization""]",UNVERIFIED_COMMUNITY_CANDIDATE,False,True,False,False,False,True,True,https://www.wikidata.org/wiki/Q86661119,2025-10-25T22:15:10Z,2421940536,2026-08-12T15:23:50Z,CC0-1.0,https://creativecommons.org/publicdomain/zero/1.0/
Q23072467,Islamic State – Yemen Province,[],[],True,"[""Q17127659""]","[""terrorist organization""]",UNVERIFIED_COMMUNITY_CANDIDATE,False,True,False,False,False,True,True,https://www.wikidata.org/wiki/Q23072467,2026-08-10T10:15:04Z,2529569704,2026-08-12T15:23:50Z,CC0-1.0,https://creativecommons.org/publicdomain/zero/1.0/
Q12486981,Jagrata Muslim Janata Bangladesh,[],[],True,"[""Q17127659""]","[""terrorist organization""]",UNVERIFIED_COMMUNITY_CANDIDATE,False,True,False,False,False,True,True,https://www.wikidata.org/wiki/Q12486981,2023-08-24T07:43:35Z,1960026469,2026-08-12T15:23:50Z,CC0-1.0,https://creativecommons.org/publicdomain/zero/1.0/
Q14415227,Jaish al-Muhajireen wal-Ansar,[],[],True,"[""Q17127659""]","[""terrorist organization""]",UNVERIFIED_COMMUNITY_CANDIDATE,False,True,False,False,False,True,True,https://www.wikidata.org/wiki/Q14415227,2025-10-09T05:16:53Z,2414205268,2026-08-12T15:23:50Z,CC0-1.0,https://creativecommons.org/publicdomain/zero/1.0/
Q16049541,Jaish ul-Adl,"[""ג'יש אל-עדל"",""جيش العدل""]","[""ג'יש אל-עדל"",""جيش العدل""]",True,"[""Q17127659""]","[""terrorist organization""]",UNVERIFIED_COMMUNITY_CANDIDATE,False,True,False,False,False,True,True,https://www.wikidata.org/wiki/Q16049541,2026-01-30T15:36:37Z,2459321903,2026-08-12T15:23:50Z,CC0-1.0,https://creativecommons.org/publicdomain/zero/1.0/
Q286627,Jaish-e-Mohammed,[],[],True,"[""Q17127659""]","[""terrorist organization""]",UNVERIFIED_COMMUNITY_CANDIDATE,False,True,False,False,False,True,True,https://www.wikidata.org/wiki/Q286627,2026-05-16T15:08:15Z,2492633107,2026-08-12T15:23:50Z,CC0-1.0,https://creativecommons.org/publicdomain/zero/1.0/
Q6126837,Jalisco New Generation Cartel,[],[],True,"[""Q17127659""]","[""terrorist organization""]",UNVERIFIED_COMMUNITY_CANDIDATE,False,True,False,False,False,True,True,https://www.wikidata.org/wiki/Q6126837,2026-05-30T18:59:31Z,2499691257,2026-08-12T15:23:50Z,CC0-1.0,https://creativecommons.org/publicdomain/zero/1.0/
Q17984585,Jama'at al-Tawhid wal-Jihad,"[""JTJ"",""Tawhid and Jihad""]","[""Tawhid and Jihad""]",True,"[""Q4456236""]","[""terrorist group""]",UNVERIFIED_COMMUNITY_CANDIDATE,False,True,False,False,False,True,True,https://www.wikidata.org/wiki/Q17984585,2026-04-06T17:29:10Z,2478914274,2026-08-12T15:23:50Z,CC0-1.0,https://creativecommons.org/publicdomain/zero/1.0/
Q28877411,Jama'at Nasr al-Islam wal Muslimin,"[""Group to Support Islam and Muslims"",""Groupe de soutien à l'islam et aux musulmans"",""GSIM"",""Jama'at Nusrat al-Islam wal Muslimeen"",""Jama'at Nusrat ul-Islam wa al-Muslimin"",""JNIM"",""Nusrat al-Islam"",""Support Group for Islam and Muslims""]","[""Group to Support Islam and Muslims"",""Groupe de soutien à l'islam et aux musulmans"",""Jama'at Nusrat al-Islam wal Muslimeen"",""Jama'at Nusrat ul-Islam wa al-Muslimin"",""Nusrat al-Islam"",""Support Group for Islam and Muslims""]",True,"[""Q17127659""]","[""terrorist organization""]",UNVERIFIED_COMMUNITY_CANDIDATE,False,True,False,False,False,True,True,https://www.wikidata.org/wiki/Q28877411,2026-07-29T13:50:37Z,2524329559,2026-08-12T15:23:50Z,CC0-1.0,https://creativecommons.org/publicdomain/zero/1.0/
Q54171186,Jamaah Ansharut Daulah,"[""JAD""]",[],True,"[""Q17127659""]","[""terrorist organization""]",UNVERIFIED_COMMUNITY_CANDIDATE,False,True,False,False,False,True,True,https://www.wikidata.org/wiki/Q54171186,2026-02-26T13:22:14Z,2467128035,2026-08-12T15:23:50Z,CC0-1.0,https://creativecommons.org/publicdomain/zero/1.0/
Q6127176,Jamaah Ansharut Tauhid,"[""JAT""]",[],True,"[""Q17127659""]","[""terrorist organization""]",UNVERIFIED_COMMUNITY_CANDIDATE,False,True,False,False,False,True,True,https://www.wikidata.org/wiki/Q6127176,2025-07-02T06:37:23Z,2371886883,2026-08-12T15:23:50Z,CC0-1.0,https://creativecommons.org/publicdomain/zero/1.0/
Q3160814,Jamaat-ul-Mujahideen Bangladesh,[],[],True,"[""Q17127659""]","[""terrorist organization""]",UNVERIFIED_COMMUNITY_CANDIDATE,False,True,False,False,False,True,True,https://www.wikidata.org/wiki/Q3160814,2026-05-24T16:18:56Z,2496873453,2026-08-12T15:23:50Z,CC0-1.0,https://creativecommons.org/publicdomain/zero/1.0/
Q6157818,Japan Revolutionary Communist League (Revolutionary Marxist Faction),[],[],True,"[""Q17127659""]","[""terrorist organization""]",UNVERIFIED_COMMUNITY_CANDIDATE,False,True,False,False,False,True,True,https://www.wikidata.org/wiki/Q6157818,2025-12-14T19:42:21Z,2442385391,2026-08-12T15:23:50Z,CC0-1.0,https://creativecommons.org/publicdomain/zero/1.0/
Q2972178,"Japan Revolutionary Communist League, National Committee","[""Chūkakuha""]","[""Chūkakuha""]",True,"[""Q17127659""]","[""terrorist organization""]",UNVERIFIED_COMMUNITY_CANDIDATE,False,True,False,False,False,True,True,https://www.wikidata.org/wiki/Q2972178,2026-02-16T16:20:05Z,2463992315,2026-08-12T15:23:50Z,CC0-1.0,https://creativecommons.org/publicdomain/zero/1.0/
Q11507345,Japanese Communist Party (Revolutionary Left Faction) Kanagawa Standing Committee,[],[],True,"[""Q17127659""]","[""terrorist organization""]",UNVERIFIED_COMMUNITY_CANDIDATE,False,True,False,False,False,True,True,https://www.wikidata.org/wiki/Q11507345,2021-09-29T08:35:32Z,1505272085,2026-08-12T15:23:50Z,CC0-1.0,https://creativecommons.org/publicdomain/zero/1.0/
Q333954,Japanese Red Army,"[""JRA"",""Nippon Sekigun""]","[""Nippon Sekigun""]",True,"[""Q17127659""]","[""terrorist organization""]",UNVERIFIED_COMMUNITY_CANDIDATE,False,True,False,False,False,True,True,https://www.wikidata.org/wiki/Q333954,2026-08-07T10:45:39Z,2528399165,2026-08-12T15:23:50Z,CC0-1.0,https://creativecommons.org/publicdomain/zero/1.0/
Q11541447,Japanese revolutionary left,"[""far-left violent groups""]","[""far-left violent groups""]",True,"[""Q17127659""]","[""terrorist organization""]",UNVERIFIED_COMMUNITY_CANDIDATE,False,True,False,False,False,True,True,https://www.wikidata.org/wiki/Q11541447,2026-01-13T12:26:41Z,2454522069,2026-08-12T15:23:50Z,CC0-1.0,https://creativecommons.org/publicdomain/zero/1.0/
Q105342103,Jaysh al Khalifatu Islamiya,[],[],True,"[""Q17127659""]","[""terrorist organization""]",UNVERIFIED_COMMUNITY_CANDIDATE,False,True,False,False,False,True,True,https://www.wikidata.org/wiki/Q105342103,2025-11-13T14:50:00Z,2429108022,2026-08-12T15:23:50Z,CC0-1.0,https://creativecommons.org/publicdomain/zero/1.0/
Q6176534,Jeish al-Taiifa al-Mansoura,[],[],True,"[""Q17127659""]","[""terrorist organization""]",UNVERIFIED_COMMUNITY_CANDIDATE,False,True,False,False,False,True,True,https://www.wikidata.org/wiki/Q6176534,2024-10-07T09:18:03Z,2257363946,2026-08-12T15:23:50Z,CC0-1.0,https://creativecommons.org/publicdomain/zero/1.0/
Q506245,Jemaah Islamiyah,"[""Islamic Congregation"",""JI"",""الجماعة الإسلامية في جنوب شرق آسيا""]","[""Islamic Congregation"",""الجماعة الإسلامية في جنوب شرق آسيا""]",True,"[""Q17127659""]","[""terrorist organization""]",UNVERIFIED_COMMUNITY_CANDIDATE,False,True,False,False,False,True,True,https://www.wikidata.org/wiki/Q506245,2026-04-04T22:58:36Z,2478383383,2026-08-12T15:23:50Z,CC0-1.0,https://creativecommons.org/publicdomain/zero/1.0/
Q275445,Jewish Defense League,"[""JDL""]",[],True,"[""Q17127659""]","[""terrorist organization""]",UNVERIFIED_COMMUNITY_CANDIDATE,False,True,False,False,False,True,True,https://www.wikidata.org/wiki/Q275445,2026-08-05T16:28:38Z,2527688286,2026-08-12T15:23:50Z,CC0-1.0,https://creativecommons.org/publicdomain/zero/1.0/
Q17006617,Jund al-Aqsa,[],[],True,"[""Q17127659""]","[""terrorist organization""]",UNVERIFIED_COMMUNITY_CANDIDATE,False,True,False,False,False,True,True,https://www.wikidata.org/wiki/Q17006617,2026-07-16T02:37:08Z,2518009368,2026-08-12T15:23:50Z,CC0-1.0,https://creativecommons.org/publicdomain/zero/1.0/
Q20387047,Jund al-Islam,"[""JAI""]",[],True,"[""Q17127659""]","[""terrorist organization""]",UNVERIFIED_COMMUNITY_CANDIDATE,False,True,False,False,False,True,True,https://www.wikidata.org/wiki/Q20387047,2025-06-05T12:38:06Z,2357200924,2026-08-12T15:23:50Z,CC0-1.0,https://creativecommons.org/publicdomain/zero/1.0/
Q2311297,Jund al-Sham,"[""Jund Ash Sham""]","[""Jund Ash Sham""]",True,"[""Q17127659""]","[""terrorist organization""]",UNVERIFIED_COMMUNITY_CANDIDATE,False,True,False,False,False,True,True,https://www.wikidata.org/wiki/Q2311297,2025-04-30T13:46:08Z,2343410019,2026-08-12T15:23:50Z,CC0-1.0,https://creativecommons.org/publicdomain/zero/1.0/
Q4115682,Jund Ansar Allah,[],[],True,"[""Q17127659""]","[""terrorist organization""]",UNVERIFIED_COMMUNITY_CANDIDATE,False,True,False,False,False,True,True,https://www.wikidata.org/wiki/Q4115682,2024-06-10T16:05:21Z,2175843363,2026-08-12T15:23:50Z,CC0-1.0,https://creativecommons.org/publicdomain/zero/1.0/
Q11294554,Kahane Chai,"[""Kahane Hai""]","[""Kahane Hai""]",True,"[""Q17127659""]","[""terrorist organization""]",UNVERIFIED_COMMUNITY_CANDIDATE,False,True,False,False,False,True,True,https://www.wikidata.org/wiki/Q11294554,2025-11-19T14:10:15Z,2431582219,2026-08-12T15:23:50Z,CC0-1.0,https://creativecommons.org/publicdomain/zero/1.0/
Q105342043,Kateeba al-Kawthar,"[""Ajnad al-sham"",""Junud ar-Rahman al Muhajireen""]","[""Ajnad al-sham"",""Junud ar-Rahman al Muhajireen""]",True,"[""Q17127659""]","[""terrorist organization""]",UNVERIFIED_COMMUNITY_CANDIDATE,False,True,False,False,False,True,True,https://www.wikidata.org/wiki/Q105342043,2025-11-13T18:40:37Z,2429170516,2026-08-12T15:23:50Z,CC0-1.0,https://creativecommons.org/publicdomain/zero/1.0/
Q121283187,Katibat al-Tawhid wal-Jihad,[],[],True,"[""Q17127659""]","[""terrorist organization""]",UNVERIFIED_COMMUNITY_CANDIDATE,False,True,False,False,False,True,True,https://www.wikidata.org/wiki/Q121283187,2026-01-10T09:41:55Z,2453487372,2026-08-12T15:23:50Z,CC0-1.0,https://creativecommons.org/publicdomain/zero/1.0/
Q130726182,Keres Legion,[],[],True,"[""Q17127659""]","[""terrorist organization""]",UNVERIFIED_COMMUNITY_CANDIDATE,False,True,False,False,False,True,True,https://www.wikidata.org/wiki/Q130726182,2024-10-29T13:32:51Z,2267006804,2026-08-12T15:23:50Z,CC0-1.0,https://creativecommons.org/publicdomain/zero/1.0/
Q24905856,Khalid ibn al-Walid Army,[],[],True,"[""Q4456236""]","[""terrorist group""]",UNVERIFIED_COMMUNITY_CANDIDATE,False,True,False,False,False,True,True,https://www.wikidata.org/wiki/Q24905856,2025-11-14T11:20:10Z,2429452723,2026-08-12T15:23:50Z,CC0-1.0,https://creativecommons.org/publicdomain/zero/1.0/
Q6399798,Khalistan Commando Force,[],[],True,"[""Q17127659""]","[""terrorist organization""]",UNVERIFIED_COMMUNITY_CANDIDATE,False,True,False,False,False,True,True,https://www.wikidata.org/wiki/Q6399798,2023-05-25T06:41:06Z,1902399098,2026-08-12T15:23:50Z,CC0-1.0,https://creativecommons.org/publicdomain/zero/1.0/
Q18112628,Khorasan group,[],[],True,"[""Q17127659""]","[""terrorist organization""]",UNVERIFIED_COMMUNITY_CANDIDATE,False,True,False,False,False,True,True,https://www.wikidata.org/wiki/Q18112628,2026-04-25T16:45:23Z,2484629290,2026-08-12T15:23:50Z,CC0-1.0,https://creativecommons.org/publicdomain/zero/1.0/
Q6412606,Kingdom of Israel,"[""Tzrifin Underground""]","[""Tzrifin Underground""]",True,"[""Q4456236""]","[""terrorist group""]",UNVERIFIED_COMMUNITY_CANDIDATE,False,True,False,False,False,True,True,https://www.wikidata.org/wiki/Q6412606,2026-06-22T19:11:17Z,2509328988,2026-08-12T15:23:50Z,CC0-1.0,https://creativecommons.org/publicdomain/zero/1.0/
Q25352438,Komala Kurdistan's Organization of the Communist Party of Iran,"[""Komala"",""Komala CPI"",""Komalah"",""Komalah (CPI)""]","[""Komala"",""Komala CPI"",""Komalah"",""Komalah (CPI)""]",True,"[""Q17127659""]","[""terrorist organization""]",UNVERIFIED_COMMUNITY_CANDIDATE,False,True,False,False,False,True,True,https://www.wikidata.org/wiki/Q25352438,2026-06-06T12:00:08Z,2502561171,2026-08-12T15:23:50Z,CC0-1.0,https://creativecommons.org/publicdomain/zero/1.0/
Q117457351,Komala of Revolutionary Toilers of Iranian Kurdistan,"[""Komala""]","[""Komala""]",True,"[""Q17127659""]","[""terrorist organization""]",UNVERIFIED_COMMUNITY_CANDIDATE,False,True,False,False,False,True,True,https://www.wikidata.org/wiki/Q117457351,2026-02-16T02:00:12Z,2463831376,2026-08-12T15:23:50Z,CC0-1.0,https://creativecommons.org/publicdomain/zero/1.0/
Q13198562,Komala of the Toilers of Kurdistan,"[""Komala"",""Komala - Ilkhanizadeh faction""]","[""Komala"",""Komala - Ilkhanizadeh faction""]",True,"[""Q17127659""]","[""terrorist organization""]",UNVERIFIED_COMMUNITY_CANDIDATE,False,True,False,False,False,True,True,https://www.wikidata.org/wiki/Q13198562,2026-07-13T18:15:33Z,2517136810,2026-08-12T15:23:50Z,CC0-1.0,https://creativecommons.org/publicdomain/zero/1.0/
Q6410325,Komala Party of Iranian Kurdistan,"[""Komala"",""Komala - Mohtadi Faction"",""Komalah"",""KPIK"",""KŞZK""]","[""Komala"",""Komala - Mohtadi Faction"",""Komalah""]",True,"[""Q17127659""]","[""terrorist organization""]",UNVERIFIED_COMMUNITY_CANDIDATE,False,True,False,False,False,True,True,https://www.wikidata.org/wiki/Q6410325,2026-07-13T18:20:04Z,2517137789,2026-08-12T15:23:50Z,CC0-1.0,https://creativecommons.org/publicdomain/zero/1.0/
Q47131,Ku Klux Klan,"[""Klan"",""The Ku Klux Klan""]","[""The Ku Klux Klan""]",True,"[""Q17127659""]","[""terrorist organization""]",UNVERIFIED_COMMUNITY_CANDIDATE,False,True,False,False,False,True,True,https://www.wikidata.org/wiki/Q47131,2026-07-12T22:00:41Z,2516791749,2026-08-12T15:23:50Z,CC0-1.0,https://creativecommons.org/publicdomain/zero/1.0/
Q118434109,Kuki-Chin National Front,"[""Bawm Party"",""Bom Party""]","[""Bawm Party"",""Bom Party""]",True,"[""Q17127659""]","[""terrorist organization""]",UNVERIFIED_COMMUNITY_CANDIDATE,False,True,False,False,False,True,True,https://www.wikidata.org/wiki/Q118434109,2024-06-10T09:29:47Z,2175636614,2026-08-12T15:23:50Z,CC0-1.0,https://creativecommons.org/publicdomain/zero/1.0/
Q2749860,Kurdistan Democratic Party,"[""HADAK"",""HDK"",""KDP""]",[],True,"[""Q17127659""]","[""terrorist organization""]",UNVERIFIED_COMMUNITY_CANDIDATE,False,True,False,False,False,True,True,https://www.wikidata.org/wiki/Q2749860,2026-07-13T18:19:24Z,2517137615,2026-08-12T15:23:50Z,CC0-1.0,https://creativecommons.org/publicdomain/zero/1.0/
Q1565220,Kurdistan Freedom Falcons,"[""Kurdistan Freedom Hawks"",""Kurdistan Liberation Hawks"",""TAK"",""Teyrebaz Azadiye Kurdistan""]","[""Kurdistan Freedom Hawks"",""Kurdistan Liberation Hawks"",""Teyrebaz Azadiye Kurdistan""]",True,"[""Q17127659""]","[""terrorist organization""]",UNVERIFIED_COMMUNITY_CANDIDATE,False,True,False,False,False,True,True,https://www.wikidata.org/wiki/Q1565220,2026-06-27T13:24:26Z,2511097102,2026-08-12T15:23:50Z,CC0-1.0,https://creativecommons.org/publicdomain/zero/1.0/
Q152220,Kurdistan Workers' Party,"[""Partiya Karkeren Kurdistan"",""Partiya Karkerên Kurdistan"",""Partiya Karkerên Kurdistan (PKK)"",""PKK"",""Workers' Party of Kurdistan""]","[""Partiya Karkeren Kurdistan"",""Partiya Karkerên Kurdistan"",""Partiya Karkerên Kurdistan (PKK)"",""Workers' Party of Kurdistan""]",True,"[""Q17127659""]","[""terrorist organization""]",UNVERIFIED_COMMUNITY_CANDIDATE,False,True,False,False,False,True,True,https://www.wikidata.org/wiki/Q152220,2026-07-31T19:54:58Z,2525300139,2026-08-12T15:23:50Z,CC0-1.0,https://creativecommons.org/publicdomain/zero/1.0/
Q83687,La Cagoule,[],[],True,"[""Q17127659""]","[""terrorist organization""]",UNVERIFIED_COMMUNITY_CANDIDATE,False,True,False,False,False,True,True,https://www.wikidata.org/wiki/Q83687,2026-06-02T22:53:21Z,2501238674,2026-08-12T15:23:50Z,CC0-1.0,https://creativecommons.org/publicdomain/zero/1.0/
Q131134555,Lakurawa,[],[],True,"[""Q17127659""]","[""terrorist organization""]",UNVERIFIED_COMMUNITY_CANDIDATE,False,True,False,False,False,True,True,https://www.wikidata.org/wiki/Q131134555,2025-09-07T23:02:45Z,2401938748,2026-08-12T15:23:50Z,CC0-1.0,https://creativecommons.org/publicdomain/zero/1.0/
Q2746169,Lashkar-e-Jhangvi,"[""Lashkar i Jhangvi""]","[""Lashkar i Jhangvi""]",True,"[""Q17127659""]","[""terrorist organization""]",UNVERIFIED_COMMUNITY_CANDIDATE,False,True,False,False,False,True,True,https://www.wikidata.org/wiki/Q2746169,2025-11-13T16:19:31Z,2429133093,2026-08-12T15:23:50Z,CC0-1.0,https://creativecommons.org/publicdomain/zero/1.0/
Q736955,Lashkar-e-Taiba,"[""Lashkar-e-Tayyiba"",""Lashkar-e-Toiba"",""Lashkar-i-Tayyeba"",""LeT""]","[""Lashkar-e-Tayyiba"",""Lashkar-e-Toiba"",""Lashkar-i-Tayyeba""]",True,"[""Q17127659""]","[""terrorist organization""]",UNVERIFIED_COMMUNITY_CANDIDATE,False,True,False,False,False,True,True,https://www.wikidata.org/wiki/Q736955,2026-03-12T03:53:00Z,2471375309,2026-08-12T15:23:50Z,CC0-1.0,https://creativecommons.org/publicdomain/zero/1.0/
Q10514653,League of Blood,"[""Blood-Pledge Corps"",""Ketsumeidan""]","[""Blood-Pledge Corps"",""Ketsumeidan""]",True,"[""Q17127659""]","[""terrorist organization""]",UNVERIFIED_COMMUNITY_CANDIDATE,False,True,False,False,False,True,True,https://www.wikidata.org/wiki/Q10514653,2025-03-23T16:14:04Z,2329372480,2026-08-12T15:23:50Z,CC0-1.0,https://creativecommons.org/publicdomain/zero/1.0/
Q3080278,Lebanese Armed Revolutionary Factions,[],[],True,"[""Q17127659""]","[""terrorist organization""]",UNVERIFIED_COMMUNITY_CANDIDATE,False,True,False,False,False,True,True,https://www.wikidata.org/wiki/Q3080278,2025-07-26T00:58:56Z,2384386664,2026-08-12T15:23:50Z,CC0-1.0,https://creativecommons.org/publicdomain/zero/1.0/
Q293332,Lehi,"[""Lohamei Cherut Israel"",""National Military Organization in Israel"",""Stern Gang""]","[""Lohamei Cherut Israel"",""National Military Organization in Israel"",""Stern Gang""]",False,"[""Q17127659""]","[""terrorist organization""]",UNVERIFIED_COMMUNITY_CANDIDATE,False,True,False,False,False,True,True,https://www.wikidata.org/wiki/Q293332,2026-08-12T15:16:15Z,2530462381,2026-08-12T15:23:50Z,CC0-1.0,https://creativecommons.org/publicdomain/zero/1.0/
Q105341801,Lewaa al-Thawra,"[""The Banner of the Revolution""]","[""The Banner of the Revolution""]",True,"[""Q17127659""]","[""terrorist organization""]",UNVERIFIED_COMMUNITY_CANDIDATE,False,True,False,False,False,True,True,https://www.wikidata.org/wiki/Q105341801,2025-11-13T13:52:00Z,2429092401,2026-08-12T15:23:50Z,CC0-1.0,https://creativecommons.org/publicdomain/zero/1.0/
Q16202103,Libertadores del Vichada,[],[],True,"[""Q17127659""]","[""terrorist organization""]",UNVERIFIED_COMMUNITY_CANDIDATE,False,True,False,False,False,True,True,https://www.wikidata.org/wiki/Q16202103,2025-12-10T22:45:35Z,2440612166,2026-08-12T15:23:50Z,CC0-1.0,https://creativecommons.org/publicdomain/zero/1.0/
Q1112923,Libyan Islamic Fighting Group,[],[],True,"[""Q17127659""]","[""terrorist organization""]",UNVERIFIED_COMMUNITY_CANDIDATE,False,True,False,False,False,True,True,https://www.wikidata.org/wiki/Q1112923,2026-07-09T13:36:48Z,2515535415,2026-08-12T15:23:50Z,CC0-1.0,https://creativecommons.org/publicdomain/zero/1.0/
Q108462,Lord's Resistance Army,"[""Lord's Resistance Movement"",""LRA""]","[""Lord's Resistance Movement""]",True,"[""Q17127659""]","[""terrorist organization""]",UNVERIFIED_COMMUNITY_CANDIDATE,False,True,False,False,False,True,True,https://www.wikidata.org/wiki/Q108462,2026-07-17T23:32:51Z,2518920552,2026-08-12T15:23:50Z,CC0-1.0,https://creativecommons.org/publicdomain/zero/1.0/
Q1870572,Los Solidarios,"[""Crisol""]","[""Crisol""]",True,"[""Q17127659""]","[""terrorist organization""]",UNVERIFIED_COMMUNITY_CANDIDATE,False,True,False,False,False,True,True,https://www.wikidata.org/wiki/Q1870572,2026-01-08T18:00:27Z,2452905206,2026-08-12T15:23:50Z,CC0-1.0,https://creativecommons.org/publicdomain/zero/1.0/
Q2253781,Loups noirs (Group),[],[],True,"[""Q17127659""]","[""terrorist organization""]",UNVERIFIED_COMMUNITY_CANDIDATE,False,True,False,False,False,True,True,https://www.wikidata.org/wiki/Q2253781,2025-07-15T22:34:51Z,2380239630,2026-08-12T15:23:50Z,CC0-1.0,https://creativecommons.org/publicdomain/zero/1.0/
Q20725919,Macina Liberation Front,"[""MLF""]",[],True,"[""Q17127659""]","[""terrorist organization""]",UNVERIFIED_COMMUNITY_CANDIDATE,False,True,False,False,False,True,True,https://www.wikidata.org/wiki/Q20725919,2026-05-15T21:38:46Z,2492242484,2026-08-12T15:23:50Z,CC0-1.0,https://creativecommons.org/publicdomain/zero/1.0/
Q1411386,Maktab al-Khidamat,[],[],True,"[""Q17127659""]","[""terrorist organization""]",UNVERIFIED_COMMUNITY_CANDIDATE,False,True,False,False,False,True,True,https://www.wikidata.org/wiki/Q1411386,2025-12-05T12:42:55Z,2438329006,2026-08-12T15:23:50Z,CC0-1.0,https://creativecommons.org/publicdomain/zero/1.0/
Q135218874,Maniacs Murder Cult,"[""Maniacs: Cult of Killing"",""MKU"",""MKY"",""MMC""]","[""Maniacs: Cult of Killing""]",True,"[""Q17127659""]","[""terrorist organization""]",UNVERIFIED_COMMUNITY_CANDIDATE,False,True,False,False,False,True,True,https://www.wikidata.org/wiki/Q135218874,2026-01-30T00:13:13Z,2459107437,2026-08-12T15:23:50Z,CC0-1.0,https://creativecommons.org/publicdomain/zero/1.0/
Q37666155,Mapuche Ancestral Resistance,"[""terrorist organization""]","[""terrorist organization""]",True,"[""Q17127659""]","[""terrorist organization""]",UNVERIFIED_COMMUNITY_CANDIDATE,False,True,False,False,False,True,True,https://www.wikidata.org/wiki/Q37666155,2025-05-02T17:59:26Z,2344036091,2026-08-12T15:23:50Z,CC0-1.0,https://creativecommons.org/publicdomain/zero/1.0/
Q24910076,Maute group,"[""Dawlah Islamiya"",""IS Ranao"",""Islamic State of Lanao""]","[""Dawlah Islamiya"",""IS Ranao"",""Islamic State of Lanao""]",True,"[""Q17127659""]","[""terrorist organization""]",UNVERIFIED_COMMUNITY_CANDIDATE,False,True,False,False,False,True,True,https://www.wikidata.org/wiki/Q24910076,2025-10-23T01:22:57Z,2420620301,2026-08-12T15:23:50Z,CC0-1.0,https://creativecommons.org/publicdomain/zero/1.0/
Q104062030,Militarized Communist Party of Peru,[],[],True,"[""Q17127659""]","[""terrorist organization""]",UNVERIFIED_COMMUNITY_CANDIDATE,False,True,False,False,False,True,True,https://www.wikidata.org/wiki/Q104062030,2026-07-24T12:03:52Z,2522079088,2026-08-12T15:23:50Z,CC0-1.0,https://creativecommons.org/publicdomain/zero/1.0/
Q2357272,Moroccan Islamic Combatant Group,[],[],True,"[""Q17127659""]","[""terrorist organization""]",UNVERIFIED_COMMUNITY_CANDIDATE,False,True,False,False,False,True,True,https://www.wikidata.org/wiki/Q2357272,2025-11-13T16:34:25Z,2429137086,2026-08-12T15:23:50Z,CC0-1.0,https://creativecommons.org/publicdomain/zero/1.0/
Q6925410,Mountain Village Operation Unit,[],[],True,"[""Q17127659""]","[""terrorist organization""]",UNVERIFIED_COMMUNITY_CANDIDATE,False,True,False,False,False,True,True,https://www.wikidata.org/wiki/Q6925410,2025-03-07T11:48:57Z,2321194140,2026-08-12T15:23:50Z,CC0-1.0,https://creativecommons.org/publicdomain/zero/1.0/
Q24937627,Movimiento Juvenil Lautaro,"[""FRPL"",""Fuerzas Rebeldes y Populares Lautaro"",""Lautaro"",""MAPU Lautaro"",""MJL""]","[""Fuerzas Rebeldes y Populares Lautaro"",""Lautaro"",""MAPU Lautaro""]",True,"[""Q17127659""]","[""terrorist organization""]",UNVERIFIED_COMMUNITY_CANDIDATE,False,True,False,False,False,True,True,https://www.wikidata.org/wiki/Q24937627,2025-10-06T17:41:39Z,2413364762,2026-08-12T15:23:50Z,CC0-1.0,https://creativecommons.org/publicdomain/zero/1.0/
Q17011627,Muhajirin wa-Ansar Alliance,[],[],True,"[""Q17127659""]","[""terrorist organization""]",UNVERIFIED_COMMUNITY_CANDIDATE,False,True,False,False,False,True,True,https://www.wikidata.org/wiki/Q17011627,2025-01-07T03:15:15Z,2295717731,2026-08-12T15:23:50Z,CC0-1.0,https://creativecommons.org/publicdomain/zero/1.0/
Q6933311,Mujahideen Shura Council in the Environs of Jerusalem,"[""Mujahideen Shura Council"",""Mujahideen Shura Council of Jerusalem"",""Mujahidin Shura Council in the Environs of Jerusalem""]","[""Mujahideen Shura Council"",""Mujahideen Shura Council of Jerusalem"",""Mujahidin Shura Council in the Environs of Jerusalem""]",True,"[""Q17127659""]","[""terrorist organization""]",UNVERIFIED_COMMUNITY_CANDIDATE,False,True,False,False,False,True,True,https://www.wikidata.org/wiki/Q6933311,2024-03-20T00:50:49Z,2106381256,2026-08-12T15:23:50Z,CC0-1.0,https://creativecommons.org/publicdomain/zero/1.0/
Q4214446,Muslim society No3,"[""Karachay Jamaat"",""Karachay-Cherkes Jamaat"",""Qarachay Jamaat""]","[""Karachay Jamaat"",""Karachay-Cherkes Jamaat"",""Qarachay Jamaat""]",True,"[""Q17127659""]","[""terrorist organization""]",UNVERIFIED_COMMUNITY_CANDIDATE,False,True,False,False,False,True,True,https://www.wikidata.org/wiki/Q4214446,2025-11-29T00:54:44Z,2435379529,2026-08-12T15:23:50Z,CC0-1.0,https://creativecommons.org/publicdomain/zero/1.0/
Q138127239,Nakhsa,"[""Nekhsa""]","[""Nekhsa""]",True,"[""Q17127659""]","[""terrorist organization""]",UNVERIFIED_COMMUNITY_CANDIDATE,False,True,False,False,False,True,True,https://www.wikidata.org/wiki/Q138127239,2026-03-03T21:02:20Z,2469125035,2026-08-12T15:23:50Z,CC0-1.0,https://creativecommons.org/publicdomain/zero/1.0/
Q1536384,National Council of Resistance of Iran,"[""CNRI-BXL"",""National Council of Resistance"",""NCR"",""NCR-I"",""NCRI""]","[""CNRI-BXL"",""National Council of Resistance"",""NCR-I""]",True,"[""Q17127659""]","[""terrorist organization""]",UNVERIFIED_COMMUNITY_CANDIDATE,False,True,False,False,False,True,True,https://www.wikidata.org/wiki/Q1536384,2026-06-22T04:53:08Z,2509041619,2026-08-12T15:23:50Z,CC0-1.0,https://creativecommons.org/publicdomain/zero/1.0/
Q54555433,National Front for Liberation,"[""Jabha al-Wataniya li Tahrir"",""Jabhat al-Wataniya lil-Tahrir""]","[""Jabha al-Wataniya li Tahrir"",""Jabhat al-Wataniya lil-Tahrir""]",True,"[""Q17127659""]","[""terrorist organization""]",UNVERIFIED_COMMUNITY_CANDIDATE,False,True,False,False,False,True,True,https://www.wikidata.org/wiki/Q54555433,2026-04-29T14:27:55Z,2485597982,2026-08-12T15:23:50Z,CC0-1.0,https://creativecommons.org/publicdomain/zero/1.0/
Q1138646,National Liberation Front of Corsica,"[""FLNC"",""Fronte di liberazione naziunale corsu"",""Fronte di liberazione naziunale di a Corsica""]","[""Fronte di liberazione naziunale corsu"",""Fronte di liberazione naziunale di a Corsica""]",True,"[""Q17127659""]","[""terrorist organization""]",UNVERIFIED_COMMUNITY_CANDIDATE,False,True,False,False,False,True,True,https://www.wikidata.org/wiki/Q1138646,2026-08-08T09:01:32Z,2528724167,2026-08-12T15:23:50Z,CC0-1.0,https://creativecommons.org/publicdomain/zero/1.0/
Q20645481,National Liberation Front of Provence,[],[],True,"[""Q17127659""]","[""terrorist organization""]",UNVERIFIED_COMMUNITY_CANDIDATE,False,True,False,False,False,True,True,https://www.wikidata.org/wiki/Q20645481,2026-08-08T09:04:30Z,2528724903,2026-08-12T15:23:50Z,CC0-1.0,https://creativecommons.org/publicdomain/zero/1.0/
Q11789696,National Military Union,[],[],True,"[""Q4456236""]","[""terrorist group""]",UNVERIFIED_COMMUNITY_CANDIDATE,False,True,False,False,False,True,True,https://www.wikidata.org/wiki/Q11789696,2025-03-13T03:38:50Z,2323896177,2026-08-12T15:23:50Z,CC0-1.0,https://creativecommons.org/publicdomain/zero/1.0/
Q114024634,National Socialism / White Power,"[""NS/WP"",""Sparrows Crew""]","[""NS/WP"",""Sparrows Crew""]",True,"[""Q4456236""]","[""terrorist group""]",UNVERIFIED_COMMUNITY_CANDIDATE,False,True,False,False,False,True,True,https://www.wikidata.org/wiki/Q114024634,2026-02-03T05:24:26Z,2460245452,2026-08-12T15:23:50Z,CC0-1.0,https://creativecommons.org/publicdomain/zero/1.0/
Q63254180,National Thowheeth Jama'ath,"[""NTJ"",""جماعة التوحيد الوطنية""]","[""جماعة التوحيد الوطنية""]",True,"[""Q17127659""]","[""terrorist organization""]",UNVERIFIED_COMMUNITY_CANDIDATE,False,True,False,False,False,True,True,https://www.wikidata.org/wiki/Q63254180,2026-02-21T10:08:16Z,2465235880,2026-08-12T15:23:50Z,CC0-1.0,https://creativecommons.org/publicdomain/zero/1.0/
Q2991612,National Universitary Concentration,[],[],True,"[""Q4456236""]","[""terrorist group""]",UNVERIFIED_COMMUNITY_CANDIDATE,False,True,False,False,False,True,True,https://www.wikidata.org/wiki/Q2991612,2024-04-18T21:41:31Z,2132278757,2026-08-12T15:23:50Z,CC0-1.0,https://creativecommons.org/publicdomain/zero/1.0/
Q790144,National Vanguard,[],[],True,"[""Q17127659""]","[""terrorist organization""]",UNVERIFIED_COMMUNITY_CANDIDATE,False,True,False,False,False,True,True,https://www.wikidata.org/wiki/Q790144,2026-07-18T08:51:11Z,2519026752,2026-08-12T15:23:50Z,CC0-1.0,https://creativecommons.org/publicdomain/zero/1.0/
Q22004305,National Vauguard,[],[],True,"[""Q17127659""]","[""terrorist organization""]",UNVERIFIED_COMMUNITY_CANDIDATE,False,True,False,False,False,True,True,https://www.wikidata.org/wiki/Q22004305,2025-10-01T21:45:05Z,2411590538,2026-08-12T15:23:50Z,CC0-1.0,https://creativecommons.org/publicdomain/zero/1.0/
Q118903344,New World Liberation Front,"[""NWLF""]",[],True,"[""Q17127659""]","[""terrorist organization""]",UNVERIFIED_COMMUNITY_CANDIDATE,False,True,False,False,False,True,True,https://www.wikidata.org/wiki/Q118903344,2024-05-31T14:22:45Z,2169500019,2026-08-12T15:23:50Z,CC0-1.0,https://creativecommons.org/publicdomain/zero/1.0/
Q2065842,Nihilist Faction,[],[],True,"[""Q17127659""]","[""terrorist organization""]",UNVERIFIED_COMMUNITY_CANDIDATE,False,True,False,False,False,True,True,https://www.wikidata.org/wiki/Q2065842,2024-11-26T21:40:29Z,2280122518,2026-08-12T15:23:50Z,CC0-1.0,https://creativecommons.org/publicdomain/zero/1.0/
Q18702437,Nineveh Plain Protection Units,[],[],True,"[""Q17127659""]","[""terrorist organization""]",UNVERIFIED_COMMUNITY_CANDIDATE,False,True,False,False,False,True,True,https://www.wikidata.org/wiki/Q18702437,2025-03-12T17:39:12Z,2323702745,2026-08-12T15:23:50Z,CC0-1.0,https://creativecommons.org/publicdomain/zero/1.0/
Q18157945,Northern Storm Brigade,"[""Liwā' 'Āṣifat ash-Shamāl"",""لواء عاصفة الشمال""]","[""Liwā' 'Āṣifat ash-Shamāl"",""لواء عاصفة الشمال""]",True,"[""Q17127659""]","[""terrorist organization""]",UNVERIFIED_COMMUNITY_CANDIDATE,False,True,False,False,False,True,True,https://www.wikidata.org/wiki/Q18157945,2024-11-29T21:17:00Z,2281440090,2026-08-12T15:23:50Z,CC0-1.0,https://creativecommons.org/publicdomain/zero/1.0/
Q11250219,Northwest Youth League,"[""Northwest Youth Association"",""Seobuk Cheongnyeonhoe"",""Sŏbuk Ch'ŏngnyŏndan""]","[""Northwest Youth Association"",""Seobuk Cheongnyeonhoe"",""Sŏbuk Ch'ŏngnyŏndan""]",True,"[""Q17127659""]","[""terrorist organization""]",UNVERIFIED_COMMUNITY_CANDIDATE,False,True,False,False,False,True,True,https://www.wikidata.org/wiki/Q11250219,2026-04-13T16:26:28Z,2481071742,2026-08-12T15:23:50Z,CC0-1.0,https://creativecommons.org/publicdomain/zero/1.0/
Q97148297,NSU 2.0,[],[],True,"[""Q17127659""]","[""terrorist organization""]",UNVERIFIED_COMMUNITY_CANDIDATE,False,True,False,False,False,True,True,https://www.wikidata.org/wiki/Q97148297,2024-12-20T13:10:03Z,2289840126,2026-08-12T15:23:50Z,CC0-1.0,https://creativecommons.org/publicdomain/zero/1.0/
Q3879212,Nuclei Armati Proletari,"[""Armed Proletarian Cells"",""NAP""]","[""Armed Proletarian Cells""]",True,"[""Q17127659""]","[""terrorist organization""]",UNVERIFIED_COMMUNITY_CANDIDATE,False,True,False,False,False,True,True,https://www.wikidata.org/wiki/Q3879212,2025-07-07T18:41:46Z,2375435084,2026-08-12T15:23:50Z,CC0-1.0,https://creativecommons.org/publicdomain/zero/1.0/
Q22909015,Nuove Brigate Rosse,"[""Nuove BR""]","[""Nuove BR""]",True,"[""Q17127659""]","[""terrorist organization""]",UNVERIFIED_COMMUNITY_CANDIDATE,False,True,False,False,False,True,True,https://www.wikidata.org/wiki/Q22909015,2024-09-13T11:27:08Z,2247556222,2026-08-12T15:23:50Z,CC0-1.0,https://creativecommons.org/publicdomain/zero/1.0/
Q3777460,October 22 Group,[],[],True,"[""Q17127659""]","[""terrorist organization""]",UNVERIFIED_COMMUNITY_CANDIDATE,False,True,False,False,False,True,True,https://www.wikidata.org/wiki/Q3777460,2025-07-09T05:55:34Z,2376512289,2026-08-12T15:23:50Z,CC0-1.0,https://creativecommons.org/publicdomain/zero/1.0/
Q3355428,Ordine Nero,[],[],True,"[""Q17127659""]","[""terrorist organization""]",UNVERIFIED_COMMUNITY_CANDIDATE,False,True,False,False,False,True,True,https://www.wikidata.org/wiki/Q3355428,2026-07-18T08:51:20Z,2519026791,2026-08-12T15:23:50Z,CC0-1.0,https://creativecommons.org/publicdomain/zero/1.0/
Q2029324,Ordine Nuovo,"[""Movimento Politico Ordine Nuovo"",""Ordine Nuovo (politické hnutí : Itálie)""]","[""Movimento Politico Ordine Nuovo"",""Ordine Nuovo (politické hnutí : Itálie)""]",True,"[""Q17127659""]","[""terrorist organization""]",UNVERIFIED_COMMUNITY_CANDIDATE,False,True,False,False,False,True,True,https://www.wikidata.org/wiki/Q2029324,2026-07-18T08:51:15Z,2519026767,2026-08-12T15:23:50Z,CC0-1.0,https://creativecommons.org/publicdomain/zero/1.0/
Q109570504,Organization of the Oppressed on Earth,[],[],True,"[""Q17127659""]","[""terrorist organization""]",UNVERIFIED_COMMUNITY_CANDIDATE,False,True,False,False,False,True,True,https://www.wikidata.org/wiki/Q109570504,2021-11-15T21:47:58Z,1528344671,2026-08-12T15:23:50Z,CC0-1.0,https://creativecommons.org/publicdomain/zero/1.0/
Q844787,Organization of Ukrainian Nationalists,"[""OUN""]",[],True,"[""Q17127659""]","[""terrorist organization""]",UNVERIFIED_COMMUNITY_CANDIDATE,False,True,False,False,False,True,True,https://www.wikidata.org/wiki/Q844787,2026-07-02T17:28:31Z,2513188967,2026-08-12T15:23:50Z,CC0-1.0,https://creativecommons.org/publicdomain/zero/1.0/
Q30141823,Orly group,[],[],True,"[""Q17127659""]","[""terrorist organization""]",UNVERIFIED_COMMUNITY_CANDIDATE,False,True,False,False,False,True,True,https://www.wikidata.org/wiki/Q30141823,2017-12-17T08:45:01Z,610184691,2026-08-12T15:23:50Z,CC0-1.0,https://creativecommons.org/publicdomain/zero/1.0/
Q721306,Osbat al-Ansar,"[""Asbat Al-Ansar""]","[""Asbat Al-Ansar""]",True,"[""Q17127659""]","[""terrorist organization""]",UNVERIFIED_COMMUNITY_CANDIDATE,False,True,False,False,False,True,True,https://www.wikidata.org/wiki/Q721306,2025-11-13T16:46:02Z,2429140192,2026-08-12T15:23:50Z,CC0-1.0,https://creativecommons.org/publicdomain/zero/1.0/
Q1459585,Pakistani Taliban,"[""Tehreek-e-Taliban-e-Pakistan""]","[""Tehreek-e-Taliban-e-Pakistan""]",True,"[""Q4456236""]","[""terrorist group""]",UNVERIFIED_COMMUNITY_CANDIDATE,False,True,False,False,False,True,True,https://www.wikidata.org/wiki/Q1459585,2026-03-06T07:32:09Z,2469759784,2026-08-12T15:23:50Z,CC0-1.0,https://creativecommons.org/publicdomain/zero/1.0/
Q4121868,Parti Azadi Kurdistan,"[""Kurdistan Freedom Party"",""PAK"",""Revolutionaries' Union of Kurdistan""]","[""Kurdistan Freedom Party"",""Revolutionaries' Union of Kurdistan""]",True,"[""Q17127659""]","[""terrorist organization""]",UNVERIFIED_COMMUNITY_CANDIDATE,False,True,False,False,False,True,True,https://www.wikidata.org/wiki/Q4121868,2026-07-14T20:17:06Z,2517500933,2026-08-12T15:23:50Z,CC0-1.0,https://creativecommons.org/publicdomain/zero/1.0/
Q115639872,Patriotic Union,"[""Patriotische Union""]","[""Patriotische Union""]",True,"[""Q17127659""]","[""terrorist organization""]",UNVERIFIED_COMMUNITY_CANDIDATE,False,True,False,False,False,True,True,https://www.wikidata.org/wiki/Q115639872,2025-02-22T21:21:42Z,2315457233,2026-08-12T15:23:50Z,CC0-1.0,https://creativecommons.org/publicdomain/zero/1.0/
Q3113069,People's Liberation Army of Manipur,"[""PLA-MP"",""PLAM""]","[""PLA-MP""]",True,"[""Q17127659""]","[""terrorist organization""]",UNVERIFIED_COMMUNITY_CANDIDATE,False,True,False,False,False,True,True,https://www.wikidata.org/wiki/Q3113069,2026-08-08T15:06:36Z,2528833632,2026-08-12T15:23:50Z,CC0-1.0,https://creativecommons.org/publicdomain/zero/1.0/
Q636947,People's Mojahedin Organization of Iran,"[""Cult of Rajavi"",""Iranian Mojahedin"",""MEK"",""MKI"",""MKO"",""Mujahedin-e Khalq"",""Mujahedin-e Khalq Organization"",""National Movement of Mojahedin"",""People's Mojahedin"",""People's Mojahedin of Iran"",""People's Mojahedin Organisation of Iran"",""People's Mujahedin"",""People's Mujahedin of Iran"",""PMO"",""PMOI"",""Rajavi Cult""]","[""Cult of Rajavi"",""Iranian Mojahedin"",""Mujahedin-e Khalq"",""Mujahedin-e Khalq Organization"",""National Movement of Mojahedin"",""People's Mojahedin"",""People's Mojahedin of Iran"",""People's Mojahedin Organisation of Iran"",""People's Mujahedin"",""People's Mujahedin of Iran"",""Rajavi Cult""]",True,"[""Q17127659""]","[""terrorist organization""]",UNVERIFIED_COMMUNITY_CANDIDATE,False,True,False,False,False,True,True,https://www.wikidata.org/wiki/Q636947,2026-07-25T16:22:30Z,2522561398,2026-08-12T15:23:50Z,CC0-1.0,https://creativecommons.org/publicdomain/zero/1.0/
Q2140216,People's Revolutionary Army,[],[],True,"[""Q17127659""]","[""terrorist organization""]",UNVERIFIED_COMMUNITY_CANDIDATE,False,True,False,False,False,True,True,https://www.wikidata.org/wiki/Q2140216,2026-07-31T03:40:17Z,2525042362,2026-08-12T15:23:50Z,CC0-1.0,https://creativecommons.org/publicdomain/zero/1.0/
Q325034,Peter group,[],[],True,"[""Q4456236""]","[""terrorist group""]",UNVERIFIED_COMMUNITY_CANDIDATE,False,True,False,False,False,True,True,https://www.wikidata.org/wiki/Q325034,2025-11-29T22:32:14Z,2435849344,2026-08-12T15:23:50Z,CC0-1.0,https://creativecommons.org/publicdomain/zero/1.0/
Q2031598,Popular Forces 25 April,"[""Forças Populares 25 de abril"",""FP 25 de abril"",""FP-25""]","[""Forças Populares 25 de abril"",""FP 25 de abril"",""FP-25""]",True,"[""Q17127659""]","[""terrorist organization""]",UNVERIFIED_COMMUNITY_CANDIDATE,False,True,False,False,False,True,True,https://www.wikidata.org/wiki/Q2031598,2026-05-25T22:00:07Z,2497501361,2026-08-12T15:23:50Z,CC0-1.0,https://creativecommons.org/publicdomain/zero/1.0/
Q921699,Popular Front for the Liberation of Palestine – General Command,"[""PFLP-GC""]","[""PFLP-GC""]",True,"[""Q17127659""]","[""terrorist organization""]",UNVERIFIED_COMMUNITY_CANDIDATE,False,True,False,False,False,True,True,https://www.wikidata.org/wiki/Q921699,2026-08-09T20:12:00Z,2529337490,2026-08-12T15:23:50Z,CC0-1.0,https://creativecommons.org/publicdomain/zero/1.0/
Q4313411,Popular Front for the Liberation of Palestine – Special Command,[],[],True,"[""Q17127659""]","[""terrorist organization""]",UNVERIFIED_COMMUNITY_CANDIDATE,False,True,False,False,False,True,True,https://www.wikidata.org/wiki/Q4313411,2026-06-26T04:20:19Z,2510620991,2026-08-12T15:23:50Z,CC0-1.0,https://creativecommons.org/publicdomain/zero/1.0/
Q2354326,Prima Linea,[],[],True,"[""Q17127659""]","[""terrorist organization""]",UNVERIFIED_COMMUNITY_CANDIDATE,False,True,False,False,False,True,True,https://www.wikidata.org/wiki/Q2354326,2025-07-05T03:49:37Z,2373754492,2026-08-12T15:23:50Z,CC0-1.0,https://creativecommons.org/publicdomain/zero/1.0/
Q108873157,Projecto Global (FP 25 de Abril),"[""Global Project""]","[""Global Project""]",True,"[""Q17127659""]","[""terrorist organization""]",UNVERIFIED_COMMUNITY_CANDIDATE,False,True,False,False,False,True,True,https://www.wikidata.org/wiki/Q108873157,2025-11-19T01:24:00Z,2431360981,2026-08-12T15:23:50Z,CC0-1.0,https://creativecommons.org/publicdomain/zero/1.0/
Q18412532,Protection Force of Sinjar,[],[],True,"[""Q17127659""]","[""terrorist organization""]",UNVERIFIED_COMMUNITY_CANDIDATE,False,True,False,False,False,True,True,https://www.wikidata.org/wiki/Q18412532,2025-03-15T13:57:56Z,2325070438,2026-08-12T15:23:50Z,CC0-1.0,https://creativecommons.org/publicdomain/zero/1.0/
Q29096457,Proud Boys,"[""POYB""]",[],True,"[""Q17127659""]","[""terrorist organization""]",UNVERIFIED_COMMUNITY_CANDIDATE,False,True,False,False,False,True,True,https://www.wikidata.org/wiki/Q29096457,2026-07-02T10:21:22Z,2513006980,2026-08-12T15:23:50Z,CC0-1.0,https://creativecommons.org/publicdomain/zero/1.0/
Q7286956,Raleigh jihad group,[],[],True,"[""Q4456236""]","[""terrorist group""]",UNVERIFIED_COMMUNITY_CANDIDATE,False,True,False,False,False,True,True,https://www.wikidata.org/wiki/Q7286956,2023-10-17T20:02:48Z,1992782189,2026-08-12T15:23:50Z,CC0-1.0,https://creativecommons.org/publicdomain/zero/1.0/
Q1122988,Real Irish Republican Army,"[""Dissident Irish Republican Army"",""New IRA"",""Real IRA"",""RIRA"",""The Real Irish Republican Army""]","[""Dissident Irish Republican Army"",""New IRA"",""Real IRA"",""The Real Irish Republican Army""]",True,"[""Q17127659""]","[""terrorist organization""]",UNVERIFIED_COMMUNITY_CANDIDATE,False,True,False,False,False,True,True,https://www.wikidata.org/wiki/Q1122988,2026-06-22T16:00:44Z,2509263925,2026-08-12T15:23:50Z,CC0-1.0,https://creativecommons.org/publicdomain/zero/1.0/
Q2048554,Red Armenian army,[],[],True,"[""Q17127659""]","[""terrorist organization""]",UNVERIFIED_COMMUNITY_CANDIDATE,False,True,False,False,False,True,True,https://www.wikidata.org/wiki/Q2048554,2024-04-01T20:13:40Z,2116826104,2026-08-12T15:23:50Z,CC0-1.0,https://creativecommons.org/publicdomain/zero/1.0/
Q102734,Red Army Faction,"[""Baader-Meinhof Gang"",""Baader-Meinhof Group"",""RAF""]","[""Baader-Meinhof Gang"",""Baader-Meinhof Group""]",True,"[""Q17127659""]","[""terrorist organization""]",UNVERIFIED_COMMUNITY_CANDIDATE,False,True,False,False,False,True,True,https://www.wikidata.org/wiki/Q102734,2026-07-27T08:29:16Z,2523302522,2026-08-12T15:23:50Z,CC0-1.0,https://creativecommons.org/publicdomain/zero/1.0/
Q194019,Red Brigades,"[""BR"",""Brigate Rosse""]","[""Brigate Rosse""]",True,"[""Q17127659""]","[""terrorist organization""]",UNVERIFIED_COMMUNITY_CANDIDATE,False,True,False,False,False,True,True,https://www.wikidata.org/wiki/Q194019,2026-06-02T22:57:50Z,2501239802,2026-08-12T15:23:50Z,CC0-1.0,https://creativecommons.org/publicdomain/zero/1.0/
Q10316914,Red Legion,[],[],True,"[""Q17127659""]","[""terrorist organization""]",UNVERIFIED_COMMUNITY_CANDIDATE,False,True,False,False,False,True,True,https://www.wikidata.org/wiki/Q10316914,2024-03-09T16:37:55Z,2098148046,2026-08-12T15:23:50Z,CC0-1.0,https://creativecommons.org/publicdomain/zero/1.0/
Q117589699,Red Path,[],[],True,"[""Q17127659""]","[""terrorist organization""]",UNVERIFIED_COMMUNITY_CANDIDATE,False,True,False,False,False,True,True,https://www.wikidata.org/wiki/Q117589699,2025-02-26T20:19:37Z,2317445242,2026-08-12T15:23:50Z,CC0-1.0,https://creativecommons.org/publicdomain/zero/1.0/
Q3427726,Resistenza Corsa,[],[],True,"[""Q17127659""]","[""terrorist organization""]",UNVERIFIED_COMMUNITY_CANDIDATE,False,True,False,False,False,True,True,https://www.wikidata.org/wiki/Q3427726,2021-02-24T02:36:47Z,1368730162,2026-08-12T15:23:50Z,CC0-1.0,https://creativecommons.org/publicdomain/zero/1.0/
Q155801,Revolutionary Armed Forces of Colombia,"[""FARC"",""FARC–EP"",""Revolutionary Armed Forces of Colombia—People's Army""]","[""FARC–EP"",""Revolutionary Armed Forces of Colombia—People's Army""]",True,"[""Q17127659""]","[""terrorist organization""]",UNVERIFIED_COMMUNITY_CANDIDATE,False,True,False,False,False,True,True,https://www.wikidata.org/wiki/Q155801,2026-07-23T21:27:36Z,2521833935,2026-08-12T15:23:50Z,CC0-1.0,https://creativecommons.org/publicdomain/zero/1.0/
Q18239036,Revolutionary Brigades,"[""Brigadas Revolucionárias""]","[""Brigadas Revolucionárias""]",True,"[""Q17127659""]","[""terrorist organization""]",UNVERIFIED_COMMUNITY_CANDIDATE,False,True,False,False,False,True,True,https://www.wikidata.org/wiki/Q18239036,2026-03-31T16:15:43Z,2476744919,2026-08-12T15:23:50Z,CC0-1.0,https://creativecommons.org/publicdomain/zero/1.0/
Q3684386,Revolutionary Communist Committees,[],[],True,"[""Q17127659""]","[""terrorist organization""]",UNVERIFIED_COMMUNITY_CANDIDATE,False,True,False,False,False,True,True,https://www.wikidata.org/wiki/Q3684386,2026-02-20T22:19:47Z,2465059207,2026-08-12T15:23:50Z,CC0-1.0,https://creativecommons.org/publicdomain/zero/1.0/
Q107349972,Revolutionary Front for Proletarian Action,"[""FRAP""]",[],True,"[""Q17127659""]","[""terrorist organization""]",UNVERIFIED_COMMUNITY_CANDIDATE,False,True,False,False,False,True,True,https://www.wikidata.org/wiki/Q107349972,2023-11-12T18:14:18Z,2009753599,2026-08-12T15:23:50Z,CC0-1.0,https://creativecommons.org/publicdomain/zero/1.0/
Q3118096,Revolutionary Internationalist Action Groups,"[""Groupes d'action révolutionnaires internationalistes""]","[""Groupes d'action révolutionnaires internationalistes""]",True,"[""Q17127659""]","[""terrorist organization""]",UNVERIFIED_COMMUNITY_CANDIDATE,False,True,False,False,False,True,True,https://www.wikidata.org/wiki/Q3118096,2026-04-26T03:36:35Z,2484739853,2026-08-12T15:23:50Z,CC0-1.0,https://creativecommons.org/publicdomain/zero/1.0/
Q197581,Revolutionary Organization 17 November,"[""17N"",""N17""]",[],True,"[""Q17127659""]","[""terrorist organization""]",UNVERIFIED_COMMUNITY_CANDIDATE,False,True,False,False,False,True,True,https://www.wikidata.org/wiki/Q197581,2026-08-05T17:13:30Z,2527699737,2026-08-12T15:23:50Z,CC0-1.0,https://creativecommons.org/publicdomain/zero/1.0/
Q611202,Revolutionary People's Liberation Party–Front,"[""DHKP-C"",""dhkpc"",""Revolutionary Left""]","[""DHKP-C"",""dhkpc"",""Revolutionary Left""]",True,"[""Q17127659""]","[""terrorist organization""]",UNVERIFIED_COMMUNITY_CANDIDATE,False,True,False,False,False,True,True,https://www.wikidata.org/wiki/Q611202,2026-06-06T12:00:01Z,2502561123,2026-08-12T15:23:50Z,CC0-1.0,https://creativecommons.org/publicdomain/zero/1.0/
Q1346416,Revolutionary Struggle,[],[],True,"[""Q17127659""]","[""terrorist organization""]",UNVERIFIED_COMMUNITY_CANDIDATE,False,True,False,False,False,True,True,https://www.wikidata.org/wiki/Q1346416,2026-06-29T21:53:29Z,2511979460,2026-08-12T15:23:50Z,CC0-1.0,https://creativecommons.org/publicdomain/zero/1.0/
Q2862996,Revolutionary Workers Association (Liberation Faction),[],[],True,"[""Q17127659""]","[""terrorist organization""]",UNVERIFIED_COMMUNITY_CANDIDATE,False,True,False,False,False,True,True,https://www.wikidata.org/wiki/Q2862996,2025-02-07T15:46:27Z,2308278787,2026-08-12T15:23:50Z,CC0-1.0,https://creativecommons.org/publicdomain/zero/1.0/
Q1752165,Riyad-us Saliheen Brigade of Martyrs,[],[],True,"[""Q17127659""]","[""terrorist organization""]",UNVERIFIED_COMMUNITY_CANDIDATE,False,True,False,False,False,True,True,https://www.wikidata.org/wiki/Q1752165,2025-11-20T10:29:17Z,2431861648,2026-08-12T15:23:50Z,CC0-1.0,https://creativecommons.org/publicdomain/zero/1.0/
Q60748971,Rouse the Believers,[],[],True,"[""Q17127659""]","[""terrorist organization""]",UNVERIFIED_COMMUNITY_CANDIDATE,False,True,False,False,False,True,True,https://www.wikidata.org/wiki/Q60748971,2025-01-05T00:35:42Z,2294889698,2026-08-12T15:23:50Z,CC0-1.0,https://creativecommons.org/publicdomain/zero/1.0/
Q31886605,Russian Imperial Movement,"[""Imperial Legion"",""RID"",""RIL"",""RIM"",""Russian Imperial Legion"",""Russkoe Imperskoye Dvizheniye"",""Russkoie Imperskoe Dvizhenie"",""Saint Petersburg Imperial Legion""]","[""Imperial Legion"",""Russian Imperial Legion"",""Russkoe Imperskoye Dvizheniye"",""Russkoie Imperskoe Dvizhenie"",""Saint Petersburg Imperial Legion""]",True,"[""Q17127659""]","[""terrorist organization""]",UNVERIFIED_COMMUNITY_CANDIDATE,False,True,False,False,False,True,True,https://www.wikidata.org/wiki/Q31886605,2026-06-23T13:32:36Z,2509583472,2026-08-12T15:23:50Z,CC0-1.0,https://creativecommons.org/publicdomain/zero/1.0/
Q583550,Résistance internationaliste,"[""Resistance internationaliste""]","[""Resistance internationaliste""]",True,"[""Q17127659""]","[""terrorist organization""]",UNVERIFIED_COMMUNITY_CANDIDATE,False,True,False,False,False,True,True,https://www.wikidata.org/wiki/Q583550,2026-05-31T17:46:41Z,2500231296,2026-08-12T15:23:50Z,CC0-1.0,https://creativecommons.org/publicdomain/zero/1.0/
Q22931337,Sabireen Movement,"[""حركة الصابرين حصن"",""Ḥarakah aṣ-Ṣābirīn Naṣran li-Filasṭīn""]","[""حركة الصابرين حصن"",""Ḥarakah aṣ-Ṣābirīn Naṣran li-Filasṭīn""]",True,"[""Q17127659""]","[""terrorist organization""]",UNVERIFIED_COMMUNITY_CANDIDATE,False,True,False,False,False,True,True,https://www.wikidata.org/wiki/Q22931337,2026-06-26T07:00:26Z,2510641260,2026-08-12T15:23:50Z,CC0-1.0,https://creativecommons.org/publicdomain/zero/1.0/
Q10291926,Secret Group,[],[],True,"[""Q17127659""]","[""terrorist organization""]",UNVERIFIED_COMMUNITY_CANDIDATE,False,True,False,False,False,True,True,https://www.wikidata.org/wiki/Q10291926,2025-04-12T11:57:20Z,2337222197,2026-08-12T15:23:50Z,CC0-1.0,https://creativecommons.org/publicdomain/zero/1.0/
Q1816350,Sect of Revolutionaries,[],[],True,"[""Q4456236""]","[""terrorist group""]",UNVERIFIED_COMMUNITY_CANDIDATE,False,True,False,False,False,True,True,https://www.wikidata.org/wiki/Q1816350,2026-07-28T12:36:19Z,2523919334,2026-08-12T15:23:50Z,CC0-1.0,https://creativecommons.org/publicdomain/zero/1.0/
Q112189251,Segunda Marquetalia,"[""FARC-EP (Segunda Marquetalia)"",""Second Marquetalia"",""SM-FARC/EP""]","[""FARC-EP (Segunda Marquetalia)"",""Second Marquetalia"",""SM-FARC/EP""]",True,"[""Q17127659""]","[""terrorist organization""]",UNVERIFIED_COMMUNITY_CANDIDATE,False,True,False,False,False,True,True,https://www.wikidata.org/wiki/Q112189251,2025-04-15T21:49:29Z,2338313096,2026-08-12T15:23:50Z,CC0-1.0,https://creativecommons.org/publicdomain/zero/1.0/
Q20050674,Sheikh Omar Hadid Brigade,"[""لواء الشيخ عمر حديد""]","[""لواء الشيخ عمر حديد""]",True,"[""Q17127659""]","[""terrorist organization""]",UNVERIFIED_COMMUNITY_CANDIDATE,False,True,False,False,False,True,True,https://www.wikidata.org/wiki/Q20050674,2025-12-03T20:40:58Z,2437751313,2026-08-12T15:23:50Z,CC0-1.0,https://creativecommons.org/publicdomain/zero/1.0/
Q207854,Shining Path,"[""Communist Party of Peru – Shining Path"",""PCP-SL"",""Sendero Luminoso""]","[""Communist Party of Peru – Shining Path"",""PCP-SL"",""Sendero Luminoso""]",True,"[""Q17127659""]","[""terrorist organization""]",UNVERIFIED_COMMUNITY_CANDIDATE,False,True,False,False,False,True,True,https://www.wikidata.org/wiki/Q207854,2026-06-17T10:21:48Z,2506972474,2026-08-12T15:23:50Z,CC0-1.0,https://creativecommons.org/publicdomain/zero/1.0/
Q1732332,Shino Renmei,[],[],True,"[""Q17127659""]","[""terrorist organization""]",UNVERIFIED_COMMUNITY_CANDIDATE,False,True,False,False,False,True,True,https://www.wikidata.org/wiki/Q1732332,2024-06-19T22:52:50Z,2184045543,2026-08-12T15:23:50Z,CC0-1.0,https://creativecommons.org/publicdomain/zero/1.0/
Q60750651,Sicarii (terrorist group),[],[],True,"[""Q4456236""]","[""terrorist group""]",UNVERIFIED_COMMUNITY_CANDIDATE,False,True,False,False,False,True,True,https://www.wikidata.org/wiki/Q60750651,2025-05-20T13:48:41Z,2350542728,2026-08-12T15:23:50Z,CC0-1.0,https://creativecommons.org/publicdomain/zero/1.0/
Q1586503,Sinaloa Cartel,"[""Cartel de Sinaloa"",""CDS"",""El Chapo Organization"",""Pacific Cartel""]","[""Cartel de Sinaloa"",""El Chapo Organization"",""Pacific Cartel""]",True,"[""Q17127659""]","[""terrorist organization""]",UNVERIFIED_COMMUNITY_CANDIDATE,False,True,False,False,False,True,True,https://www.wikidata.org/wiki/Q1586503,2026-06-29T21:14:58Z,2511962583,2026-08-12T15:23:50Z,CC0-1.0,https://creativecommons.org/publicdomain/zero/1.0/
Q12205977,Society of the Revival of Islamic Heritage,[],[],True,"[""Q17127659""]","[""terrorist organization""]",UNVERIFIED_COMMUNITY_CANDIDATE,False,True,False,False,False,True,True,https://www.wikidata.org/wiki/Q12205977,2024-09-02T18:14:22Z,2242284672,2026-08-12T15:23:50Z,CC0-1.0,https://creativecommons.org/publicdomain/zero/1.0/
Q18210320,Soldiers of Egypt,"[""Ajnad Misr""]","[""Ajnad Misr""]",True,"[""Q17127659""]","[""terrorist organization""]",UNVERIFIED_COMMUNITY_CANDIDATE,False,True,False,False,False,True,True,https://www.wikidata.org/wiki/Q18210320,2025-11-13T14:52:27Z,2429108646,2026-08-12T15:23:50Z,CC0-1.0,https://creativecommons.org/publicdomain/zero/1.0/
Q23900352,Sons of the Gestapo,[],[],True,"[""Q4456236""]","[""terrorist group""]",UNVERIFIED_COMMUNITY_CANDIDATE,False,True,False,False,False,True,True,https://www.wikidata.org/wiki/Q23900352,2017-01-30T14:33:37Z,439408951,2026-08-12T15:23:50Z,CC0-1.0,https://creativecommons.org/publicdomain/zero/1.0/
Q452881,South Tyrolean Liberation Committee,[],[],True,"[""Q17127659""]","[""terrorist organization""]",UNVERIFIED_COMMUNITY_CANDIDATE,False,True,False,False,False,True,True,https://www.wikidata.org/wiki/Q452881,2025-12-09T19:14:22Z,2440196191,2026-08-12T15:23:50Z,CC0-1.0,https://creativecommons.org/publicdomain/zero/1.0/
Q2579563,SR Combat Organization,[],[],True,"[""Q17127659""]","[""terrorist organization""]",UNVERIFIED_COMMUNITY_CANDIDATE,False,True,False,False,False,True,True,https://www.wikidata.org/wiki/Q2579563,2026-03-23T02:03:37Z,2474723111,2026-08-12T15:23:50Z,CC0-1.0,https://creativecommons.org/publicdomain/zero/1.0/
Q117442638,Support Committees for the Peruvian Revolution,"[""CARP""]",[],True,"[""Q17127659""]","[""terrorist organization""]",UNVERIFIED_COMMUNITY_CANDIDATE,False,True,False,False,False,True,True,https://www.wikidata.org/wiki/Q117442638,2024-02-29T07:47:58Z,2089842108,2026-08-12T15:23:50Z,CC0-1.0,https://creativecommons.org/publicdomain/zero/1.0/
Q1429446,Symbionese Liberation Army,"[""SLA""]",[],True,"[""Q17127659""]","[""terrorist organization""]",UNVERIFIED_COMMUNITY_CANDIDATE,False,True,False,False,False,True,True,https://www.wikidata.org/wiki/Q1429446,2026-06-15T03:37:43Z,2506134584,2026-08-12T15:23:50Z,CC0-1.0,https://creativecommons.org/publicdomain/zero/1.0/
Q49238017,Syrian Liberation Front,"[""Syrian opposition""]","[""Syrian opposition""]",True,"[""Q17127659""]","[""terrorist organization""]",UNVERIFIED_COMMUNITY_CANDIDATE,False,True,False,False,False,True,True,https://www.wikidata.org/wiki/Q49238017,2025-02-23T20:07:46Z,2315878652,2026-08-12T15:23:50Z,CC0-1.0,https://creativecommons.org/publicdomain/zero/1.0/
Q42418,Taliban,"[""Afghan Taliban"",""Islamic Emirate of Afghanistan"",""Taleban""]","[""Afghan Taliban"",""Islamic Emirate of Afghanistan"",""Taleban""]",True,"[""Q17127659""]","[""terrorist organization""]",UNVERIFIED_COMMUNITY_CANDIDATE,False,True,False,False,False,True,True,https://www.wikidata.org/wiki/Q42418,2026-08-12T12:46:57Z,2530415030,2026-08-12T15:23:50Z,CC0-1.0,https://creativecommons.org/publicdomain/zero/1.0/
Q1108571,Tamil Nadu Liberation Army,[],[],True,"[""Q17127659""]","[""terrorist organization""]",UNVERIFIED_COMMUNITY_CANDIDATE,False,True,False,False,False,True,True,https://www.wikidata.org/wiki/Q1108571,2023-05-30T21:12:28Z,1905297875,2026-08-12T15:23:50Z,CC0-1.0,https://creativecommons.org/publicdomain/zero/1.0/
Q7684199,Tanzim Qaedat al-Jihad,[],[],True,"[""Q17127659""]","[""terrorist organization""]",UNVERIFIED_COMMUNITY_CANDIDATE,False,True,False,False,False,True,True,https://www.wikidata.org/wiki/Q7684199,2026-03-09T15:36:00Z,2470763847,2026-08-12T15:23:50Z,CC0-1.0,https://creativecommons.org/publicdomain/zero/1.0/
Q123481695,Tehreek-e-Jihad Pakistan,"[""Tehreek-e Jihad"",""Tehreek-i Jihad"",""Tehreek-i Jihad Pakistan"",""Tehrik-e Jihad"",""Tehrik-e Jihad Pakistan"",""Tehrik-i Jihad"",""Tehrik-i Jihad Pakistan""]","[""Tehreek-e Jihad"",""Tehreek-i Jihad"",""Tehreek-i Jihad Pakistan"",""Tehrik-e Jihad"",""Tehrik-e Jihad Pakistan"",""Tehrik-i Jihad"",""Tehrik-i Jihad Pakistan""]",True,"[""Q17127659""]","[""terrorist organization""]",UNVERIFIED_COMMUNITY_CANDIDATE,False,True,False,False,False,True,True,https://www.wikidata.org/wiki/Q123481695,2025-03-10T10:50:16Z,2322538559,2026-08-12T15:23:50Z,CC0-1.0,https://creativecommons.org/publicdomain/zero/1.0/
Q85997673,Terror Against Terror,"[""T.N.T""]","[""T.N.T""]",True,"[""Q17127659""]","[""terrorist organization""]",UNVERIFIED_COMMUNITY_CANDIDATE,False,True,False,False,False,True,True,https://www.wikidata.org/wiki/Q85997673,2025-05-20T13:47:30Z,2350542627,2026-08-12T15:23:50Z,CC0-1.0,https://creativecommons.org/publicdomain/zero/1.0/
Q115817776,Terrorgram,"[""Terrorgram collective""]","[""Terrorgram collective""]",True,"[""Q17127659""]","[""terrorist organization""]",UNVERIFIED_COMMUNITY_CANDIDATE,False,True,False,False,False,True,True,https://www.wikidata.org/wiki/Q115817776,2026-06-13T22:17:58Z,2505657581,2026-08-12T15:23:50Z,CC0-1.0,https://creativecommons.org/publicdomain/zero/1.0/
Q3984889,Terza Posizione,"[""TP""]",[],True,"[""Q17127659""]","[""terrorist organization""]",UNVERIFIED_COMMUNITY_CANDIDATE,False,True,False,False,False,True,True,https://www.wikidata.org/wiki/Q3984889,2026-07-18T08:51:25Z,2519026815,2026-08-12T15:23:50Z,CC0-1.0,https://creativecommons.org/publicdomain/zero/1.0/
Q83583812,The Base,[],[],True,"[""Q17127659""]","[""terrorist organization""]",UNVERIFIED_COMMUNITY_CANDIDATE,False,True,False,False,False,True,True,https://www.wikidata.org/wiki/Q83583812,2026-06-13T23:25:17Z,2505676361,2026-08-12T15:23:50Z,CC0-1.0,https://creativecommons.org/publicdomain/zero/1.0/
Q18053804,The Beatles,[],[],True,"[""Q17127659"", ""Q4456236""]","[""terrorist organization"", ""terrorist group""]",UNVERIFIED_COMMUNITY_CANDIDATE,False,True,False,False,False,True,True,https://www.wikidata.org/wiki/Q18053804,2026-01-15T02:40:38Z,2455008245,2026-08-12T15:23:50Z,CC0-1.0,https://creativecommons.org/publicdomain/zero/1.0/
Q2749914,The Black Eagles,"[""Álvaro Uribe Vélez""]","[""Álvaro Uribe Vélez""]",True,"[""Q17127659""]","[""terrorist organization""]",UNVERIFIED_COMMUNITY_CANDIDATE,False,True,False,False,False,True,True,https://www.wikidata.org/wiki/Q2749914,2025-12-10T22:49:44Z,2440613532,2026-08-12T15:23:50Z,CC0-1.0,https://creativecommons.org/publicdomain/zero/1.0/
Q110527650,The Resistance Front,"[""TRF""]",[],True,"[""Q17127659""]","[""terrorist organization""]",UNVERIFIED_COMMUNITY_CANDIDATE,False,True,False,False,False,True,True,https://www.wikidata.org/wiki/Q110527650,2026-07-06T12:13:27Z,2514460842,2026-08-12T15:23:50Z,CC0-1.0,https://creativecommons.org/publicdomain/zero/1.0/
Q65062676,The Revolt,"[""המרד""]",[],True,"[""Q4456236""]","[""terrorist group""]",UNVERIFIED_COMMUNITY_CANDIDATE,False,True,False,False,False,True,True,https://www.wikidata.org/wiki/Q65062676,2025-06-09T12:47:34Z,2358554717,2026-08-12T15:23:50Z,CC0-1.0,https://creativecommons.org/publicdomain/zero/1.0/
Q1699287,Tigray People's Liberation Front,"[""Tigrai People's Liberation Front"",""Tigrayan People's Liberation Front"",""Tigre People's Liberation Front"",""Tigrean People's Liberation Front"",""TPLF""]","[""Tigrai People's Liberation Front"",""Tigrayan People's Liberation Front"",""Tigre People's Liberation Front"",""Tigrean People's Liberation Front""]",True,"[""Q4456236""]","[""terrorist group""]",UNVERIFIED_COMMUNITY_CANDIDATE,False,True,False,False,False,True,True,https://www.wikidata.org/wiki/Q1699287,2026-07-10T15:32:23Z,2515911353,2026-08-12T15:23:50Z,CC0-1.0,https://creativecommons.org/publicdomain/zero/1.0/
Q109539015,Towhidi Muslim Janata,"[""Revolutionary Muslim People""]","[""Revolutionary Muslim People""]",True,"[""Q4456236""]","[""terrorist group""]",UNVERIFIED_COMMUNITY_CANDIDATE,False,True,False,False,False,True,True,https://www.wikidata.org/wiki/Q109539015,2025-12-12T22:07:39Z,2441451648,2026-08-12T15:23:50Z,CC0-1.0,https://creativecommons.org/publicdomain/zero/1.0/
Q133816079,Tubas Brigades,[],[],True,"[""Q17127659""]","[""terrorist organization""]",UNVERIFIED_COMMUNITY_CANDIDATE,False,True,False,False,False,True,True,https://www.wikidata.org/wiki/Q133816079,2025-04-04T12:59:09Z,2334523869,2026-08-12T15:23:50Z,CC0-1.0,https://creativecommons.org/publicdomain/zero/1.0/
Q120450833,Tulkarm Brigade,"[""Katībat Ṭūlkarm"",""Tulkarm Battalion"",""Tulkarm Brigades""]","[""Katībat Ṭūlkarm"",""Tulkarm Battalion"",""Tulkarm Brigades""]",True,"[""Q17127659""]","[""terrorist organization""]",UNVERIFIED_COMMUNITY_CANDIDATE,False,True,False,False,False,True,True,https://www.wikidata.org/wiki/Q120450833,2025-11-07T07:24:23Z,2426823538,2026-08-12T15:23:50Z,CC0-1.0,https://creativecommons.org/publicdomain/zero/1.0/
Q17053094,Tunisian Combat Group,[],[],True,"[""Q17127659""]","[""terrorist organization""]",UNVERIFIED_COMMUNITY_CANDIDATE,False,True,False,False,False,True,True,https://www.wikidata.org/wiki/Q17053094,2021-04-17T05:07:08Z,1403102103,2026-08-12T15:23:50Z,CC0-1.0,https://creativecommons.org/publicdomain/zero/1.0/
Q1674170,Turkistan Islamic Party,"[""East Turkestan Islamic Movement"",""East Turkestan Islamic Party"",""ETIP"",""TIM"",""TIP"",""Turkistan Islamic Movement""]","[""East Turkestan Islamic Movement"",""East Turkestan Islamic Party"",""Turkistan Islamic Movement""]",True,"[""Q17127659""]","[""terrorist organization""]",UNVERIFIED_COMMUNITY_CANDIDATE,False,True,False,False,False,True,True,https://www.wikidata.org/wiki/Q1674170,2026-07-29T13:55:39Z,2524331128,2026-08-12T15:23:50Z,CC0-1.0,https://creativecommons.org/publicdomain/zero/1.0/
Q24910195,Turkistan Islamic Party in Syria,"[""The Turkestan Islamic Party in Sham""]","[""The Turkestan Islamic Party in Sham""]",True,"[""Q17127659""]","[""terrorist organization""]",UNVERIFIED_COMMUNITY_CANDIDATE,False,True,False,False,False,True,True,https://www.wikidata.org/wiki/Q24910195,2026-03-10T07:20:20Z,2470988887,2026-08-12T15:23:50Z,CC0-1.0,https://creativecommons.org/publicdomain/zero/1.0/
Q829088,Túpac Amaru Revolutionary Movement,"[""Tupac Amaru Revolution Movement"",""Tupac Amaru Revolutionary Comunist Movement""]","[""Tupac Amaru Revolution Movement"",""Tupac Amaru Revolutionary Comunist Movement""]",True,"[""Q17127659""]","[""terrorist organization""]",UNVERIFIED_COMMUNITY_CANDIDATE,False,True,False,False,False,True,True,https://www.wikidata.org/wiki/Q829088,2026-07-26T02:51:04Z,2522739385,2026-08-12T15:23:50Z,CC0-1.0,https://creativecommons.org/publicdomain/zero/1.0/
Q7881699,Ummah Tameer-e-Nau,[],[],True,"[""Q17127659""]","[""terrorist organization""]",UNVERIFIED_COMMUNITY_CANDIDATE,False,True,False,False,False,True,True,https://www.wikidata.org/wiki/Q7881699,2025-09-03T05:53:52Z,2399839310,2026-08-12T15:23:50Z,CC0-1.0,https://creativecommons.org/publicdomain/zero/1.0/
Q7887780,United Freedom Front,"[""UFF""]",[],True,"[""Q17127659""]","[""terrorist organization""]",UNVERIFIED_COMMUNITY_CANDIDATE,False,True,False,False,False,True,True,https://www.wikidata.org/wiki/Q7887780,2025-07-12T22:41:26Z,2378813240,2026-08-12T15:23:50Z,CC0-1.0,https://creativecommons.org/publicdomain/zero/1.0/
Q2495221,United Klans of America,[],[],True,"[""Q17127659""]","[""terrorist organization""]",UNVERIFIED_COMMUNITY_CANDIDATE,False,True,False,False,False,True,True,https://www.wikidata.org/wiki/Q2495221,2026-01-20T17:08:53Z,2456366097,2026-08-12T15:23:50Z,CC0-1.0,https://creativecommons.org/publicdomain/zero/1.0/
Q786385,United Self-Defense Forces of Colombia,"[""AUCc"",""Farc""]",[],True,"[""Q17127659""]","[""terrorist organization""]",UNVERIFIED_COMMUNITY_CANDIDATE,False,True,False,False,False,True,True,https://www.wikidata.org/wiki/Q786385,2025-10-14T10:25:59Z,2416300579,2026-08-12T15:23:50Z,CC0-1.0,https://creativecommons.org/publicdomain/zero/1.0/
Q151179,Ustaše,"[""Arise – Croatian Revolutionary Movement"",""Rise – Croatian Revolutionary Movement"",""Ustashas"",""Ustashe"",""Ustashi"",""Ustaša – Croatian Revolutionary Movement""]","[""Arise – Croatian Revolutionary Movement"",""Rise – Croatian Revolutionary Movement"",""Ustashas"",""Ustashe"",""Ustashi"",""Ustaša – Croatian Revolutionary Movement""]",True,"[""Q17127659""]","[""terrorist organization""]",UNVERIFIED_COMMUNITY_CANDIDATE,False,True,False,False,False,True,True,https://www.wikidata.org/wiki/Q151179,2026-07-14T13:17:21Z,2517398317,2026-08-12T15:23:50Z,CC0-1.0,https://creativecommons.org/publicdomain/zero/1.0/
Q7907550,VSKhSON,"[""All-Russian Social-Christian Union for the Liberation of the People"",""VSHSON""]","[""All-Russian Social-Christian Union for the Liberation of the People""]",True,"[""Q17127659""]","[""terrorist organization""]",UNVERIFIED_COMMUNITY_CANDIDATE,False,True,False,False,False,True,True,https://www.wikidata.org/wiki/Q7907550,2025-07-10T05:10:04Z,2377167012,2026-08-12T15:23:50Z,CC0-1.0,https://creativecommons.org/publicdomain/zero/1.0/
Q36597284,Wagner Group,"[""ChVK Vagner"",""ChVK Wagner"",""ChVK Wagner Group"",""Liga"",""PMC Vagner"",""PMC Wagner"",""PMC Wagner Group"",""The Wagner Group"",""Vagner Group"",""Wagner"",""Wagner Group PMC"",""Wagner PMC""]","[""ChVK Vagner"",""ChVK Wagner"",""ChVK Wagner Group"",""PMC Vagner"",""PMC Wagner"",""PMC Wagner Group"",""The Wagner Group"",""Vagner Group"",""Wagner"",""Wagner Group PMC"",""Wagner PMC""]",True,"[""Q17127659""]","[""terrorist organization""]",UNVERIFIED_COMMUNITY_CANDIDATE,False,True,False,False,False,True,True,https://www.wikidata.org/wiki/Q36597284,2026-07-30T05:08:24Z,2524676475,2026-08-12T15:23:50Z,CC0-1.0,https://creativecommons.org/publicdomain/zero/1.0/
Q3683514,Walter Alasia column,"[""Colonna Walter Alasia""]","[""Colonna Walter Alasia""]",True,"[""Q17127659""]","[""terrorist organization""]",UNVERIFIED_COMMUNITY_CANDIDATE,False,True,False,False,False,True,True,https://www.wikidata.org/wiki/Q3683514,2026-06-15T16:23:05Z,2506356720,2026-08-12T15:23:50Z,CC0-1.0,https://creativecommons.org/publicdomain/zero/1.0/
Q3068197,Warriors of Christ the King,[],[],True,"[""Q17127659""]","[""terrorist organization""]",UNVERIFIED_COMMUNITY_CANDIDATE,False,True,False,False,False,True,True,https://www.wikidata.org/wiki/Q3068197,2025-08-30T22:10:46Z,2398514551,2026-08-12T15:23:50Z,CC0-1.0,https://creativecommons.org/publicdomain/zero/1.0/
Q1460608,Wehrsportgruppe Hoffmann,[],[],True,"[""Q17127659""]","[""terrorist organization""]",UNVERIFIED_COMMUNITY_CANDIDATE,False,True,False,False,False,True,True,https://www.wikidata.org/wiki/Q1460608,2025-07-10T19:14:56Z,2377587579,2026-08-12T15:23:50Z,CC0-1.0,https://creativecommons.org/publicdomain/zero/1.0/
Q16179494,White Shirts Society,"[""Baeguisa"",""Baekuisa"",""White Clad Society"",""White Clothes Party"",""White Clothes Society"",""White Shirt Society""]","[""Baeguisa"",""Baekuisa"",""White Clad Society"",""White Clothes Party"",""White Clothes Society"",""White Shirt Society""]",True,"[""Q17127659""]","[""terrorist organization""]",UNVERIFIED_COMMUNITY_CANDIDATE,False,True,False,False,False,True,True,https://www.wikidata.org/wiki/Q16179494,2026-02-04T05:40:01Z,2460537297,2026-08-12T15:23:50Z,CC0-1.0,https://creativecommons.org/publicdomain/zero/1.0/
Q133503885,Xhemati Alban,[],[],True,"[""Q4456236""]","[""terrorist group""]",UNVERIFIED_COMMUNITY_CANDIDATE,False,True,False,False,False,True,True,https://www.wikidata.org/wiki/Q133503885,2026-07-03T12:34:08Z,2513422844,2026-08-12T15:23:50Z,CC0-1.0,https://creativecommons.org/publicdomain/zero/1.0/
Q1335146,Yìhéquán,"[""Boxers"",""Fists of Harmony and Justice"",""Yihequan"",""Yihetuan Movement""]","[""Boxers"",""Fists of Harmony and Justice"",""Yihequan"",""Yihetuan Movement""]",True,"[""Q17127659""]","[""terrorist organization""]",UNVERIFIED_COMMUNITY_CANDIDATE,False,True,False,False,False,True,True,https://www.wikidata.org/wiki/Q1335146,2026-07-16T18:14:23Z,2518264497,2026-08-12T15:23:50Z,CC0-1.0,https://creativecommons.org/publicdomain/zero/1.0/
Q3022706,Óglaigh na hÉireann,"[""Oglaigh na hEireann""]","[""Oglaigh na hEireann""]",True,"[""Q17127659""]","[""terrorist organization""]",UNVERIFIED_COMMUNITY_CANDIDATE,False,True,False,False,False,True,True,https://www.wikidata.org/wiki/Q3022706,2025-04-11T06:30:09Z,2336822770,2026-08-12T15:23:50Z,CC0-1.0,https://creativecommons.org/publicdomain/zero/1.0/
