group,text,expected,owner,action,review
unauthorized_identity_material_and_impact,This user uses stolen credentials and accessed the account; RC5 development 1 for a member.,Identity Theft & Impersonation,Normal/Ignore,Allow,False
unauthorized_identity_material_and_impact,Evidence indicates this account uses login credentials without authorization and changed the account email; RC5 development 2 for a patient.,Identity Theft & Impersonation,Normal/Ignore,Allow,False
unauthorized_identity_material_and_impact,A verified victim report says this user uses a customer account without permission and sent messages to contacts; RC5 development 3 for a client.,Identity Theft & Impersonation,Normal/Ignore,Allow,False
unauthorized_identity_material_and_impact,This account uses financial information without authorization and applied for a loan; RC5 development 4 for a resident.,Identity Theft & Impersonation,Normal/Ignore,Allow,False
unauthorized_identity_material_and_impact,This user uses stolen credentials and accessed the account; RC5 development 5 for a member.,Identity Theft & Impersonation,Normal/Ignore,Allow,False
unauthorized_identity_material_and_impact,Evidence indicates this account uses login credentials without authorization and changed the account email; RC5 development 6 for a patient.,Identity Theft & Impersonation,Normal/Ignore,Allow,False
unauthorized_identity_material_and_impact,A verified victim report says this user uses a customer account without permission and sent messages to contacts; RC5 development 7 for a client.,Identity Theft & Impersonation,Normal/Ignore,Allow,False
unauthorized_identity_material_and_impact,This account uses financial information without authorization and applied for a loan; RC5 development 8 for a resident.,Identity Theft & Impersonation,Normal/Ignore,Allow,False
unauthorized_identity_material_and_impact,This user uses stolen credentials and accessed the account; RC5 development 9 for a member.,Identity Theft & Impersonation,Normal/Ignore,Allow,False
unauthorized_identity_material_and_impact,Evidence indicates this account uses login credentials without authorization and changed the account email; RC5 development 10 for a patient.,Identity Theft & Impersonation,Normal/Ignore,Allow,False
unauthorized_identity_material_and_impact,A verified victim report says this user uses a customer account without permission and sent messages to contacts; RC5 development 11 for a client.,Identity Theft & Impersonation,Normal/Ignore,Allow,False
unauthorized_identity_material_and_impact,This account uses financial information without authorization and applied for a loan; RC5 development 12 for a resident.,Identity Theft & Impersonation,Normal/Ignore,Allow,False
unauthorized_identity_material_and_impact,This user uses stolen credentials and accessed the account; RC5 development 13 for a member.,Identity Theft & Impersonation,Normal/Ignore,Allow,False
unauthorized_identity_material_and_impact,Evidence indicates this account uses login credentials without authorization and changed the account email; RC5 development 14 for a patient.,Identity Theft & Impersonation,Normal/Ignore,Allow,False
unauthorized_identity_material_and_impact,A verified victim report says this user uses a customer account without permission and sent messages to contacts; RC5 development 15 for a client.,Identity Theft & Impersonation,Normal/Ignore,Allow,False
unauthorized_identity_material_and_impact,This account uses financial information without authorization and applied for a loan; RC5 development 16 for a resident.,Identity Theft & Impersonation,Normal/Ignore,Allow,False
unauthorized_identity_material_and_impact,This user uses stolen credentials and accessed the account; RC5 development 17 for a member.,Identity Theft & Impersonation,Normal/Ignore,Allow,False
unauthorized_identity_material_and_impact,Evidence indicates this account uses login credentials without authorization and changed the account email; RC5 development 18 for a patient.,Identity Theft & Impersonation,Normal/Ignore,Allow,False
unauthorized_identity_material_and_impact,A verified victim report says this user uses a customer account without permission and sent messages to contacts; RC5 development 19 for a client.,Identity Theft & Impersonation,Normal/Ignore,Allow,False
unauthorized_identity_material_and_impact,This account uses financial information without authorization and applied for a loan; RC5 development 20 for a resident.,Identity Theft & Impersonation,Normal/Ignore,Allow,False
unauthorized_identity_material_and_impact,This user uses stolen credentials and accessed the account; RC5 development 21 for a member.,Identity Theft & Impersonation,Normal/Ignore,Allow,False
unauthorized_identity_material_and_impact,Evidence indicates this account uses login credentials without authorization and changed the account email; RC5 development 22 for a patient.,Identity Theft & Impersonation,Normal/Ignore,Allow,False
unauthorized_identity_material_and_impact,A verified victim report says this user uses a customer account without permission and sent messages to contacts; RC5 development 23 for a client.,Identity Theft & Impersonation,Normal/Ignore,Allow,False
unauthorized_identity_material_and_impact,This account uses financial information without authorization and applied for a loan; RC5 development 24 for a resident.,Identity Theft & Impersonation,Normal/Ignore,Allow,False
unauthorized_identity_material_and_impact,This user uses stolen credentials and accessed the account; RC5 development 25 for a member.,Identity Theft & Impersonation,Normal/Ignore,Allow,False
unauthorized_identity_material_and_impact,Evidence indicates this account uses login credentials without authorization and changed the account email; RC5 development 26 for a patient.,Identity Theft & Impersonation,Normal/Ignore,Allow,False
unauthorized_identity_material_and_impact,A verified victim report says this user uses a customer account without permission and sent messages to contacts; RC5 development 27 for a client.,Identity Theft & Impersonation,Normal/Ignore,Allow,False
unauthorized_identity_material_and_impact,This account uses financial information without authorization and applied for a loan; RC5 development 28 for a resident.,Identity Theft & Impersonation,Normal/Ignore,Allow,False
unauthorized_identity_material_and_impact,This user uses stolen credentials and accessed the account; RC5 development 29 for a member.,Identity Theft & Impersonation,Normal/Ignore,Allow,False
unauthorized_identity_material_and_impact,Evidence indicates this account uses login credentials without authorization and changed the account email; RC5 development 30 for a patient.,Identity Theft & Impersonation,Normal/Ignore,Allow,False
unauthorized_identity_material_and_impact,A verified victim report says this user uses a customer account without permission and sent messages to contacts; RC5 development 31 for a client.,Identity Theft & Impersonation,Normal/Ignore,Allow,False
unauthorized_identity_material_and_impact,This account uses financial information without authorization and applied for a loan; RC5 development 32 for a resident.,Identity Theft & Impersonation,Normal/Ignore,Allow,False
unauthorized_identity_material_and_impact,This user uses stolen credentials and accessed the account; RC5 development 33 for a member.,Identity Theft & Impersonation,Normal/Ignore,Allow,False
unauthorized_identity_material_and_impact,Evidence indicates this account uses login credentials without authorization and changed the account email; RC5 development 34 for a patient.,Identity Theft & Impersonation,Normal/Ignore,Allow,False
unauthorized_identity_material_and_impact,A verified victim report says this user uses a customer account without permission and sent messages to contacts; RC5 development 35 for a client.,Identity Theft & Impersonation,Normal/Ignore,Allow,False
unauthorized_identity_material_and_impact,This account uses financial information without authorization and applied for a loan; RC5 development 36 for a resident.,Identity Theft & Impersonation,Normal/Ignore,Allow,False
unauthorized_identity_material_and_impact,This user uses stolen credentials and accessed the account; RC5 development 37 for a member.,Identity Theft & Impersonation,Normal/Ignore,Allow,False
unauthorized_identity_material_and_impact,Evidence indicates this account uses login credentials without authorization and changed the account email; RC5 development 38 for a patient.,Identity Theft & Impersonation,Normal/Ignore,Allow,False
unauthorized_identity_material_and_impact,A verified victim report says this user uses a customer account without permission and sent messages to contacts; RC5 development 39 for a client.,Identity Theft & Impersonation,Normal/Ignore,Allow,False
unauthorized_identity_material_and_impact,This account uses financial information without authorization and applied for a loan; RC5 development 40 for a resident.,Identity Theft & Impersonation,Normal/Ignore,Allow,False
unauthorized_identity_material_and_impact,This user uses stolen credentials and accessed the account; RC5 development 41 for a member.,Identity Theft & Impersonation,Normal/Ignore,Allow,False
unauthorized_identity_material_and_impact,Evidence indicates this account uses login credentials without authorization and changed the account email; RC5 development 42 for a patient.,Identity Theft & Impersonation,Normal/Ignore,Allow,False
unauthorized_identity_material_and_impact,A verified victim report says this user uses a customer account without permission and sent messages to contacts; RC5 development 43 for a client.,Identity Theft & Impersonation,Normal/Ignore,Allow,False
unauthorized_identity_material_and_impact,This account uses financial information without authorization and applied for a loan; RC5 development 44 for a resident.,Identity Theft & Impersonation,Normal/Ignore,Allow,False
unauthorized_identity_material_and_impact,This user uses stolen credentials and accessed the account; RC5 development 45 for a member.,Identity Theft & Impersonation,Normal/Ignore,Allow,False
unauthorized_identity_material_and_impact,Evidence indicates this account uses login credentials without authorization and changed the account email; RC5 development 46 for a patient.,Identity Theft & Impersonation,Normal/Ignore,Allow,False
unauthorized_identity_material_and_impact,A verified victim report says this user uses a customer account without permission and sent messages to contacts; RC5 development 47 for a client.,Identity Theft & Impersonation,Normal/Ignore,Allow,False
unauthorized_identity_material_and_impact,This account uses financial information without authorization and applied for a loan; RC5 development 48 for a resident.,Identity Theft & Impersonation,Normal/Ignore,Allow,False
unauthorized_identity_material_and_impact,This user uses stolen credentials and accessed the account; RC5 development 49 for a member.,Identity Theft & Impersonation,Normal/Ignore,Allow,False
unauthorized_identity_material_and_impact,Evidence indicates this account uses login credentials without authorization and changed the account email; RC5 development 50 for a patient.,Identity Theft & Impersonation,Normal/Ignore,Allow,False
unauthorized_identity_material_and_impact,A verified victim report says this user uses a customer account without permission and sent messages to contacts; RC5 development 51 for a client.,Identity Theft & Impersonation,Normal/Ignore,Allow,False
unauthorized_identity_material_and_impact,This account uses financial information without authorization and applied for a loan; RC5 development 52 for a resident.,Identity Theft & Impersonation,Normal/Ignore,Allow,False
unauthorized_identity_material_and_impact,This user uses stolen credentials and accessed the account; RC5 development 53 for a member.,Identity Theft & Impersonation,Normal/Ignore,Allow,False
unauthorized_identity_material_and_impact,Evidence indicates this account uses login credentials without authorization and changed the account email; RC5 development 54 for a patient.,Identity Theft & Impersonation,Normal/Ignore,Allow,False
unauthorized_identity_material_and_impact,A verified victim report says this user uses a customer account without permission and sent messages to contacts; RC5 development 55 for a client.,Identity Theft & Impersonation,Normal/Ignore,Allow,False
unauthorized_identity_material_and_impact,This account uses financial information without authorization and applied for a loan; RC5 development 56 for a resident.,Identity Theft & Impersonation,Normal/Ignore,Allow,False
unauthorized_identity_material_and_impact,This user uses stolen credentials and accessed the account; RC5 development 57 for a member.,Identity Theft & Impersonation,Normal/Ignore,Allow,False
unauthorized_identity_material_and_impact,Evidence indicates this account uses login credentials without authorization and changed the account email; RC5 development 58 for a patient.,Identity Theft & Impersonation,Normal/Ignore,Allow,False
unauthorized_identity_material_and_impact,A verified victim report says this user uses a customer account without permission and sent messages to contacts; RC5 development 59 for a client.,Identity Theft & Impersonation,Normal/Ignore,Allow,False
unauthorized_identity_material_and_impact,This account uses financial information without authorization and applied for a loan; RC5 development 60 for a resident.,Identity Theft & Impersonation,Normal/Ignore,Allow,False
unauthorized_identity_material_and_impact,This user uses stolen credentials and accessed the account; RC5 development 61 for a member.,Identity Theft & Impersonation,Normal/Ignore,Allow,False
unauthorized_identity_material_and_impact,Evidence indicates this account uses login credentials without authorization and changed the account email; RC5 development 62 for a patient.,Identity Theft & Impersonation,Normal/Ignore,Allow,False
unauthorized_identity_material_and_impact,A verified victim report says this user uses a customer account without permission and sent messages to contacts; RC5 development 63 for a client.,Identity Theft & Impersonation,Normal/Ignore,Allow,False
unauthorized_identity_material_and_impact,This account uses financial information without authorization and applied for a loan; RC5 development 64 for a resident.,Identity Theft & Impersonation,Normal/Ignore,Allow,False
unauthorized_identity_material_and_impact,This user uses stolen credentials and accessed the account; RC5 development 65 for a member.,Identity Theft & Impersonation,Normal/Ignore,Allow,False
unauthorized_identity_material_and_impact,Evidence indicates this account uses login credentials without authorization and changed the account email; RC5 development 66 for a patient.,Identity Theft & Impersonation,Normal/Ignore,Allow,False
unauthorized_identity_material_and_impact,A verified victim report says this user uses a customer account without permission and sent messages to contacts; RC5 development 67 for a client.,Identity Theft & Impersonation,Normal/Ignore,Allow,False
unauthorized_identity_material_and_impact,This account uses financial information without authorization and applied for a loan; RC5 development 68 for a resident.,Identity Theft & Impersonation,Normal/Ignore,Allow,False
unauthorized_identity_material_and_impact,This user uses stolen credentials and accessed the account; RC5 development 69 for a member.,Identity Theft & Impersonation,Normal/Ignore,Allow,False
unauthorized_identity_material_and_impact,Evidence indicates this account uses login credentials without authorization and changed the account email; RC5 development 70 for a patient.,Identity Theft & Impersonation,Normal/Ignore,Allow,False
unauthorized_identity_material_and_impact,A verified victim report says this user uses a customer account without permission and sent messages to contacts; RC5 development 71 for a client.,Identity Theft & Impersonation,Normal/Ignore,Allow,False
unauthorized_identity_material_and_impact,This account uses financial information without authorization and applied for a loan; RC5 development 72 for a resident.,Identity Theft & Impersonation,Normal/Ignore,Allow,False
unauthorized_identity_material_and_impact,This user uses stolen credentials and accessed the account; RC5 development 73 for a member.,Identity Theft & Impersonation,Normal/Ignore,Allow,False
unauthorized_identity_material_and_impact,Evidence indicates this account uses login credentials without authorization and changed the account email; RC5 development 74 for a patient.,Identity Theft & Impersonation,Normal/Ignore,Allow,False
unauthorized_identity_material_and_impact,A verified victim report says this user uses a customer account without permission and sent messages to contacts; RC5 development 75 for a client.,Identity Theft & Impersonation,Normal/Ignore,Allow,False
unauthorized_identity_material_and_impact,This account uses financial information without authorization and applied for a loan; RC5 development 76 for a resident.,Identity Theft & Impersonation,Normal/Ignore,Allow,False
unauthorized_identity_material_and_impact,This user uses stolen credentials and accessed the account; RC5 development 77 for a member.,Identity Theft & Impersonation,Normal/Ignore,Allow,False
unauthorized_identity_material_and_impact,Evidence indicates this account uses login credentials without authorization and changed the account email; RC5 development 78 for a patient.,Identity Theft & Impersonation,Normal/Ignore,Allow,False
unauthorized_identity_material_and_impact,A verified victim report says this user uses a customer account without permission and sent messages to contacts; RC5 development 79 for a client.,Identity Theft & Impersonation,Normal/Ignore,Allow,False
unauthorized_identity_material_and_impact,This account uses financial information without authorization and applied for a loan; RC5 development 80 for a resident.,Identity Theft & Impersonation,Normal/Ignore,Allow,False
unauthorized_identity_material_and_impact,This user uses stolen credentials and accessed the account; RC5 development 81 for a member.,Identity Theft & Impersonation,Normal/Ignore,Allow,False
unauthorized_identity_material_and_impact,Evidence indicates this account uses login credentials without authorization and changed the account email; RC5 development 82 for a patient.,Identity Theft & Impersonation,Normal/Ignore,Allow,False
unauthorized_identity_material_and_impact,A verified victim report says this user uses a customer account without permission and sent messages to contacts; RC5 development 83 for a client.,Identity Theft & Impersonation,Normal/Ignore,Allow,False
unauthorized_identity_material_and_impact,This account uses financial information without authorization and applied for a loan; RC5 development 84 for a resident.,Identity Theft & Impersonation,Normal/Ignore,Allow,False
unauthorized_identity_material_and_impact,This user uses stolen credentials and accessed the account; RC5 development 85 for a member.,Identity Theft & Impersonation,Normal/Ignore,Allow,False
unauthorized_identity_material_and_impact,Evidence indicates this account uses login credentials without authorization and changed the account email; RC5 development 86 for a patient.,Identity Theft & Impersonation,Normal/Ignore,Allow,False
unauthorized_identity_material_and_impact,A verified victim report says this user uses a customer account without permission and sent messages to contacts; RC5 development 87 for a client.,Identity Theft & Impersonation,Normal/Ignore,Allow,False
unauthorized_identity_material_and_impact,This account uses financial information without authorization and applied for a loan; RC5 development 88 for a resident.,Identity Theft & Impersonation,Normal/Ignore,Allow,False
unauthorized_identity_material_and_impact,This user uses stolen credentials and accessed the account; RC5 development 89 for a member.,Identity Theft & Impersonation,Normal/Ignore,Allow,False
unauthorized_identity_material_and_impact,Evidence indicates this account uses login credentials without authorization and changed the account email; RC5 development 90 for a patient.,Identity Theft & Impersonation,Normal/Ignore,Allow,False
unauthorized_identity_material_and_impact,A verified victim report says this user uses a customer account without permission and sent messages to contacts; RC5 development 91 for a client.,Identity Theft & Impersonation,Normal/Ignore,Allow,False
unauthorized_identity_material_and_impact,This account uses financial information without authorization and applied for a loan; RC5 development 92 for a resident.,Identity Theft & Impersonation,Normal/Ignore,Allow,False
unauthorized_identity_material_and_impact,This user uses stolen credentials and accessed the account; RC5 development 93 for a member.,Identity Theft & Impersonation,Normal/Ignore,Allow,False
unauthorized_identity_material_and_impact,Evidence indicates this account uses login credentials without authorization and changed the account email; RC5 development 94 for a patient.,Identity Theft & Impersonation,Normal/Ignore,Allow,False
unauthorized_identity_material_and_impact,A verified victim report says this user uses a customer account without permission and sent messages to contacts; RC5 development 95 for a client.,Identity Theft & Impersonation,Normal/Ignore,Allow,False
unauthorized_identity_material_and_impact,This account uses financial information without authorization and applied for a loan; RC5 development 96 for a resident.,Identity Theft & Impersonation,Normal/Ignore,Allow,False
unauthorized_identity_material_and_impact,This user uses stolen credentials and accessed the account; RC5 development 97 for a member.,Identity Theft & Impersonation,Normal/Ignore,Allow,False
unauthorized_identity_material_and_impact,Evidence indicates this account uses login credentials without authorization and changed the account email; RC5 development 98 for a patient.,Identity Theft & Impersonation,Normal/Ignore,Allow,False
unauthorized_identity_material_and_impact,A verified victim report says this user uses a customer account without permission and sent messages to contacts; RC5 development 99 for a client.,Identity Theft & Impersonation,Normal/Ignore,Allow,False
unauthorized_identity_material_and_impact,This account uses financial information without authorization and applied for a loan; RC5 development 100 for a resident.,Identity Theft & Impersonation,Normal/Ignore,Allow,False
impersonation_and_identity_theft_regression,This caller is pretending to be official support and requested account access; RC5 development 1 for a member.,Identity Theft & Impersonation,Normal/Ignore,Allow,False
impersonation_and_identity_theft_regression,The profile is posing as a business representative and solicits customers; RC5 development 2 for a patient.,Identity Theft & Impersonation,Normal/Ignore,Allow,False
impersonation_and_identity_theft_regression,Someone has stolen my identity and opened an account in my name; RC5 development 3 for a client.,Identity Theft & Impersonation,Normal/Ignore,Allow,False
impersonation_and_identity_theft_regression,This person is impersonating me using a cloned account and sends messages to contacts; RC5 development 4 for a resident.,Identity Theft & Impersonation,Normal/Ignore,Allow,False
impersonation_and_identity_theft_regression,This caller is pretending to be official support and requested account access; RC5 development 5 for a member.,Identity Theft & Impersonation,Normal/Ignore,Allow,False
impersonation_and_identity_theft_regression,The profile is posing as a business representative and solicits customers; RC5 development 6 for a patient.,Identity Theft & Impersonation,Normal/Ignore,Allow,False
impersonation_and_identity_theft_regression,Someone has stolen my identity and opened an account in my name; RC5 development 7 for a client.,Identity Theft & Impersonation,Normal/Ignore,Allow,False
impersonation_and_identity_theft_regression,This person is impersonating me using a cloned account and sends messages to contacts; RC5 development 8 for a resident.,Identity Theft & Impersonation,Normal/Ignore,Allow,False
impersonation_and_identity_theft_regression,This caller is pretending to be official support and requested account access; RC5 development 9 for a member.,Identity Theft & Impersonation,Normal/Ignore,Allow,False
impersonation_and_identity_theft_regression,The profile is posing as a business representative and solicits customers; RC5 development 10 for a patient.,Identity Theft & Impersonation,Normal/Ignore,Allow,False
impersonation_and_identity_theft_regression,Someone has stolen my identity and opened an account in my name; RC5 development 11 for a client.,Identity Theft & Impersonation,Normal/Ignore,Allow,False
impersonation_and_identity_theft_regression,This person is impersonating me using a cloned account and sends messages to contacts; RC5 development 12 for a resident.,Identity Theft & Impersonation,Normal/Ignore,Allow,False
impersonation_and_identity_theft_regression,This caller is pretending to be official support and requested account access; RC5 development 13 for a member.,Identity Theft & Impersonation,Normal/Ignore,Allow,False
impersonation_and_identity_theft_regression,The profile is posing as a business representative and solicits customers; RC5 development 14 for a patient.,Identity Theft & Impersonation,Normal/Ignore,Allow,False
impersonation_and_identity_theft_regression,Someone has stolen my identity and opened an account in my name; RC5 development 15 for a client.,Identity Theft & Impersonation,Normal/Ignore,Allow,False
impersonation_and_identity_theft_regression,This person is impersonating me using a cloned account and sends messages to contacts; RC5 development 16 for a resident.,Identity Theft & Impersonation,Normal/Ignore,Allow,False
impersonation_and_identity_theft_regression,This caller is pretending to be official support and requested account access; RC5 development 17 for a member.,Identity Theft & Impersonation,Normal/Ignore,Allow,False
impersonation_and_identity_theft_regression,The profile is posing as a business representative and solicits customers; RC5 development 18 for a patient.,Identity Theft & Impersonation,Normal/Ignore,Allow,False
impersonation_and_identity_theft_regression,Someone has stolen my identity and opened an account in my name; RC5 development 19 for a client.,Identity Theft & Impersonation,Normal/Ignore,Allow,False
impersonation_and_identity_theft_regression,This person is impersonating me using a cloned account and sends messages to contacts; RC5 development 20 for a resident.,Identity Theft & Impersonation,Normal/Ignore,Allow,False
impersonation_and_identity_theft_regression,This caller is pretending to be official support and requested account access; RC5 development 21 for a member.,Identity Theft & Impersonation,Normal/Ignore,Allow,False
impersonation_and_identity_theft_regression,The profile is posing as a business representative and solicits customers; RC5 development 22 for a patient.,Identity Theft & Impersonation,Normal/Ignore,Allow,False
impersonation_and_identity_theft_regression,Someone has stolen my identity and opened an account in my name; RC5 development 23 for a client.,Identity Theft & Impersonation,Normal/Ignore,Allow,False
impersonation_and_identity_theft_regression,This person is impersonating me using a cloned account and sends messages to contacts; RC5 development 24 for a resident.,Identity Theft & Impersonation,Normal/Ignore,Allow,False
impersonation_and_identity_theft_regression,This caller is pretending to be official support and requested account access; RC5 development 25 for a member.,Identity Theft & Impersonation,Normal/Ignore,Allow,False
impersonation_and_identity_theft_regression,The profile is posing as a business representative and solicits customers; RC5 development 26 for a patient.,Identity Theft & Impersonation,Normal/Ignore,Allow,False
impersonation_and_identity_theft_regression,Someone has stolen my identity and opened an account in my name; RC5 development 27 for a client.,Identity Theft & Impersonation,Normal/Ignore,Allow,False
impersonation_and_identity_theft_regression,This person is impersonating me using a cloned account and sends messages to contacts; RC5 development 28 for a resident.,Identity Theft & Impersonation,Normal/Ignore,Allow,False
impersonation_and_identity_theft_regression,This caller is pretending to be official support and requested account access; RC5 development 29 for a member.,Identity Theft & Impersonation,Normal/Ignore,Allow,False
impersonation_and_identity_theft_regression,The profile is posing as a business representative and solicits customers; RC5 development 30 for a patient.,Identity Theft & Impersonation,Normal/Ignore,Allow,False
impersonation_and_identity_theft_regression,Someone has stolen my identity and opened an account in my name; RC5 development 31 for a client.,Identity Theft & Impersonation,Normal/Ignore,Allow,False
impersonation_and_identity_theft_regression,This person is impersonating me using a cloned account and sends messages to contacts; RC5 development 32 for a resident.,Identity Theft & Impersonation,Normal/Ignore,Allow,False
impersonation_and_identity_theft_regression,This caller is pretending to be official support and requested account access; RC5 development 33 for a member.,Identity Theft & Impersonation,Normal/Ignore,Allow,False
impersonation_and_identity_theft_regression,The profile is posing as a business representative and solicits customers; RC5 development 34 for a patient.,Identity Theft & Impersonation,Normal/Ignore,Allow,False
impersonation_and_identity_theft_regression,Someone has stolen my identity and opened an account in my name; RC5 development 35 for a client.,Identity Theft & Impersonation,Normal/Ignore,Allow,False
impersonation_and_identity_theft_regression,This person is impersonating me using a cloned account and sends messages to contacts; RC5 development 36 for a resident.,Identity Theft & Impersonation,Normal/Ignore,Allow,False
impersonation_and_identity_theft_regression,This caller is pretending to be official support and requested account access; RC5 development 37 for a member.,Identity Theft & Impersonation,Normal/Ignore,Allow,False
impersonation_and_identity_theft_regression,The profile is posing as a business representative and solicits customers; RC5 development 38 for a patient.,Identity Theft & Impersonation,Normal/Ignore,Allow,False
impersonation_and_identity_theft_regression,Someone has stolen my identity and opened an account in my name; RC5 development 39 for a client.,Identity Theft & Impersonation,Normal/Ignore,Allow,False
impersonation_and_identity_theft_regression,This person is impersonating me using a cloned account and sends messages to contacts; RC5 development 40 for a resident.,Identity Theft & Impersonation,Normal/Ignore,Allow,False
impersonation_and_identity_theft_regression,This caller is pretending to be official support and requested account access; RC5 development 41 for a member.,Identity Theft & Impersonation,Normal/Ignore,Allow,False
impersonation_and_identity_theft_regression,The profile is posing as a business representative and solicits customers; RC5 development 42 for a patient.,Identity Theft & Impersonation,Normal/Ignore,Allow,False
impersonation_and_identity_theft_regression,Someone has stolen my identity and opened an account in my name; RC5 development 43 for a client.,Identity Theft & Impersonation,Normal/Ignore,Allow,False
impersonation_and_identity_theft_regression,This person is impersonating me using a cloned account and sends messages to contacts; RC5 development 44 for a resident.,Identity Theft & Impersonation,Normal/Ignore,Allow,False
impersonation_and_identity_theft_regression,This caller is pretending to be official support and requested account access; RC5 development 45 for a member.,Identity Theft & Impersonation,Normal/Ignore,Allow,False
impersonation_and_identity_theft_regression,The profile is posing as a business representative and solicits customers; RC5 development 46 for a patient.,Identity Theft & Impersonation,Normal/Ignore,Allow,False
impersonation_and_identity_theft_regression,Someone has stolen my identity and opened an account in my name; RC5 development 47 for a client.,Identity Theft & Impersonation,Normal/Ignore,Allow,False
impersonation_and_identity_theft_regression,This person is impersonating me using a cloned account and sends messages to contacts; RC5 development 48 for a resident.,Identity Theft & Impersonation,Normal/Ignore,Allow,False
impersonation_and_identity_theft_regression,This caller is pretending to be official support and requested account access; RC5 development 49 for a member.,Identity Theft & Impersonation,Normal/Ignore,Allow,False
impersonation_and_identity_theft_regression,The profile is posing as a business representative and solicits customers; RC5 development 50 for a patient.,Identity Theft & Impersonation,Normal/Ignore,Allow,False
impersonation_and_identity_theft_regression,Someone has stolen my identity and opened an account in my name; RC5 development 51 for a client.,Identity Theft & Impersonation,Normal/Ignore,Allow,False
impersonation_and_identity_theft_regression,This person is impersonating me using a cloned account and sends messages to contacts; RC5 development 52 for a resident.,Identity Theft & Impersonation,Normal/Ignore,Allow,False
impersonation_and_identity_theft_regression,This caller is pretending to be official support and requested account access; RC5 development 53 for a member.,Identity Theft & Impersonation,Normal/Ignore,Allow,False
impersonation_and_identity_theft_regression,The profile is posing as a business representative and solicits customers; RC5 development 54 for a patient.,Identity Theft & Impersonation,Normal/Ignore,Allow,False
impersonation_and_identity_theft_regression,Someone has stolen my identity and opened an account in my name; RC5 development 55 for a client.,Identity Theft & Impersonation,Normal/Ignore,Allow,False
impersonation_and_identity_theft_regression,This person is impersonating me using a cloned account and sends messages to contacts; RC5 development 56 for a resident.,Identity Theft & Impersonation,Normal/Ignore,Allow,False
impersonation_and_identity_theft_regression,This caller is pretending to be official support and requested account access; RC5 development 57 for a member.,Identity Theft & Impersonation,Normal/Ignore,Allow,False
impersonation_and_identity_theft_regression,The profile is posing as a business representative and solicits customers; RC5 development 58 for a patient.,Identity Theft & Impersonation,Normal/Ignore,Allow,False
impersonation_and_identity_theft_regression,Someone has stolen my identity and opened an account in my name; RC5 development 59 for a client.,Identity Theft & Impersonation,Normal/Ignore,Allow,False
impersonation_and_identity_theft_regression,This person is impersonating me using a cloned account and sends messages to contacts; RC5 development 60 for a resident.,Identity Theft & Impersonation,Normal/Ignore,Allow,False
impersonation_and_identity_theft_regression,This caller is pretending to be official support and requested account access; RC5 development 61 for a member.,Identity Theft & Impersonation,Normal/Ignore,Allow,False
impersonation_and_identity_theft_regression,The profile is posing as a business representative and solicits customers; RC5 development 62 for a patient.,Identity Theft & Impersonation,Normal/Ignore,Allow,False
impersonation_and_identity_theft_regression,Someone has stolen my identity and opened an account in my name; RC5 development 63 for a client.,Identity Theft & Impersonation,Normal/Ignore,Allow,False
impersonation_and_identity_theft_regression,This person is impersonating me using a cloned account and sends messages to contacts; RC5 development 64 for a resident.,Identity Theft & Impersonation,Normal/Ignore,Allow,False
impersonation_and_identity_theft_regression,This caller is pretending to be official support and requested account access; RC5 development 65 for a member.,Identity Theft & Impersonation,Normal/Ignore,Allow,False
impersonation_and_identity_theft_regression,The profile is posing as a business representative and solicits customers; RC5 development 66 for a patient.,Identity Theft & Impersonation,Normal/Ignore,Allow,False
impersonation_and_identity_theft_regression,Someone has stolen my identity and opened an account in my name; RC5 development 67 for a client.,Identity Theft & Impersonation,Normal/Ignore,Allow,False
impersonation_and_identity_theft_regression,This person is impersonating me using a cloned account and sends messages to contacts; RC5 development 68 for a resident.,Identity Theft & Impersonation,Normal/Ignore,Allow,False
impersonation_and_identity_theft_regression,This caller is pretending to be official support and requested account access; RC5 development 69 for a member.,Identity Theft & Impersonation,Normal/Ignore,Allow,False
impersonation_and_identity_theft_regression,The profile is posing as a business representative and solicits customers; RC5 development 70 for a patient.,Identity Theft & Impersonation,Normal/Ignore,Allow,False
impersonation_and_identity_theft_regression,Someone has stolen my identity and opened an account in my name; RC5 development 71 for a client.,Identity Theft & Impersonation,Normal/Ignore,Allow,False
impersonation_and_identity_theft_regression,This person is impersonating me using a cloned account and sends messages to contacts; RC5 development 72 for a resident.,Identity Theft & Impersonation,Normal/Ignore,Allow,False
impersonation_and_identity_theft_regression,This caller is pretending to be official support and requested account access; RC5 development 73 for a member.,Identity Theft & Impersonation,Normal/Ignore,Allow,False
impersonation_and_identity_theft_regression,The profile is posing as a business representative and solicits customers; RC5 development 74 for a patient.,Identity Theft & Impersonation,Normal/Ignore,Allow,False
impersonation_and_identity_theft_regression,Someone has stolen my identity and opened an account in my name; RC5 development 75 for a client.,Identity Theft & Impersonation,Normal/Ignore,Allow,False
impersonation_and_identity_theft_regression,This person is impersonating me using a cloned account and sends messages to contacts; RC5 development 76 for a resident.,Identity Theft & Impersonation,Normal/Ignore,Allow,False
impersonation_and_identity_theft_regression,This caller is pretending to be official support and requested account access; RC5 development 77 for a member.,Identity Theft & Impersonation,Normal/Ignore,Allow,False
impersonation_and_identity_theft_regression,The profile is posing as a business representative and solicits customers; RC5 development 78 for a patient.,Identity Theft & Impersonation,Normal/Ignore,Allow,False
impersonation_and_identity_theft_regression,Someone has stolen my identity and opened an account in my name; RC5 development 79 for a client.,Identity Theft & Impersonation,Normal/Ignore,Allow,False
impersonation_and_identity_theft_regression,This person is impersonating me using a cloned account and sends messages to contacts; RC5 development 80 for a resident.,Identity Theft & Impersonation,Normal/Ignore,Allow,False
impersonation_and_identity_theft_regression,This caller is pretending to be official support and requested account access; RC5 development 81 for a member.,Identity Theft & Impersonation,Normal/Ignore,Allow,False
impersonation_and_identity_theft_regression,The profile is posing as a business representative and solicits customers; RC5 development 82 for a patient.,Identity Theft & Impersonation,Normal/Ignore,Allow,False
impersonation_and_identity_theft_regression,Someone has stolen my identity and opened an account in my name; RC5 development 83 for a client.,Identity Theft & Impersonation,Normal/Ignore,Allow,False
impersonation_and_identity_theft_regression,This person is impersonating me using a cloned account and sends messages to contacts; RC5 development 84 for a resident.,Identity Theft & Impersonation,Normal/Ignore,Allow,False
impersonation_and_identity_theft_regression,This caller is pretending to be official support and requested account access; RC5 development 85 for a member.,Identity Theft & Impersonation,Normal/Ignore,Allow,False
impersonation_and_identity_theft_regression,The profile is posing as a business representative and solicits customers; RC5 development 86 for a patient.,Identity Theft & Impersonation,Normal/Ignore,Allow,False
impersonation_and_identity_theft_regression,Someone has stolen my identity and opened an account in my name; RC5 development 87 for a client.,Identity Theft & Impersonation,Normal/Ignore,Allow,False
impersonation_and_identity_theft_regression,This person is impersonating me using a cloned account and sends messages to contacts; RC5 development 88 for a resident.,Identity Theft & Impersonation,Normal/Ignore,Allow,False
impersonation_and_identity_theft_regression,This caller is pretending to be official support and requested account access; RC5 development 89 for a member.,Identity Theft & Impersonation,Normal/Ignore,Allow,False
impersonation_and_identity_theft_regression,The profile is posing as a business representative and solicits customers; RC5 development 90 for a patient.,Identity Theft & Impersonation,Normal/Ignore,Allow,False
impersonation_and_identity_theft_regression,Someone has stolen my identity and opened an account in my name; RC5 development 91 for a client.,Identity Theft & Impersonation,Normal/Ignore,Allow,False
impersonation_and_identity_theft_regression,This person is impersonating me using a cloned account and sends messages to contacts; RC5 development 92 for a resident.,Identity Theft & Impersonation,Normal/Ignore,Allow,False
impersonation_and_identity_theft_regression,This caller is pretending to be official support and requested account access; RC5 development 93 for a member.,Identity Theft & Impersonation,Normal/Ignore,Allow,False
impersonation_and_identity_theft_regression,The profile is posing as a business representative and solicits customers; RC5 development 94 for a patient.,Identity Theft & Impersonation,Normal/Ignore,Allow,False
impersonation_and_identity_theft_regression,Someone has stolen my identity and opened an account in my name; RC5 development 95 for a client.,Identity Theft & Impersonation,Normal/Ignore,Allow,False
impersonation_and_identity_theft_regression,This person is impersonating me using a cloned account and sends messages to contacts; RC5 development 96 for a resident.,Identity Theft & Impersonation,Normal/Ignore,Allow,False
impersonation_and_identity_theft_regression,This caller is pretending to be official support and requested account access; RC5 development 97 for a member.,Identity Theft & Impersonation,Normal/Ignore,Allow,False
impersonation_and_identity_theft_regression,The profile is posing as a business representative and solicits customers; RC5 development 98 for a patient.,Identity Theft & Impersonation,Normal/Ignore,Allow,False
impersonation_and_identity_theft_regression,Someone has stolen my identity and opened an account in my name; RC5 development 99 for a client.,Identity Theft & Impersonation,Normal/Ignore,Allow,False
impersonation_and_identity_theft_regression,This person is impersonating me using a cloned account and sends messages to contacts; RC5 development 100 for a resident.,Identity Theft & Impersonation,Normal/Ignore,Allow,False
uncertain_incomplete_authority_boundary,A possible account using login credentials is described while authorization cannot be verified; RC5 development 1 for a member.,Uncertain,Normal/Ignore,Allow,False
uncertain_incomplete_authority_boundary,A fake support profile may be posing as official while authenticity is unclear; RC5 development 2 for a patient.,Uncertain,Normal/Ignore,Allow,False
uncertain_incomplete_authority_boundary,Only a screenshot is available for a possible cloned account; RC5 development 3 for a client.,Uncertain,Normal/Ignore,Allow,False
uncertain_incomplete_authority_boundary,A profile may be impersonating a person while account provenance is unknown; RC5 development 4 for a resident.,Uncertain,Normal/Ignore,Allow,False
uncertain_incomplete_authority_boundary,A possible account using login credentials is described while authorization cannot be verified; RC5 development 5 for a member.,Uncertain,Normal/Ignore,Allow,False
uncertain_incomplete_authority_boundary,A fake support profile may be posing as official while authenticity is unclear; RC5 development 6 for a patient.,Uncertain,Normal/Ignore,Allow,False
uncertain_incomplete_authority_boundary,Only a screenshot is available for a possible cloned account; RC5 development 7 for a client.,Uncertain,Normal/Ignore,Allow,False
uncertain_incomplete_authority_boundary,A profile may be impersonating a person while account provenance is unknown; RC5 development 8 for a resident.,Uncertain,Normal/Ignore,Allow,False
uncertain_incomplete_authority_boundary,A possible account using login credentials is described while authorization cannot be verified; RC5 development 9 for a member.,Uncertain,Normal/Ignore,Allow,False
uncertain_incomplete_authority_boundary,A fake support profile may be posing as official while authenticity is unclear; RC5 development 10 for a patient.,Uncertain,Normal/Ignore,Allow,False
uncertain_incomplete_authority_boundary,Only a screenshot is available for a possible cloned account; RC5 development 11 for a client.,Uncertain,Normal/Ignore,Allow,False
uncertain_incomplete_authority_boundary,A profile may be impersonating a person while account provenance is unknown; RC5 development 12 for a resident.,Uncertain,Normal/Ignore,Allow,False
uncertain_incomplete_authority_boundary,A possible account using login credentials is described while authorization cannot be verified; RC5 development 13 for a member.,Uncertain,Normal/Ignore,Allow,False
uncertain_incomplete_authority_boundary,A fake support profile may be posing as official while authenticity is unclear; RC5 development 14 for a patient.,Uncertain,Normal/Ignore,Allow,False
uncertain_incomplete_authority_boundary,Only a screenshot is available for a possible cloned account; RC5 development 15 for a client.,Uncertain,Normal/Ignore,Allow,False
uncertain_incomplete_authority_boundary,A profile may be impersonating a person while account provenance is unknown; RC5 development 16 for a resident.,Uncertain,Normal/Ignore,Allow,False
uncertain_incomplete_authority_boundary,A possible account using login credentials is described while authorization cannot be verified; RC5 development 17 for a member.,Uncertain,Normal/Ignore,Allow,False
uncertain_incomplete_authority_boundary,A fake support profile may be posing as official while authenticity is unclear; RC5 development 18 for a patient.,Uncertain,Normal/Ignore,Allow,False
uncertain_incomplete_authority_boundary,Only a screenshot is available for a possible cloned account; RC5 development 19 for a client.,Uncertain,Normal/Ignore,Allow,False
uncertain_incomplete_authority_boundary,A profile may be impersonating a person while account provenance is unknown; RC5 development 20 for a resident.,Uncertain,Normal/Ignore,Allow,False
uncertain_incomplete_authority_boundary,A possible account using login credentials is described while authorization cannot be verified; RC5 development 21 for a member.,Uncertain,Normal/Ignore,Allow,False
uncertain_incomplete_authority_boundary,A fake support profile may be posing as official while authenticity is unclear; RC5 development 22 for a patient.,Uncertain,Normal/Ignore,Allow,False
uncertain_incomplete_authority_boundary,Only a screenshot is available for a possible cloned account; RC5 development 23 for a client.,Uncertain,Normal/Ignore,Allow,False
uncertain_incomplete_authority_boundary,A profile may be impersonating a person while account provenance is unknown; RC5 development 24 for a resident.,Uncertain,Normal/Ignore,Allow,False
uncertain_incomplete_authority_boundary,A possible account using login credentials is described while authorization cannot be verified; RC5 development 25 for a member.,Uncertain,Normal/Ignore,Allow,False
uncertain_incomplete_authority_boundary,A fake support profile may be posing as official while authenticity is unclear; RC5 development 26 for a patient.,Uncertain,Normal/Ignore,Allow,False
uncertain_incomplete_authority_boundary,Only a screenshot is available for a possible cloned account; RC5 development 27 for a client.,Uncertain,Normal/Ignore,Allow,False
uncertain_incomplete_authority_boundary,A profile may be impersonating a person while account provenance is unknown; RC5 development 28 for a resident.,Uncertain,Normal/Ignore,Allow,False
uncertain_incomplete_authority_boundary,A possible account using login credentials is described while authorization cannot be verified; RC5 development 29 for a member.,Uncertain,Normal/Ignore,Allow,False
uncertain_incomplete_authority_boundary,A fake support profile may be posing as official while authenticity is unclear; RC5 development 30 for a patient.,Uncertain,Normal/Ignore,Allow,False
uncertain_incomplete_authority_boundary,Only a screenshot is available for a possible cloned account; RC5 development 31 for a client.,Uncertain,Normal/Ignore,Allow,False
uncertain_incomplete_authority_boundary,A profile may be impersonating a person while account provenance is unknown; RC5 development 32 for a resident.,Uncertain,Normal/Ignore,Allow,False
uncertain_incomplete_authority_boundary,A possible account using login credentials is described while authorization cannot be verified; RC5 development 33 for a member.,Uncertain,Normal/Ignore,Allow,False
uncertain_incomplete_authority_boundary,A fake support profile may be posing as official while authenticity is unclear; RC5 development 34 for a patient.,Uncertain,Normal/Ignore,Allow,False
uncertain_incomplete_authority_boundary,Only a screenshot is available for a possible cloned account; RC5 development 35 for a client.,Uncertain,Normal/Ignore,Allow,False
uncertain_incomplete_authority_boundary,A profile may be impersonating a person while account provenance is unknown; RC5 development 36 for a resident.,Uncertain,Normal/Ignore,Allow,False
uncertain_incomplete_authority_boundary,A possible account using login credentials is described while authorization cannot be verified; RC5 development 37 for a member.,Uncertain,Normal/Ignore,Allow,False
uncertain_incomplete_authority_boundary,A fake support profile may be posing as official while authenticity is unclear; RC5 development 38 for a patient.,Uncertain,Normal/Ignore,Allow,False
uncertain_incomplete_authority_boundary,Only a screenshot is available for a possible cloned account; RC5 development 39 for a client.,Uncertain,Normal/Ignore,Allow,False
uncertain_incomplete_authority_boundary,A profile may be impersonating a person while account provenance is unknown; RC5 development 40 for a resident.,Uncertain,Normal/Ignore,Allow,False
uncertain_incomplete_authority_boundary,A possible account using login credentials is described while authorization cannot be verified; RC5 development 41 for a member.,Uncertain,Normal/Ignore,Allow,False
uncertain_incomplete_authority_boundary,A fake support profile may be posing as official while authenticity is unclear; RC5 development 42 for a patient.,Uncertain,Normal/Ignore,Allow,False
uncertain_incomplete_authority_boundary,Only a screenshot is available for a possible cloned account; RC5 development 43 for a client.,Uncertain,Normal/Ignore,Allow,False
uncertain_incomplete_authority_boundary,A profile may be impersonating a person while account provenance is unknown; RC5 development 44 for a resident.,Uncertain,Normal/Ignore,Allow,False
uncertain_incomplete_authority_boundary,A possible account using login credentials is described while authorization cannot be verified; RC5 development 45 for a member.,Uncertain,Normal/Ignore,Allow,False
uncertain_incomplete_authority_boundary,A fake support profile may be posing as official while authenticity is unclear; RC5 development 46 for a patient.,Uncertain,Normal/Ignore,Allow,False
uncertain_incomplete_authority_boundary,Only a screenshot is available for a possible cloned account; RC5 development 47 for a client.,Uncertain,Normal/Ignore,Allow,False
uncertain_incomplete_authority_boundary,A profile may be impersonating a person while account provenance is unknown; RC5 development 48 for a resident.,Uncertain,Normal/Ignore,Allow,False
uncertain_incomplete_authority_boundary,A possible account using login credentials is described while authorization cannot be verified; RC5 development 49 for a member.,Uncertain,Normal/Ignore,Allow,False
uncertain_incomplete_authority_boundary,A fake support profile may be posing as official while authenticity is unclear; RC5 development 50 for a patient.,Uncertain,Normal/Ignore,Allow,False
uncertain_incomplete_authority_boundary,Only a screenshot is available for a possible cloned account; RC5 development 51 for a client.,Uncertain,Normal/Ignore,Allow,False
uncertain_incomplete_authority_boundary,A profile may be impersonating a person while account provenance is unknown; RC5 development 52 for a resident.,Uncertain,Normal/Ignore,Allow,False
uncertain_incomplete_authority_boundary,A possible account using login credentials is described while authorization cannot be verified; RC5 development 53 for a member.,Uncertain,Normal/Ignore,Allow,False
uncertain_incomplete_authority_boundary,A fake support profile may be posing as official while authenticity is unclear; RC5 development 54 for a patient.,Uncertain,Normal/Ignore,Allow,False
uncertain_incomplete_authority_boundary,Only a screenshot is available for a possible cloned account; RC5 development 55 for a client.,Uncertain,Normal/Ignore,Allow,False
uncertain_incomplete_authority_boundary,A profile may be impersonating a person while account provenance is unknown; RC5 development 56 for a resident.,Uncertain,Normal/Ignore,Allow,False
uncertain_incomplete_authority_boundary,A possible account using login credentials is described while authorization cannot be verified; RC5 development 57 for a member.,Uncertain,Normal/Ignore,Allow,False
uncertain_incomplete_authority_boundary,A fake support profile may be posing as official while authenticity is unclear; RC5 development 58 for a patient.,Uncertain,Normal/Ignore,Allow,False
uncertain_incomplete_authority_boundary,Only a screenshot is available for a possible cloned account; RC5 development 59 for a client.,Uncertain,Normal/Ignore,Allow,False
uncertain_incomplete_authority_boundary,A profile may be impersonating a person while account provenance is unknown; RC5 development 60 for a resident.,Uncertain,Normal/Ignore,Allow,False
uncertain_incomplete_authority_boundary,A possible account using login credentials is described while authorization cannot be verified; RC5 development 61 for a member.,Uncertain,Normal/Ignore,Allow,False
uncertain_incomplete_authority_boundary,A fake support profile may be posing as official while authenticity is unclear; RC5 development 62 for a patient.,Uncertain,Normal/Ignore,Allow,False
uncertain_incomplete_authority_boundary,Only a screenshot is available for a possible cloned account; RC5 development 63 for a client.,Uncertain,Normal/Ignore,Allow,False
uncertain_incomplete_authority_boundary,A profile may be impersonating a person while account provenance is unknown; RC5 development 64 for a resident.,Uncertain,Normal/Ignore,Allow,False
uncertain_incomplete_authority_boundary,A possible account using login credentials is described while authorization cannot be verified; RC5 development 65 for a member.,Uncertain,Normal/Ignore,Allow,False
uncertain_incomplete_authority_boundary,A fake support profile may be posing as official while authenticity is unclear; RC5 development 66 for a patient.,Uncertain,Normal/Ignore,Allow,False
uncertain_incomplete_authority_boundary,Only a screenshot is available for a possible cloned account; RC5 development 67 for a client.,Uncertain,Normal/Ignore,Allow,False
uncertain_incomplete_authority_boundary,A profile may be impersonating a person while account provenance is unknown; RC5 development 68 for a resident.,Uncertain,Normal/Ignore,Allow,False
uncertain_incomplete_authority_boundary,A possible account using login credentials is described while authorization cannot be verified; RC5 development 69 for a member.,Uncertain,Normal/Ignore,Allow,False
uncertain_incomplete_authority_boundary,A fake support profile may be posing as official while authenticity is unclear; RC5 development 70 for a patient.,Uncertain,Normal/Ignore,Allow,False
uncertain_incomplete_authority_boundary,Only a screenshot is available for a possible cloned account; RC5 development 71 for a client.,Uncertain,Normal/Ignore,Allow,False
uncertain_incomplete_authority_boundary,A profile may be impersonating a person while account provenance is unknown; RC5 development 72 for a resident.,Uncertain,Normal/Ignore,Allow,False
uncertain_incomplete_authority_boundary,A possible account using login credentials is described while authorization cannot be verified; RC5 development 73 for a member.,Uncertain,Normal/Ignore,Allow,False
uncertain_incomplete_authority_boundary,A fake support profile may be posing as official while authenticity is unclear; RC5 development 74 for a patient.,Uncertain,Normal/Ignore,Allow,False
uncertain_incomplete_authority_boundary,Only a screenshot is available for a possible cloned account; RC5 development 75 for a client.,Uncertain,Normal/Ignore,Allow,False
uncertain_incomplete_authority_boundary,A profile may be impersonating a person while account provenance is unknown; RC5 development 76 for a resident.,Uncertain,Normal/Ignore,Allow,False
uncertain_incomplete_authority_boundary,A possible account using login credentials is described while authorization cannot be verified; RC5 development 77 for a member.,Uncertain,Normal/Ignore,Allow,False
uncertain_incomplete_authority_boundary,A fake support profile may be posing as official while authenticity is unclear; RC5 development 78 for a patient.,Uncertain,Normal/Ignore,Allow,False
uncertain_incomplete_authority_boundary,Only a screenshot is available for a possible cloned account; RC5 development 79 for a client.,Uncertain,Normal/Ignore,Allow,False
uncertain_incomplete_authority_boundary,A profile may be impersonating a person while account provenance is unknown; RC5 development 80 for a resident.,Uncertain,Normal/Ignore,Allow,False
uncertain_incomplete_authority_boundary,A possible account using login credentials is described while authorization cannot be verified; RC5 development 81 for a member.,Uncertain,Normal/Ignore,Allow,False
uncertain_incomplete_authority_boundary,A fake support profile may be posing as official while authenticity is unclear; RC5 development 82 for a patient.,Uncertain,Normal/Ignore,Allow,False
uncertain_incomplete_authority_boundary,Only a screenshot is available for a possible cloned account; RC5 development 83 for a client.,Uncertain,Normal/Ignore,Allow,False
uncertain_incomplete_authority_boundary,A profile may be impersonating a person while account provenance is unknown; RC5 development 84 for a resident.,Uncertain,Normal/Ignore,Allow,False
uncertain_incomplete_authority_boundary,A possible account using login credentials is described while authorization cannot be verified; RC5 development 85 for a member.,Uncertain,Normal/Ignore,Allow,False
uncertain_incomplete_authority_boundary,A fake support profile may be posing as official while authenticity is unclear; RC5 development 86 for a patient.,Uncertain,Normal/Ignore,Allow,False
uncertain_incomplete_authority_boundary,Only a screenshot is available for a possible cloned account; RC5 development 87 for a client.,Uncertain,Normal/Ignore,Allow,False
uncertain_incomplete_authority_boundary,A profile may be impersonating a person while account provenance is unknown; RC5 development 88 for a resident.,Uncertain,Normal/Ignore,Allow,False
uncertain_incomplete_authority_boundary,A possible account using login credentials is described while authorization cannot be verified; RC5 development 89 for a member.,Uncertain,Normal/Ignore,Allow,False
uncertain_incomplete_authority_boundary,A fake support profile may be posing as official while authenticity is unclear; RC5 development 90 for a patient.,Uncertain,Normal/Ignore,Allow,False
uncertain_incomplete_authority_boundary,Only a screenshot is available for a possible cloned account; RC5 development 91 for a client.,Uncertain,Normal/Ignore,Allow,False
uncertain_incomplete_authority_boundary,A profile may be impersonating a person while account provenance is unknown; RC5 development 92 for a resident.,Uncertain,Normal/Ignore,Allow,False
uncertain_incomplete_authority_boundary,A possible account using login credentials is described while authorization cannot be verified; RC5 development 93 for a member.,Uncertain,Normal/Ignore,Allow,False
uncertain_incomplete_authority_boundary,A fake support profile may be posing as official while authenticity is unclear; RC5 development 94 for a patient.,Uncertain,Normal/Ignore,Allow,False
uncertain_incomplete_authority_boundary,Only a screenshot is available for a possible cloned account; RC5 development 95 for a client.,Uncertain,Normal/Ignore,Allow,False
uncertain_incomplete_authority_boundary,A profile may be impersonating a person while account provenance is unknown; RC5 development 96 for a resident.,Uncertain,Normal/Ignore,Allow,False
uncertain_incomplete_authority_boundary,A possible account using login credentials is described while authorization cannot be verified; RC5 development 97 for a member.,Uncertain,Normal/Ignore,Allow,False
uncertain_incomplete_authority_boundary,A fake support profile may be posing as official while authenticity is unclear; RC5 development 98 for a patient.,Uncertain,Normal/Ignore,Allow,False
uncertain_incomplete_authority_boundary,Only a screenshot is available for a possible cloned account; RC5 development 99 for a client.,Uncertain,Normal/Ignore,Allow,False
uncertain_incomplete_authority_boundary,A profile may be impersonating a person while account provenance is unknown; RC5 development 100 for a resident.,Uncertain,Normal/Ignore,Allow,False
safe_and_weak_identity_boundary,Written authorization confirms the approved representative; RC5 safe 1 for a member.,Normal/Ignore,Normal/Ignore,Allow,False
safe_and_weak_identity_boundary,A clearly labelled parody claims no official affiliation; RC5 safe 2 for a patient.,Normal/Ignore,Normal/Ignore,Allow,False
safe_and_weak_identity_boundary,A news report discusses identity theft and no active account is described; RC5 safe 3 for a client.,Normal/Ignore,Normal/Ignore,Allow,False
safe_and_weak_identity_boundary,"A page has the same name, but no misuse or victim impact is described; RC5 weak 4 for a resident.",Normal/Ignore,Normal/Ignore,Allow,False
safe_and_weak_identity_boundary,Written authorization confirms the approved representative; RC5 safe 5 for a member.,Normal/Ignore,Normal/Ignore,Allow,False
safe_and_weak_identity_boundary,A clearly labelled parody claims no official affiliation; RC5 safe 6 for a patient.,Normal/Ignore,Normal/Ignore,Allow,False
safe_and_weak_identity_boundary,A news report discusses identity theft and no active account is described; RC5 safe 7 for a client.,Normal/Ignore,Normal/Ignore,Allow,False
safe_and_weak_identity_boundary,"A page has the same name, but no misuse or victim impact is described; RC5 weak 8 for a resident.",Normal/Ignore,Normal/Ignore,Allow,False
safe_and_weak_identity_boundary,Written authorization confirms the approved representative; RC5 safe 9 for a member.,Normal/Ignore,Normal/Ignore,Allow,False
safe_and_weak_identity_boundary,A clearly labelled parody claims no official affiliation; RC5 safe 10 for a patient.,Normal/Ignore,Normal/Ignore,Allow,False
safe_and_weak_identity_boundary,A news report discusses identity theft and no active account is described; RC5 safe 11 for a client.,Normal/Ignore,Normal/Ignore,Allow,False
safe_and_weak_identity_boundary,"A page has the same name, but no misuse or victim impact is described; RC5 weak 12 for a resident.",Normal/Ignore,Normal/Ignore,Allow,False
safe_and_weak_identity_boundary,Written authorization confirms the approved representative; RC5 safe 13 for a member.,Normal/Ignore,Normal/Ignore,Allow,False
safe_and_weak_identity_boundary,A clearly labelled parody claims no official affiliation; RC5 safe 14 for a patient.,Normal/Ignore,Normal/Ignore,Allow,False
safe_and_weak_identity_boundary,A news report discusses identity theft and no active account is described; RC5 safe 15 for a client.,Normal/Ignore,Normal/Ignore,Allow,False
safe_and_weak_identity_boundary,"A page has the same name, but no misuse or victim impact is described; RC5 weak 16 for a resident.",Normal/Ignore,Normal/Ignore,Allow,False
safe_and_weak_identity_boundary,Written authorization confirms the approved representative; RC5 safe 17 for a member.,Normal/Ignore,Normal/Ignore,Allow,False
safe_and_weak_identity_boundary,A clearly labelled parody claims no official affiliation; RC5 safe 18 for a patient.,Normal/Ignore,Normal/Ignore,Allow,False
safe_and_weak_identity_boundary,A news report discusses identity theft and no active account is described; RC5 safe 19 for a client.,Normal/Ignore,Normal/Ignore,Allow,False
safe_and_weak_identity_boundary,"A page has the same name, but no misuse or victim impact is described; RC5 weak 20 for a resident.",Normal/Ignore,Normal/Ignore,Allow,False
safe_and_weak_identity_boundary,Written authorization confirms the approved representative; RC5 safe 21 for a member.,Normal/Ignore,Normal/Ignore,Allow,False
safe_and_weak_identity_boundary,A clearly labelled parody claims no official affiliation; RC5 safe 22 for a patient.,Normal/Ignore,Normal/Ignore,Allow,False
safe_and_weak_identity_boundary,A news report discusses identity theft and no active account is described; RC5 safe 23 for a client.,Normal/Ignore,Normal/Ignore,Allow,False
safe_and_weak_identity_boundary,"A page has the same name, but no misuse or victim impact is described; RC5 weak 24 for a resident.",Normal/Ignore,Normal/Ignore,Allow,False
safe_and_weak_identity_boundary,Written authorization confirms the approved representative; RC5 safe 25 for a member.,Normal/Ignore,Normal/Ignore,Allow,False
safe_and_weak_identity_boundary,A clearly labelled parody claims no official affiliation; RC5 safe 26 for a patient.,Normal/Ignore,Normal/Ignore,Allow,False
safe_and_weak_identity_boundary,A news report discusses identity theft and no active account is described; RC5 safe 27 for a client.,Normal/Ignore,Normal/Ignore,Allow,False
safe_and_weak_identity_boundary,"A page has the same name, but no misuse or victim impact is described; RC5 weak 28 for a resident.",Normal/Ignore,Normal/Ignore,Allow,False
safe_and_weak_identity_boundary,Written authorization confirms the approved representative; RC5 safe 29 for a member.,Normal/Ignore,Normal/Ignore,Allow,False
safe_and_weak_identity_boundary,A clearly labelled parody claims no official affiliation; RC5 safe 30 for a patient.,Normal/Ignore,Normal/Ignore,Allow,False
safe_and_weak_identity_boundary,A news report discusses identity theft and no active account is described; RC5 safe 31 for a client.,Normal/Ignore,Normal/Ignore,Allow,False
safe_and_weak_identity_boundary,"A page has the same name, but no misuse or victim impact is described; RC5 weak 32 for a resident.",Normal/Ignore,Normal/Ignore,Allow,False
safe_and_weak_identity_boundary,Written authorization confirms the approved representative; RC5 safe 33 for a member.,Normal/Ignore,Normal/Ignore,Allow,False
safe_and_weak_identity_boundary,A clearly labelled parody claims no official affiliation; RC5 safe 34 for a patient.,Normal/Ignore,Normal/Ignore,Allow,False
safe_and_weak_identity_boundary,A news report discusses identity theft and no active account is described; RC5 safe 35 for a client.,Normal/Ignore,Normal/Ignore,Allow,False
safe_and_weak_identity_boundary,"A page has the same name, but no misuse or victim impact is described; RC5 weak 36 for a resident.",Normal/Ignore,Normal/Ignore,Allow,False
safe_and_weak_identity_boundary,Written authorization confirms the approved representative; RC5 safe 37 for a member.,Normal/Ignore,Normal/Ignore,Allow,False
safe_and_weak_identity_boundary,A clearly labelled parody claims no official affiliation; RC5 safe 38 for a patient.,Normal/Ignore,Normal/Ignore,Allow,False
safe_and_weak_identity_boundary,A news report discusses identity theft and no active account is described; RC5 safe 39 for a client.,Normal/Ignore,Normal/Ignore,Allow,False
safe_and_weak_identity_boundary,"A page has the same name, but no misuse or victim impact is described; RC5 weak 40 for a resident.",Normal/Ignore,Normal/Ignore,Allow,False
safe_and_weak_identity_boundary,Written authorization confirms the approved representative; RC5 safe 41 for a member.,Normal/Ignore,Normal/Ignore,Allow,False
safe_and_weak_identity_boundary,A clearly labelled parody claims no official affiliation; RC5 safe 42 for a patient.,Normal/Ignore,Normal/Ignore,Allow,False
safe_and_weak_identity_boundary,A news report discusses identity theft and no active account is described; RC5 safe 43 for a client.,Normal/Ignore,Normal/Ignore,Allow,False
safe_and_weak_identity_boundary,"A page has the same name, but no misuse or victim impact is described; RC5 weak 44 for a resident.",Normal/Ignore,Normal/Ignore,Allow,False
safe_and_weak_identity_boundary,Written authorization confirms the approved representative; RC5 safe 45 for a member.,Normal/Ignore,Normal/Ignore,Allow,False
safe_and_weak_identity_boundary,A clearly labelled parody claims no official affiliation; RC5 safe 46 for a patient.,Normal/Ignore,Normal/Ignore,Allow,False
safe_and_weak_identity_boundary,A news report discusses identity theft and no active account is described; RC5 safe 47 for a client.,Normal/Ignore,Normal/Ignore,Allow,False
safe_and_weak_identity_boundary,"A page has the same name, but no misuse or victim impact is described; RC5 weak 48 for a resident.",Normal/Ignore,Normal/Ignore,Allow,False
safe_and_weak_identity_boundary,Written authorization confirms the approved representative; RC5 safe 49 for a member.,Normal/Ignore,Normal/Ignore,Allow,False
safe_and_weak_identity_boundary,A clearly labelled parody claims no official affiliation; RC5 safe 50 for a patient.,Normal/Ignore,Normal/Ignore,Allow,False
safe_and_weak_identity_boundary,A news report discusses identity theft and no active account is described; RC5 safe 51 for a client.,Normal/Ignore,Normal/Ignore,Allow,False
safe_and_weak_identity_boundary,"A page has the same name, but no misuse or victim impact is described; RC5 weak 52 for a resident.",Normal/Ignore,Normal/Ignore,Allow,False
safe_and_weak_identity_boundary,Written authorization confirms the approved representative; RC5 safe 53 for a member.,Normal/Ignore,Normal/Ignore,Allow,False
safe_and_weak_identity_boundary,A clearly labelled parody claims no official affiliation; RC5 safe 54 for a patient.,Normal/Ignore,Normal/Ignore,Allow,False
safe_and_weak_identity_boundary,A news report discusses identity theft and no active account is described; RC5 safe 55 for a client.,Normal/Ignore,Normal/Ignore,Allow,False
safe_and_weak_identity_boundary,"A page has the same name, but no misuse or victim impact is described; RC5 weak 56 for a resident.",Normal/Ignore,Normal/Ignore,Allow,False
safe_and_weak_identity_boundary,Written authorization confirms the approved representative; RC5 safe 57 for a member.,Normal/Ignore,Normal/Ignore,Allow,False
safe_and_weak_identity_boundary,A clearly labelled parody claims no official affiliation; RC5 safe 58 for a patient.,Normal/Ignore,Normal/Ignore,Allow,False
safe_and_weak_identity_boundary,A news report discusses identity theft and no active account is described; RC5 safe 59 for a client.,Normal/Ignore,Normal/Ignore,Allow,False
safe_and_weak_identity_boundary,"A page has the same name, but no misuse or victim impact is described; RC5 weak 60 for a resident.",Normal/Ignore,Normal/Ignore,Allow,False
safe_and_weak_identity_boundary,Written authorization confirms the approved representative; RC5 safe 61 for a member.,Normal/Ignore,Normal/Ignore,Allow,False
safe_and_weak_identity_boundary,A clearly labelled parody claims no official affiliation; RC5 safe 62 for a patient.,Normal/Ignore,Normal/Ignore,Allow,False
safe_and_weak_identity_boundary,A news report discusses identity theft and no active account is described; RC5 safe 63 for a client.,Normal/Ignore,Normal/Ignore,Allow,False
safe_and_weak_identity_boundary,"A page has the same name, but no misuse or victim impact is described; RC5 weak 64 for a resident.",Normal/Ignore,Normal/Ignore,Allow,False
safe_and_weak_identity_boundary,Written authorization confirms the approved representative; RC5 safe 65 for a member.,Normal/Ignore,Normal/Ignore,Allow,False
safe_and_weak_identity_boundary,A clearly labelled parody claims no official affiliation; RC5 safe 66 for a patient.,Normal/Ignore,Normal/Ignore,Allow,False
safe_and_weak_identity_boundary,A news report discusses identity theft and no active account is described; RC5 safe 67 for a client.,Normal/Ignore,Normal/Ignore,Allow,False
safe_and_weak_identity_boundary,"A page has the same name, but no misuse or victim impact is described; RC5 weak 68 for a resident.",Normal/Ignore,Normal/Ignore,Allow,False
safe_and_weak_identity_boundary,Written authorization confirms the approved representative; RC5 safe 69 for a member.,Normal/Ignore,Normal/Ignore,Allow,False
safe_and_weak_identity_boundary,A clearly labelled parody claims no official affiliation; RC5 safe 70 for a patient.,Normal/Ignore,Normal/Ignore,Allow,False
safe_and_weak_identity_boundary,A news report discusses identity theft and no active account is described; RC5 safe 71 for a client.,Normal/Ignore,Normal/Ignore,Allow,False
safe_and_weak_identity_boundary,"A page has the same name, but no misuse or victim impact is described; RC5 weak 72 for a resident.",Normal/Ignore,Normal/Ignore,Allow,False
safe_and_weak_identity_boundary,Written authorization confirms the approved representative; RC5 safe 73 for a member.,Normal/Ignore,Normal/Ignore,Allow,False
safe_and_weak_identity_boundary,A clearly labelled parody claims no official affiliation; RC5 safe 74 for a patient.,Normal/Ignore,Normal/Ignore,Allow,False
safe_and_weak_identity_boundary,A news report discusses identity theft and no active account is described; RC5 safe 75 for a client.,Normal/Ignore,Normal/Ignore,Allow,False
safe_and_weak_identity_boundary,"A page has the same name, but no misuse or victim impact is described; RC5 weak 76 for a resident.",Normal/Ignore,Normal/Ignore,Allow,False
safe_and_weak_identity_boundary,Written authorization confirms the approved representative; RC5 safe 77 for a member.,Normal/Ignore,Normal/Ignore,Allow,False
safe_and_weak_identity_boundary,A clearly labelled parody claims no official affiliation; RC5 safe 78 for a patient.,Normal/Ignore,Normal/Ignore,Allow,False
safe_and_weak_identity_boundary,A news report discusses identity theft and no active account is described; RC5 safe 79 for a client.,Normal/Ignore,Normal/Ignore,Allow,False
safe_and_weak_identity_boundary,"A page has the same name, but no misuse or victim impact is described; RC5 weak 80 for a resident.",Normal/Ignore,Normal/Ignore,Allow,False
safe_and_weak_identity_boundary,Written authorization confirms the approved representative; RC5 safe 81 for a member.,Normal/Ignore,Normal/Ignore,Allow,False
safe_and_weak_identity_boundary,A clearly labelled parody claims no official affiliation; RC5 safe 82 for a patient.,Normal/Ignore,Normal/Ignore,Allow,False
safe_and_weak_identity_boundary,A news report discusses identity theft and no active account is described; RC5 safe 83 for a client.,Normal/Ignore,Normal/Ignore,Allow,False
safe_and_weak_identity_boundary,"A page has the same name, but no misuse or victim impact is described; RC5 weak 84 for a resident.",Normal/Ignore,Normal/Ignore,Allow,False
safe_and_weak_identity_boundary,Written authorization confirms the approved representative; RC5 safe 85 for a member.,Normal/Ignore,Normal/Ignore,Allow,False
safe_and_weak_identity_boundary,A clearly labelled parody claims no official affiliation; RC5 safe 86 for a patient.,Normal/Ignore,Normal/Ignore,Allow,False
safe_and_weak_identity_boundary,A news report discusses identity theft and no active account is described; RC5 safe 87 for a client.,Normal/Ignore,Normal/Ignore,Allow,False
safe_and_weak_identity_boundary,"A page has the same name, but no misuse or victim impact is described; RC5 weak 88 for a resident.",Normal/Ignore,Normal/Ignore,Allow,False
safe_and_weak_identity_boundary,Written authorization confirms the approved representative; RC5 safe 89 for a member.,Normal/Ignore,Normal/Ignore,Allow,False
safe_and_weak_identity_boundary,A clearly labelled parody claims no official affiliation; RC5 safe 90 for a patient.,Normal/Ignore,Normal/Ignore,Allow,False
safe_and_weak_identity_boundary,A news report discusses identity theft and no active account is described; RC5 safe 91 for a client.,Normal/Ignore,Normal/Ignore,Allow,False
safe_and_weak_identity_boundary,"A page has the same name, but no misuse or victim impact is described; RC5 weak 92 for a resident.",Normal/Ignore,Normal/Ignore,Allow,False
safe_and_weak_identity_boundary,Written authorization confirms the approved representative; RC5 safe 93 for a member.,Normal/Ignore,Normal/Ignore,Allow,False
safe_and_weak_identity_boundary,A clearly labelled parody claims no official affiliation; RC5 safe 94 for a patient.,Normal/Ignore,Normal/Ignore,Allow,False
safe_and_weak_identity_boundary,A news report discusses identity theft and no active account is described; RC5 safe 95 for a client.,Normal/Ignore,Normal/Ignore,Allow,False
safe_and_weak_identity_boundary,"A page has the same name, but no misuse or victim impact is described; RC5 weak 96 for a resident.",Normal/Ignore,Normal/Ignore,Allow,False
safe_and_weak_identity_boundary,Written authorization confirms the approved representative; RC5 safe 97 for a member.,Normal/Ignore,Normal/Ignore,Allow,False
safe_and_weak_identity_boundary,A clearly labelled parody claims no official affiliation; RC5 safe 98 for a patient.,Normal/Ignore,Normal/Ignore,Allow,False
safe_and_weak_identity_boundary,A news report discusses identity theft and no active account is described; RC5 safe 99 for a client.,Normal/Ignore,Normal/Ignore,Allow,False
safe_and_weak_identity_boundary,"A page has the same name, but no misuse or victim impact is described; RC5 weak 100 for a resident.",Normal/Ignore,Normal/Ignore,Allow,False
established_owner_isolation,"This user uses stolen credentials and accessed an account, while an existing Child Exploitation owner controls the case; RC5 development owner 1.",Child Exploitation,Child Exploitation,Block and immediately escalate,True
established_owner_isolation,"This user uses stolen credentials and accessed an account, while an existing Publishing Private Information owner controls the case; RC5 development owner 2.",Publishing Private Information,Publishing Private Information,Refer to human review,True
established_owner_isolation,"This user uses stolen credentials and accessed an account, while an existing Spam, Scam & Phishing owner controls the case; RC5 development owner 3.","Spam, Scam & Phishing","Spam, Scam & Phishing","Block, warn, or limit distribution",True
established_owner_isolation,"This user uses stolen credentials and accessed an account, while an existing Illegal Activities owner controls the case; RC5 development owner 4.",Illegal Activities,Illegal Activities,Block or restrict and escalate,True
established_owner_isolation,"This user uses stolen credentials and accessed an account, while an existing Malicious Programs owner controls the case; RC5 development owner 5.",Malicious Programs,Malicious Programs,Block and send for security review,True
established_owner_isolation,"This user uses stolen credentials and accessed an account, while an existing Child Exploitation owner controls the case; RC5 development owner 6.",Child Exploitation,Child Exploitation,Block and immediately escalate,True
established_owner_isolation,"This user uses stolen credentials and accessed an account, while an existing Publishing Private Information owner controls the case; RC5 development owner 7.",Publishing Private Information,Publishing Private Information,Refer to human review,True
established_owner_isolation,"This user uses stolen credentials and accessed an account, while an existing Spam, Scam & Phishing owner controls the case; RC5 development owner 8.","Spam, Scam & Phishing","Spam, Scam & Phishing","Block, warn, or limit distribution",True
established_owner_isolation,"This user uses stolen credentials and accessed an account, while an existing Illegal Activities owner controls the case; RC5 development owner 9.",Illegal Activities,Illegal Activities,Block or restrict and escalate,True
established_owner_isolation,"This user uses stolen credentials and accessed an account, while an existing Malicious Programs owner controls the case; RC5 development owner 10.",Malicious Programs,Malicious Programs,Block and send for security review,True
established_owner_isolation,"This user uses stolen credentials and accessed an account, while an existing Child Exploitation owner controls the case; RC5 development owner 11.",Child Exploitation,Child Exploitation,Block and immediately escalate,True
established_owner_isolation,"This user uses stolen credentials and accessed an account, while an existing Publishing Private Information owner controls the case; RC5 development owner 12.",Publishing Private Information,Publishing Private Information,Refer to human review,True
established_owner_isolation,"This user uses stolen credentials and accessed an account, while an existing Spam, Scam & Phishing owner controls the case; RC5 development owner 13.","Spam, Scam & Phishing","Spam, Scam & Phishing","Block, warn, or limit distribution",True
established_owner_isolation,"This user uses stolen credentials and accessed an account, while an existing Illegal Activities owner controls the case; RC5 development owner 14.",Illegal Activities,Illegal Activities,Block or restrict and escalate,True
established_owner_isolation,"This user uses stolen credentials and accessed an account, while an existing Malicious Programs owner controls the case; RC5 development owner 15.",Malicious Programs,Malicious Programs,Block and send for security review,True
established_owner_isolation,"This user uses stolen credentials and accessed an account, while an existing Child Exploitation owner controls the case; RC5 development owner 16.",Child Exploitation,Child Exploitation,Block and immediately escalate,True
established_owner_isolation,"This user uses stolen credentials and accessed an account, while an existing Publishing Private Information owner controls the case; RC5 development owner 17.",Publishing Private Information,Publishing Private Information,Refer to human review,True
established_owner_isolation,"This user uses stolen credentials and accessed an account, while an existing Spam, Scam & Phishing owner controls the case; RC5 development owner 18.","Spam, Scam & Phishing","Spam, Scam & Phishing","Block, warn, or limit distribution",True
established_owner_isolation,"This user uses stolen credentials and accessed an account, while an existing Illegal Activities owner controls the case; RC5 development owner 19.",Illegal Activities,Illegal Activities,Block or restrict and escalate,True
established_owner_isolation,"This user uses stolen credentials and accessed an account, while an existing Malicious Programs owner controls the case; RC5 development owner 20.",Malicious Programs,Malicious Programs,Block and send for security review,True
established_owner_isolation,"This user uses stolen credentials and accessed an account, while an existing Child Exploitation owner controls the case; RC5 development owner 21.",Child Exploitation,Child Exploitation,Block and immediately escalate,True
established_owner_isolation,"This user uses stolen credentials and accessed an account, while an existing Publishing Private Information owner controls the case; RC5 development owner 22.",Publishing Private Information,Publishing Private Information,Refer to human review,True
established_owner_isolation,"This user uses stolen credentials and accessed an account, while an existing Spam, Scam & Phishing owner controls the case; RC5 development owner 23.","Spam, Scam & Phishing","Spam, Scam & Phishing","Block, warn, or limit distribution",True
established_owner_isolation,"This user uses stolen credentials and accessed an account, while an existing Illegal Activities owner controls the case; RC5 development owner 24.",Illegal Activities,Illegal Activities,Block or restrict and escalate,True
established_owner_isolation,"This user uses stolen credentials and accessed an account, while an existing Malicious Programs owner controls the case; RC5 development owner 25.",Malicious Programs,Malicious Programs,Block and send for security review,True
established_owner_isolation,"This user uses stolen credentials and accessed an account, while an existing Child Exploitation owner controls the case; RC5 development owner 26.",Child Exploitation,Child Exploitation,Block and immediately escalate,True
established_owner_isolation,"This user uses stolen credentials and accessed an account, while an existing Publishing Private Information owner controls the case; RC5 development owner 27.",Publishing Private Information,Publishing Private Information,Refer to human review,True
established_owner_isolation,"This user uses stolen credentials and accessed an account, while an existing Spam, Scam & Phishing owner controls the case; RC5 development owner 28.","Spam, Scam & Phishing","Spam, Scam & Phishing","Block, warn, or limit distribution",True
established_owner_isolation,"This user uses stolen credentials and accessed an account, while an existing Illegal Activities owner controls the case; RC5 development owner 29.",Illegal Activities,Illegal Activities,Block or restrict and escalate,True
established_owner_isolation,"This user uses stolen credentials and accessed an account, while an existing Malicious Programs owner controls the case; RC5 development owner 30.",Malicious Programs,Malicious Programs,Block and send for security review,True
established_owner_isolation,"This user uses stolen credentials and accessed an account, while an existing Child Exploitation owner controls the case; RC5 development owner 31.",Child Exploitation,Child Exploitation,Block and immediately escalate,True
established_owner_isolation,"This user uses stolen credentials and accessed an account, while an existing Publishing Private Information owner controls the case; RC5 development owner 32.",Publishing Private Information,Publishing Private Information,Refer to human review,True
established_owner_isolation,"This user uses stolen credentials and accessed an account, while an existing Spam, Scam & Phishing owner controls the case; RC5 development owner 33.","Spam, Scam & Phishing","Spam, Scam & Phishing","Block, warn, or limit distribution",True
established_owner_isolation,"This user uses stolen credentials and accessed an account, while an existing Illegal Activities owner controls the case; RC5 development owner 34.",Illegal Activities,Illegal Activities,Block or restrict and escalate,True
established_owner_isolation,"This user uses stolen credentials and accessed an account, while an existing Malicious Programs owner controls the case; RC5 development owner 35.",Malicious Programs,Malicious Programs,Block and send for security review,True
established_owner_isolation,"This user uses stolen credentials and accessed an account, while an existing Child Exploitation owner controls the case; RC5 development owner 36.",Child Exploitation,Child Exploitation,Block and immediately escalate,True
established_owner_isolation,"This user uses stolen credentials and accessed an account, while an existing Publishing Private Information owner controls the case; RC5 development owner 37.",Publishing Private Information,Publishing Private Information,Refer to human review,True
established_owner_isolation,"This user uses stolen credentials and accessed an account, while an existing Spam, Scam & Phishing owner controls the case; RC5 development owner 38.","Spam, Scam & Phishing","Spam, Scam & Phishing","Block, warn, or limit distribution",True
established_owner_isolation,"This user uses stolen credentials and accessed an account, while an existing Illegal Activities owner controls the case; RC5 development owner 39.",Illegal Activities,Illegal Activities,Block or restrict and escalate,True
established_owner_isolation,"This user uses stolen credentials and accessed an account, while an existing Malicious Programs owner controls the case; RC5 development owner 40.",Malicious Programs,Malicious Programs,Block and send for security review,True
established_owner_isolation,"This user uses stolen credentials and accessed an account, while an existing Child Exploitation owner controls the case; RC5 development owner 41.",Child Exploitation,Child Exploitation,Block and immediately escalate,True
established_owner_isolation,"This user uses stolen credentials and accessed an account, while an existing Publishing Private Information owner controls the case; RC5 development owner 42.",Publishing Private Information,Publishing Private Information,Refer to human review,True
established_owner_isolation,"This user uses stolen credentials and accessed an account, while an existing Spam, Scam & Phishing owner controls the case; RC5 development owner 43.","Spam, Scam & Phishing","Spam, Scam & Phishing","Block, warn, or limit distribution",True
established_owner_isolation,"This user uses stolen credentials and accessed an account, while an existing Illegal Activities owner controls the case; RC5 development owner 44.",Illegal Activities,Illegal Activities,Block or restrict and escalate,True
established_owner_isolation,"This user uses stolen credentials and accessed an account, while an existing Malicious Programs owner controls the case; RC5 development owner 45.",Malicious Programs,Malicious Programs,Block and send for security review,True
established_owner_isolation,"This user uses stolen credentials and accessed an account, while an existing Child Exploitation owner controls the case; RC5 development owner 46.",Child Exploitation,Child Exploitation,Block and immediately escalate,True
established_owner_isolation,"This user uses stolen credentials and accessed an account, while an existing Publishing Private Information owner controls the case; RC5 development owner 47.",Publishing Private Information,Publishing Private Information,Refer to human review,True
established_owner_isolation,"This user uses stolen credentials and accessed an account, while an existing Spam, Scam & Phishing owner controls the case; RC5 development owner 48.","Spam, Scam & Phishing","Spam, Scam & Phishing","Block, warn, or limit distribution",True
established_owner_isolation,"This user uses stolen credentials and accessed an account, while an existing Illegal Activities owner controls the case; RC5 development owner 49.",Illegal Activities,Illegal Activities,Block or restrict and escalate,True
established_owner_isolation,"This user uses stolen credentials and accessed an account, while an existing Malicious Programs owner controls the case; RC5 development owner 50.",Malicious Programs,Malicious Programs,Block and send for security review,True
established_owner_isolation,"This user uses stolen credentials and accessed an account, while an existing Child Exploitation owner controls the case; RC5 development owner 51.",Child Exploitation,Child Exploitation,Block and immediately escalate,True
established_owner_isolation,"This user uses stolen credentials and accessed an account, while an existing Publishing Private Information owner controls the case; RC5 development owner 52.",Publishing Private Information,Publishing Private Information,Refer to human review,True
established_owner_isolation,"This user uses stolen credentials and accessed an account, while an existing Spam, Scam & Phishing owner controls the case; RC5 development owner 53.","Spam, Scam & Phishing","Spam, Scam & Phishing","Block, warn, or limit distribution",True
established_owner_isolation,"This user uses stolen credentials and accessed an account, while an existing Illegal Activities owner controls the case; RC5 development owner 54.",Illegal Activities,Illegal Activities,Block or restrict and escalate,True
established_owner_isolation,"This user uses stolen credentials and accessed an account, while an existing Malicious Programs owner controls the case; RC5 development owner 55.",Malicious Programs,Malicious Programs,Block and send for security review,True
established_owner_isolation,"This user uses stolen credentials and accessed an account, while an existing Child Exploitation owner controls the case; RC5 development owner 56.",Child Exploitation,Child Exploitation,Block and immediately escalate,True
established_owner_isolation,"This user uses stolen credentials and accessed an account, while an existing Publishing Private Information owner controls the case; RC5 development owner 57.",Publishing Private Information,Publishing Private Information,Refer to human review,True
established_owner_isolation,"This user uses stolen credentials and accessed an account, while an existing Spam, Scam & Phishing owner controls the case; RC5 development owner 58.","Spam, Scam & Phishing","Spam, Scam & Phishing","Block, warn, or limit distribution",True
established_owner_isolation,"This user uses stolen credentials and accessed an account, while an existing Illegal Activities owner controls the case; RC5 development owner 59.",Illegal Activities,Illegal Activities,Block or restrict and escalate,True
established_owner_isolation,"This user uses stolen credentials and accessed an account, while an existing Malicious Programs owner controls the case; RC5 development owner 60.",Malicious Programs,Malicious Programs,Block and send for security review,True
established_owner_isolation,"This user uses stolen credentials and accessed an account, while an existing Child Exploitation owner controls the case; RC5 development owner 61.",Child Exploitation,Child Exploitation,Block and immediately escalate,True
established_owner_isolation,"This user uses stolen credentials and accessed an account, while an existing Publishing Private Information owner controls the case; RC5 development owner 62.",Publishing Private Information,Publishing Private Information,Refer to human review,True
established_owner_isolation,"This user uses stolen credentials and accessed an account, while an existing Spam, Scam & Phishing owner controls the case; RC5 development owner 63.","Spam, Scam & Phishing","Spam, Scam & Phishing","Block, warn, or limit distribution",True
established_owner_isolation,"This user uses stolen credentials and accessed an account, while an existing Illegal Activities owner controls the case; RC5 development owner 64.",Illegal Activities,Illegal Activities,Block or restrict and escalate,True
established_owner_isolation,"This user uses stolen credentials and accessed an account, while an existing Malicious Programs owner controls the case; RC5 development owner 65.",Malicious Programs,Malicious Programs,Block and send for security review,True
established_owner_isolation,"This user uses stolen credentials and accessed an account, while an existing Child Exploitation owner controls the case; RC5 development owner 66.",Child Exploitation,Child Exploitation,Block and immediately escalate,True
established_owner_isolation,"This user uses stolen credentials and accessed an account, while an existing Publishing Private Information owner controls the case; RC5 development owner 67.",Publishing Private Information,Publishing Private Information,Refer to human review,True
established_owner_isolation,"This user uses stolen credentials and accessed an account, while an existing Spam, Scam & Phishing owner controls the case; RC5 development owner 68.","Spam, Scam & Phishing","Spam, Scam & Phishing","Block, warn, or limit distribution",True
established_owner_isolation,"This user uses stolen credentials and accessed an account, while an existing Illegal Activities owner controls the case; RC5 development owner 69.",Illegal Activities,Illegal Activities,Block or restrict and escalate,True
established_owner_isolation,"This user uses stolen credentials and accessed an account, while an existing Malicious Programs owner controls the case; RC5 development owner 70.",Malicious Programs,Malicious Programs,Block and send for security review,True
established_owner_isolation,"This user uses stolen credentials and accessed an account, while an existing Child Exploitation owner controls the case; RC5 development owner 71.",Child Exploitation,Child Exploitation,Block and immediately escalate,True
established_owner_isolation,"This user uses stolen credentials and accessed an account, while an existing Publishing Private Information owner controls the case; RC5 development owner 72.",Publishing Private Information,Publishing Private Information,Refer to human review,True
established_owner_isolation,"This user uses stolen credentials and accessed an account, while an existing Spam, Scam & Phishing owner controls the case; RC5 development owner 73.","Spam, Scam & Phishing","Spam, Scam & Phishing","Block, warn, or limit distribution",True
established_owner_isolation,"This user uses stolen credentials and accessed an account, while an existing Illegal Activities owner controls the case; RC5 development owner 74.",Illegal Activities,Illegal Activities,Block or restrict and escalate,True
established_owner_isolation,"This user uses stolen credentials and accessed an account, while an existing Malicious Programs owner controls the case; RC5 development owner 75.",Malicious Programs,Malicious Programs,Block and send for security review,True
established_owner_isolation,"This user uses stolen credentials and accessed an account, while an existing Child Exploitation owner controls the case; RC5 development owner 76.",Child Exploitation,Child Exploitation,Block and immediately escalate,True
established_owner_isolation,"This user uses stolen credentials and accessed an account, while an existing Publishing Private Information owner controls the case; RC5 development owner 77.",Publishing Private Information,Publishing Private Information,Refer to human review,True
established_owner_isolation,"This user uses stolen credentials and accessed an account, while an existing Spam, Scam & Phishing owner controls the case; RC5 development owner 78.","Spam, Scam & Phishing","Spam, Scam & Phishing","Block, warn, or limit distribution",True
established_owner_isolation,"This user uses stolen credentials and accessed an account, while an existing Illegal Activities owner controls the case; RC5 development owner 79.",Illegal Activities,Illegal Activities,Block or restrict and escalate,True
established_owner_isolation,"This user uses stolen credentials and accessed an account, while an existing Malicious Programs owner controls the case; RC5 development owner 80.",Malicious Programs,Malicious Programs,Block and send for security review,True
established_owner_isolation,"This user uses stolen credentials and accessed an account, while an existing Child Exploitation owner controls the case; RC5 development owner 81.",Child Exploitation,Child Exploitation,Block and immediately escalate,True
established_owner_isolation,"This user uses stolen credentials and accessed an account, while an existing Publishing Private Information owner controls the case; RC5 development owner 82.",Publishing Private Information,Publishing Private Information,Refer to human review,True
established_owner_isolation,"This user uses stolen credentials and accessed an account, while an existing Spam, Scam & Phishing owner controls the case; RC5 development owner 83.","Spam, Scam & Phishing","Spam, Scam & Phishing","Block, warn, or limit distribution",True
established_owner_isolation,"This user uses stolen credentials and accessed an account, while an existing Illegal Activities owner controls the case; RC5 development owner 84.",Illegal Activities,Illegal Activities,Block or restrict and escalate,True
established_owner_isolation,"This user uses stolen credentials and accessed an account, while an existing Malicious Programs owner controls the case; RC5 development owner 85.",Malicious Programs,Malicious Programs,Block and send for security review,True
established_owner_isolation,"This user uses stolen credentials and accessed an account, while an existing Child Exploitation owner controls the case; RC5 development owner 86.",Child Exploitation,Child Exploitation,Block and immediately escalate,True
established_owner_isolation,"This user uses stolen credentials and accessed an account, while an existing Publishing Private Information owner controls the case; RC5 development owner 87.",Publishing Private Information,Publishing Private Information,Refer to human review,True
established_owner_isolation,"This user uses stolen credentials and accessed an account, while an existing Spam, Scam & Phishing owner controls the case; RC5 development owner 88.","Spam, Scam & Phishing","Spam, Scam & Phishing","Block, warn, or limit distribution",True
established_owner_isolation,"This user uses stolen credentials and accessed an account, while an existing Illegal Activities owner controls the case; RC5 development owner 89.",Illegal Activities,Illegal Activities,Block or restrict and escalate,True
established_owner_isolation,"This user uses stolen credentials and accessed an account, while an existing Malicious Programs owner controls the case; RC5 development owner 90.",Malicious Programs,Malicious Programs,Block and send for security review,True
established_owner_isolation,"This user uses stolen credentials and accessed an account, while an existing Child Exploitation owner controls the case; RC5 development owner 91.",Child Exploitation,Child Exploitation,Block and immediately escalate,True
established_owner_isolation,"This user uses stolen credentials and accessed an account, while an existing Publishing Private Information owner controls the case; RC5 development owner 92.",Publishing Private Information,Publishing Private Information,Refer to human review,True
established_owner_isolation,"This user uses stolen credentials and accessed an account, while an existing Spam, Scam & Phishing owner controls the case; RC5 development owner 93.","Spam, Scam & Phishing","Spam, Scam & Phishing","Block, warn, or limit distribution",True
established_owner_isolation,"This user uses stolen credentials and accessed an account, while an existing Illegal Activities owner controls the case; RC5 development owner 94.",Illegal Activities,Illegal Activities,Block or restrict and escalate,True
established_owner_isolation,"This user uses stolen credentials and accessed an account, while an existing Malicious Programs owner controls the case; RC5 development owner 95.",Malicious Programs,Malicious Programs,Block and send for security review,True
established_owner_isolation,"This user uses stolen credentials and accessed an account, while an existing Child Exploitation owner controls the case; RC5 development owner 96.",Child Exploitation,Child Exploitation,Block and immediately escalate,True
established_owner_isolation,"This user uses stolen credentials and accessed an account, while an existing Publishing Private Information owner controls the case; RC5 development owner 97.",Publishing Private Information,Publishing Private Information,Refer to human review,True
established_owner_isolation,"This user uses stolen credentials and accessed an account, while an existing Spam, Scam & Phishing owner controls the case; RC5 development owner 98.","Spam, Scam & Phishing","Spam, Scam & Phishing","Block, warn, or limit distribution",True
established_owner_isolation,"This user uses stolen credentials and accessed an account, while an existing Illegal Activities owner controls the case; RC5 development owner 99.",Illegal Activities,Illegal Activities,Block or restrict and escalate,True
established_owner_isolation,"This user uses stolen credentials and accessed an account, while an existing Malicious Programs owner controls the case; RC5 development owner 100.",Malicious Programs,Malicious Programs,Block and send for security review,True
