record_id,group,text,expected_category,existing_category,existing_action,existing_review
HIDDEN_CAMERA_PRIVATE_SPACE-001,hidden_camera_private_space,This user placed a hidden camera in a bedroom and recorded a resident without consent; case 1.,Invasion of Privacy,Normal/Ignore,Allow,False
HIDDEN_CAMERA_PRIVATE_SPACE-002,hidden_camera_private_space,Evidence indicates a concealed camera inside a private home filmed a tenant without permission; case 2.,Invasion of Privacy,Normal/Ignore,Allow,False
HIDDEN_CAMERA_PRIVATE_SPACE-003,hidden_camera_private_space,A credible allegation says an employee was secretly recorded in a changing room without consent; case 3.,Invasion of Privacy,Normal/Ignore,Allow,False
HIDDEN_CAMERA_PRIVATE_SPACE-004,hidden_camera_private_space,This recording used a covert camera in a hotel room against the wishes of a guest; case 4.,Invasion of Privacy,Normal/Ignore,Allow,False
HIDDEN_CAMERA_PRIVATE_SPACE-005,hidden_camera_private_space,This user placed a hidden camera in a bedroom and recorded a resident without consent; case 5.,Invasion of Privacy,Normal/Ignore,Allow,False
HIDDEN_CAMERA_PRIVATE_SPACE-006,hidden_camera_private_space,Evidence indicates a concealed camera inside a private home filmed a tenant without permission; case 6.,Invasion of Privacy,Normal/Ignore,Allow,False
HIDDEN_CAMERA_PRIVATE_SPACE-007,hidden_camera_private_space,A credible allegation says an employee was secretly recorded in a changing room without consent; case 7.,Invasion of Privacy,Normal/Ignore,Allow,False
HIDDEN_CAMERA_PRIVATE_SPACE-008,hidden_camera_private_space,This recording used a covert camera in a hotel room against the wishes of a guest; case 8.,Invasion of Privacy,Normal/Ignore,Allow,False
HIDDEN_CAMERA_PRIVATE_SPACE-009,hidden_camera_private_space,This user placed a hidden camera in a bedroom and recorded a resident without consent; case 9.,Invasion of Privacy,Normal/Ignore,Allow,False
HIDDEN_CAMERA_PRIVATE_SPACE-010,hidden_camera_private_space,Evidence indicates a concealed camera inside a private home filmed a tenant without permission; case 10.,Invasion of Privacy,Normal/Ignore,Allow,False
HIDDEN_CAMERA_PRIVATE_SPACE-011,hidden_camera_private_space,A credible allegation says an employee was secretly recorded in a changing room without consent; case 11.,Invasion of Privacy,Normal/Ignore,Allow,False
HIDDEN_CAMERA_PRIVATE_SPACE-012,hidden_camera_private_space,This recording used a covert camera in a hotel room against the wishes of a guest; case 12.,Invasion of Privacy,Normal/Ignore,Allow,False
HIDDEN_CAMERA_PRIVATE_SPACE-013,hidden_camera_private_space,This user placed a hidden camera in a bedroom and recorded a resident without consent; case 13.,Invasion of Privacy,Normal/Ignore,Allow,False
HIDDEN_CAMERA_PRIVATE_SPACE-014,hidden_camera_private_space,Evidence indicates a concealed camera inside a private home filmed a tenant without permission; case 14.,Invasion of Privacy,Normal/Ignore,Allow,False
HIDDEN_CAMERA_PRIVATE_SPACE-015,hidden_camera_private_space,A credible allegation says an employee was secretly recorded in a changing room without consent; case 15.,Invasion of Privacy,Normal/Ignore,Allow,False
HIDDEN_CAMERA_PRIVATE_SPACE-016,hidden_camera_private_space,This recording used a covert camera in a hotel room against the wishes of a guest; case 16.,Invasion of Privacy,Normal/Ignore,Allow,False
HIDDEN_CAMERA_PRIVATE_SPACE-017,hidden_camera_private_space,This user placed a hidden camera in a bedroom and recorded a resident without consent; case 17.,Invasion of Privacy,Normal/Ignore,Allow,False
HIDDEN_CAMERA_PRIVATE_SPACE-018,hidden_camera_private_space,Evidence indicates a concealed camera inside a private home filmed a tenant without permission; case 18.,Invasion of Privacy,Normal/Ignore,Allow,False
HIDDEN_CAMERA_PRIVATE_SPACE-019,hidden_camera_private_space,A credible allegation says an employee was secretly recorded in a changing room without consent; case 19.,Invasion of Privacy,Normal/Ignore,Allow,False
HIDDEN_CAMERA_PRIVATE_SPACE-020,hidden_camera_private_space,This recording used a covert camera in a hotel room against the wishes of a guest; case 20.,Invasion of Privacy,Normal/Ignore,Allow,False
HIDDEN_CAMERA_PRIVATE_SPACE-021,hidden_camera_private_space,This user placed a hidden camera in a bedroom and recorded a resident without consent; case 21.,Invasion of Privacy,Normal/Ignore,Allow,False
HIDDEN_CAMERA_PRIVATE_SPACE-022,hidden_camera_private_space,Evidence indicates a concealed camera inside a private home filmed a tenant without permission; case 22.,Invasion of Privacy,Normal/Ignore,Allow,False
HIDDEN_CAMERA_PRIVATE_SPACE-023,hidden_camera_private_space,A credible allegation says an employee was secretly recorded in a changing room without consent; case 23.,Invasion of Privacy,Normal/Ignore,Allow,False
HIDDEN_CAMERA_PRIVATE_SPACE-024,hidden_camera_private_space,This recording used a covert camera in a hotel room against the wishes of a guest; case 24.,Invasion of Privacy,Normal/Ignore,Allow,False
HIDDEN_CAMERA_PRIVATE_SPACE-025,hidden_camera_private_space,This user placed a hidden camera in a bedroom and recorded a resident without consent; case 25.,Invasion of Privacy,Normal/Ignore,Allow,False
HIDDEN_CAMERA_PRIVATE_SPACE-026,hidden_camera_private_space,Evidence indicates a concealed camera inside a private home filmed a tenant without permission; case 26.,Invasion of Privacy,Normal/Ignore,Allow,False
HIDDEN_CAMERA_PRIVATE_SPACE-027,hidden_camera_private_space,A credible allegation says an employee was secretly recorded in a changing room without consent; case 27.,Invasion of Privacy,Normal/Ignore,Allow,False
HIDDEN_CAMERA_PRIVATE_SPACE-028,hidden_camera_private_space,This recording used a covert camera in a hotel room against the wishes of a guest; case 28.,Invasion of Privacy,Normal/Ignore,Allow,False
HIDDEN_CAMERA_PRIVATE_SPACE-029,hidden_camera_private_space,This user placed a hidden camera in a bedroom and recorded a resident without consent; case 29.,Invasion of Privacy,Normal/Ignore,Allow,False
HIDDEN_CAMERA_PRIVATE_SPACE-030,hidden_camera_private_space,Evidence indicates a concealed camera inside a private home filmed a tenant without permission; case 30.,Invasion of Privacy,Normal/Ignore,Allow,False
HIDDEN_CAMERA_PRIVATE_SPACE-031,hidden_camera_private_space,A credible allegation says an employee was secretly recorded in a changing room without consent; case 31.,Invasion of Privacy,Normal/Ignore,Allow,False
HIDDEN_CAMERA_PRIVATE_SPACE-032,hidden_camera_private_space,This recording used a covert camera in a hotel room against the wishes of a guest; case 32.,Invasion of Privacy,Normal/Ignore,Allow,False
HIDDEN_CAMERA_PRIVATE_SPACE-033,hidden_camera_private_space,This user placed a hidden camera in a bedroom and recorded a resident without consent; case 33.,Invasion of Privacy,Normal/Ignore,Allow,False
HIDDEN_CAMERA_PRIVATE_SPACE-034,hidden_camera_private_space,Evidence indicates a concealed camera inside a private home filmed a tenant without permission; case 34.,Invasion of Privacy,Normal/Ignore,Allow,False
HIDDEN_CAMERA_PRIVATE_SPACE-035,hidden_camera_private_space,A credible allegation says an employee was secretly recorded in a changing room without consent; case 35.,Invasion of Privacy,Normal/Ignore,Allow,False
HIDDEN_CAMERA_PRIVATE_SPACE-036,hidden_camera_private_space,This recording used a covert camera in a hotel room against the wishes of a guest; case 36.,Invasion of Privacy,Normal/Ignore,Allow,False
HIDDEN_CAMERA_PRIVATE_SPACE-037,hidden_camera_private_space,This user placed a hidden camera in a bedroom and recorded a resident without consent; case 37.,Invasion of Privacy,Normal/Ignore,Allow,False
HIDDEN_CAMERA_PRIVATE_SPACE-038,hidden_camera_private_space,Evidence indicates a concealed camera inside a private home filmed a tenant without permission; case 38.,Invasion of Privacy,Normal/Ignore,Allow,False
HIDDEN_CAMERA_PRIVATE_SPACE-039,hidden_camera_private_space,A credible allegation says an employee was secretly recorded in a changing room without consent; case 39.,Invasion of Privacy,Normal/Ignore,Allow,False
HIDDEN_CAMERA_PRIVATE_SPACE-040,hidden_camera_private_space,This recording used a covert camera in a hotel room against the wishes of a guest; case 40.,Invasion of Privacy,Normal/Ignore,Allow,False
HIDDEN_CAMERA_PRIVATE_SPACE-041,hidden_camera_private_space,This user placed a hidden camera in a bedroom and recorded a resident without consent; case 41.,Invasion of Privacy,Normal/Ignore,Allow,False
HIDDEN_CAMERA_PRIVATE_SPACE-042,hidden_camera_private_space,Evidence indicates a concealed camera inside a private home filmed a tenant without permission; case 42.,Invasion of Privacy,Normal/Ignore,Allow,False
HIDDEN_CAMERA_PRIVATE_SPACE-043,hidden_camera_private_space,A credible allegation says an employee was secretly recorded in a changing room without consent; case 43.,Invasion of Privacy,Normal/Ignore,Allow,False
HIDDEN_CAMERA_PRIVATE_SPACE-044,hidden_camera_private_space,This recording used a covert camera in a hotel room against the wishes of a guest; case 44.,Invasion of Privacy,Normal/Ignore,Allow,False
HIDDEN_CAMERA_PRIVATE_SPACE-045,hidden_camera_private_space,This user placed a hidden camera in a bedroom and recorded a resident without consent; case 45.,Invasion of Privacy,Normal/Ignore,Allow,False
HIDDEN_CAMERA_PRIVATE_SPACE-046,hidden_camera_private_space,Evidence indicates a concealed camera inside a private home filmed a tenant without permission; case 46.,Invasion of Privacy,Normal/Ignore,Allow,False
HIDDEN_CAMERA_PRIVATE_SPACE-047,hidden_camera_private_space,A credible allegation says an employee was secretly recorded in a changing room without consent; case 47.,Invasion of Privacy,Normal/Ignore,Allow,False
HIDDEN_CAMERA_PRIVATE_SPACE-048,hidden_camera_private_space,This recording used a covert camera in a hotel room against the wishes of a guest; case 48.,Invasion of Privacy,Normal/Ignore,Allow,False
HIDDEN_CAMERA_PRIVATE_SPACE-049,hidden_camera_private_space,This user placed a hidden camera in a bedroom and recorded a resident without consent; case 49.,Invasion of Privacy,Normal/Ignore,Allow,False
HIDDEN_CAMERA_PRIVATE_SPACE-050,hidden_camera_private_space,Evidence indicates a concealed camera inside a private home filmed a tenant without permission; case 50.,Invasion of Privacy,Normal/Ignore,Allow,False
PRIVATE_AUDIO_AND_EAVESDROPPING-001,private_audio_and_eavesdropping,This user used a covert microphone to record a private conversation without consent from a resident; case 1.,Invasion of Privacy,Normal/Ignore,Allow,False
PRIVATE_AUDIO_AND_EAVESDROPPING-002,private_audio_and_eavesdropping,Evidence indicates a secret audio recording inside a private office without permission from a tenant; case 2.,Invasion of Privacy,Normal/Ignore,Allow,False
PRIVATE_AUDIO_AND_EAVESDROPPING-003,private_audio_and_eavesdropping,A credible report says the account eavesdrops behind a closed door without consent from an employee; case 3.,Invasion of Privacy,Normal/Ignore,Allow,False
PRIVATE_AUDIO_AND_EAVESDROPPING-004,private_audio_and_eavesdropping,This recording wiretaps a private conversation and a guest did not agree; case 4.,Invasion of Privacy,Normal/Ignore,Allow,False
PRIVATE_AUDIO_AND_EAVESDROPPING-005,private_audio_and_eavesdropping,This user used a covert microphone to record a private conversation without consent from a resident; case 5.,Invasion of Privacy,Normal/Ignore,Allow,False
PRIVATE_AUDIO_AND_EAVESDROPPING-006,private_audio_and_eavesdropping,Evidence indicates a secret audio recording inside a private office without permission from a tenant; case 6.,Invasion of Privacy,Normal/Ignore,Allow,False
PRIVATE_AUDIO_AND_EAVESDROPPING-007,private_audio_and_eavesdropping,A credible report says the account eavesdrops behind a closed door without consent from an employee; case 7.,Invasion of Privacy,Normal/Ignore,Allow,False
PRIVATE_AUDIO_AND_EAVESDROPPING-008,private_audio_and_eavesdropping,This recording wiretaps a private conversation and a guest did not agree; case 8.,Invasion of Privacy,Normal/Ignore,Allow,False
PRIVATE_AUDIO_AND_EAVESDROPPING-009,private_audio_and_eavesdropping,This user used a covert microphone to record a private conversation without consent from a resident; case 9.,Invasion of Privacy,Normal/Ignore,Allow,False
PRIVATE_AUDIO_AND_EAVESDROPPING-010,private_audio_and_eavesdropping,Evidence indicates a secret audio recording inside a private office without permission from a tenant; case 10.,Invasion of Privacy,Normal/Ignore,Allow,False
PRIVATE_AUDIO_AND_EAVESDROPPING-011,private_audio_and_eavesdropping,A credible report says the account eavesdrops behind a closed door without consent from an employee; case 11.,Invasion of Privacy,Normal/Ignore,Allow,False
PRIVATE_AUDIO_AND_EAVESDROPPING-012,private_audio_and_eavesdropping,This recording wiretaps a private conversation and a guest did not agree; case 12.,Invasion of Privacy,Normal/Ignore,Allow,False
PRIVATE_AUDIO_AND_EAVESDROPPING-013,private_audio_and_eavesdropping,This user used a covert microphone to record a private conversation without consent from a resident; case 13.,Invasion of Privacy,Normal/Ignore,Allow,False
PRIVATE_AUDIO_AND_EAVESDROPPING-014,private_audio_and_eavesdropping,Evidence indicates a secret audio recording inside a private office without permission from a tenant; case 14.,Invasion of Privacy,Normal/Ignore,Allow,False
PRIVATE_AUDIO_AND_EAVESDROPPING-015,private_audio_and_eavesdropping,A credible report says the account eavesdrops behind a closed door without consent from an employee; case 15.,Invasion of Privacy,Normal/Ignore,Allow,False
PRIVATE_AUDIO_AND_EAVESDROPPING-016,private_audio_and_eavesdropping,This recording wiretaps a private conversation and a guest did not agree; case 16.,Invasion of Privacy,Normal/Ignore,Allow,False
PRIVATE_AUDIO_AND_EAVESDROPPING-017,private_audio_and_eavesdropping,This user used a covert microphone to record a private conversation without consent from a resident; case 17.,Invasion of Privacy,Normal/Ignore,Allow,False
PRIVATE_AUDIO_AND_EAVESDROPPING-018,private_audio_and_eavesdropping,Evidence indicates a secret audio recording inside a private office without permission from a tenant; case 18.,Invasion of Privacy,Normal/Ignore,Allow,False
PRIVATE_AUDIO_AND_EAVESDROPPING-019,private_audio_and_eavesdropping,A credible report says the account eavesdrops behind a closed door without consent from an employee; case 19.,Invasion of Privacy,Normal/Ignore,Allow,False
PRIVATE_AUDIO_AND_EAVESDROPPING-020,private_audio_and_eavesdropping,This recording wiretaps a private conversation and a guest did not agree; case 20.,Invasion of Privacy,Normal/Ignore,Allow,False
PRIVATE_AUDIO_AND_EAVESDROPPING-021,private_audio_and_eavesdropping,This user used a covert microphone to record a private conversation without consent from a resident; case 21.,Invasion of Privacy,Normal/Ignore,Allow,False
PRIVATE_AUDIO_AND_EAVESDROPPING-022,private_audio_and_eavesdropping,Evidence indicates a secret audio recording inside a private office without permission from a tenant; case 22.,Invasion of Privacy,Normal/Ignore,Allow,False
PRIVATE_AUDIO_AND_EAVESDROPPING-023,private_audio_and_eavesdropping,A credible report says the account eavesdrops behind a closed door without consent from an employee; case 23.,Invasion of Privacy,Normal/Ignore,Allow,False
PRIVATE_AUDIO_AND_EAVESDROPPING-024,private_audio_and_eavesdropping,This recording wiretaps a private conversation and a guest did not agree; case 24.,Invasion of Privacy,Normal/Ignore,Allow,False
PRIVATE_AUDIO_AND_EAVESDROPPING-025,private_audio_and_eavesdropping,This user used a covert microphone to record a private conversation without consent from a resident; case 25.,Invasion of Privacy,Normal/Ignore,Allow,False
PRIVATE_AUDIO_AND_EAVESDROPPING-026,private_audio_and_eavesdropping,Evidence indicates a secret audio recording inside a private office without permission from a tenant; case 26.,Invasion of Privacy,Normal/Ignore,Allow,False
PRIVATE_AUDIO_AND_EAVESDROPPING-027,private_audio_and_eavesdropping,A credible report says the account eavesdrops behind a closed door without consent from an employee; case 27.,Invasion of Privacy,Normal/Ignore,Allow,False
PRIVATE_AUDIO_AND_EAVESDROPPING-028,private_audio_and_eavesdropping,This recording wiretaps a private conversation and a guest did not agree; case 28.,Invasion of Privacy,Normal/Ignore,Allow,False
PRIVATE_AUDIO_AND_EAVESDROPPING-029,private_audio_and_eavesdropping,This user used a covert microphone to record a private conversation without consent from a resident; case 29.,Invasion of Privacy,Normal/Ignore,Allow,False
PRIVATE_AUDIO_AND_EAVESDROPPING-030,private_audio_and_eavesdropping,Evidence indicates a secret audio recording inside a private office without permission from a tenant; case 30.,Invasion of Privacy,Normal/Ignore,Allow,False
PRIVATE_AUDIO_AND_EAVESDROPPING-031,private_audio_and_eavesdropping,A credible report says the account eavesdrops behind a closed door without consent from an employee; case 31.,Invasion of Privacy,Normal/Ignore,Allow,False
PRIVATE_AUDIO_AND_EAVESDROPPING-032,private_audio_and_eavesdropping,This recording wiretaps a private conversation and a guest did not agree; case 32.,Invasion of Privacy,Normal/Ignore,Allow,False
PRIVATE_AUDIO_AND_EAVESDROPPING-033,private_audio_and_eavesdropping,This user used a covert microphone to record a private conversation without consent from a resident; case 33.,Invasion of Privacy,Normal/Ignore,Allow,False
PRIVATE_AUDIO_AND_EAVESDROPPING-034,private_audio_and_eavesdropping,Evidence indicates a secret audio recording inside a private office without permission from a tenant; case 34.,Invasion of Privacy,Normal/Ignore,Allow,False
PRIVATE_AUDIO_AND_EAVESDROPPING-035,private_audio_and_eavesdropping,A credible report says the account eavesdrops behind a closed door without consent from an employee; case 35.,Invasion of Privacy,Normal/Ignore,Allow,False
PRIVATE_AUDIO_AND_EAVESDROPPING-036,private_audio_and_eavesdropping,This recording wiretaps a private conversation and a guest did not agree; case 36.,Invasion of Privacy,Normal/Ignore,Allow,False
PRIVATE_AUDIO_AND_EAVESDROPPING-037,private_audio_and_eavesdropping,This user used a covert microphone to record a private conversation without consent from a resident; case 37.,Invasion of Privacy,Normal/Ignore,Allow,False
PRIVATE_AUDIO_AND_EAVESDROPPING-038,private_audio_and_eavesdropping,Evidence indicates a secret audio recording inside a private office without permission from a tenant; case 38.,Invasion of Privacy,Normal/Ignore,Allow,False
PRIVATE_AUDIO_AND_EAVESDROPPING-039,private_audio_and_eavesdropping,A credible report says the account eavesdrops behind a closed door without consent from an employee; case 39.,Invasion of Privacy,Normal/Ignore,Allow,False
PRIVATE_AUDIO_AND_EAVESDROPPING-040,private_audio_and_eavesdropping,This recording wiretaps a private conversation and a guest did not agree; case 40.,Invasion of Privacy,Normal/Ignore,Allow,False
PRIVATE_AUDIO_AND_EAVESDROPPING-041,private_audio_and_eavesdropping,This user used a covert microphone to record a private conversation without consent from a resident; case 41.,Invasion of Privacy,Normal/Ignore,Allow,False
PRIVATE_AUDIO_AND_EAVESDROPPING-042,private_audio_and_eavesdropping,Evidence indicates a secret audio recording inside a private office without permission from a tenant; case 42.,Invasion of Privacy,Normal/Ignore,Allow,False
PRIVATE_AUDIO_AND_EAVESDROPPING-043,private_audio_and_eavesdropping,A credible report says the account eavesdrops behind a closed door without consent from an employee; case 43.,Invasion of Privacy,Normal/Ignore,Allow,False
PRIVATE_AUDIO_AND_EAVESDROPPING-044,private_audio_and_eavesdropping,This recording wiretaps a private conversation and a guest did not agree; case 44.,Invasion of Privacy,Normal/Ignore,Allow,False
PRIVATE_AUDIO_AND_EAVESDROPPING-045,private_audio_and_eavesdropping,This user used a covert microphone to record a private conversation without consent from a resident; case 45.,Invasion of Privacy,Normal/Ignore,Allow,False
PRIVATE_AUDIO_AND_EAVESDROPPING-046,private_audio_and_eavesdropping,Evidence indicates a secret audio recording inside a private office without permission from a tenant; case 46.,Invasion of Privacy,Normal/Ignore,Allow,False
PRIVATE_AUDIO_AND_EAVESDROPPING-047,private_audio_and_eavesdropping,A credible report says the account eavesdrops behind a closed door without consent from an employee; case 47.,Invasion of Privacy,Normal/Ignore,Allow,False
PRIVATE_AUDIO_AND_EAVESDROPPING-048,private_audio_and_eavesdropping,This recording wiretaps a private conversation and a guest did not agree; case 48.,Invasion of Privacy,Normal/Ignore,Allow,False
PRIVATE_AUDIO_AND_EAVESDROPPING-049,private_audio_and_eavesdropping,This user used a covert microphone to record a private conversation without consent from a resident; case 49.,Invasion of Privacy,Normal/Ignore,Allow,False
PRIVATE_AUDIO_AND_EAVESDROPPING-050,private_audio_and_eavesdropping,Evidence indicates a secret audio recording inside a private office without permission from a tenant; case 50.,Invasion of Privacy,Normal/Ignore,Allow,False
STALKING_AND_LOCATION_TRACKING-001,stalking_and_location_tracking,This user tracks live location of a resident without consent; case 1.,Invasion of Privacy,Normal/Ignore,Allow,False
STALKING_AND_LOCATION_TRACKING-002,stalking_and_location_tracking,Evidence indicates a concealed gps tracker follows every movement of a tenant without permission; case 2.,Invasion of Privacy,Normal/Ignore,Allow,False
STALKING_AND_LOCATION_TRACKING-003,stalking_and_location_tracking,A credible report describes persistent physical stalking of an employee against their wishes; case 3.,Invasion of Privacy,Normal/Ignore,Allow,False
STALKING_AND_LOCATION_TRACKING-004,stalking_and_location_tracking,This account monitors daily movements of a guest without authorization; case 4.,Invasion of Privacy,Normal/Ignore,Allow,False
STALKING_AND_LOCATION_TRACKING-005,stalking_and_location_tracking,This user tracks live location of a resident without consent; case 5.,Invasion of Privacy,Normal/Ignore,Allow,False
STALKING_AND_LOCATION_TRACKING-006,stalking_and_location_tracking,Evidence indicates a concealed gps tracker follows every movement of a tenant without permission; case 6.,Invasion of Privacy,Normal/Ignore,Allow,False
STALKING_AND_LOCATION_TRACKING-007,stalking_and_location_tracking,A credible report describes persistent physical stalking of an employee against their wishes; case 7.,Invasion of Privacy,Normal/Ignore,Allow,False
STALKING_AND_LOCATION_TRACKING-008,stalking_and_location_tracking,This account monitors daily movements of a guest without authorization; case 8.,Invasion of Privacy,Normal/Ignore,Allow,False
STALKING_AND_LOCATION_TRACKING-009,stalking_and_location_tracking,This user tracks live location of a resident without consent; case 9.,Invasion of Privacy,Normal/Ignore,Allow,False
STALKING_AND_LOCATION_TRACKING-010,stalking_and_location_tracking,Evidence indicates a concealed gps tracker follows every movement of a tenant without permission; case 10.,Invasion of Privacy,Normal/Ignore,Allow,False
STALKING_AND_LOCATION_TRACKING-011,stalking_and_location_tracking,A credible report describes persistent physical stalking of an employee against their wishes; case 11.,Invasion of Privacy,Normal/Ignore,Allow,False
STALKING_AND_LOCATION_TRACKING-012,stalking_and_location_tracking,This account monitors daily movements of a guest without authorization; case 12.,Invasion of Privacy,Normal/Ignore,Allow,False
STALKING_AND_LOCATION_TRACKING-013,stalking_and_location_tracking,This user tracks live location of a resident without consent; case 13.,Invasion of Privacy,Normal/Ignore,Allow,False
STALKING_AND_LOCATION_TRACKING-014,stalking_and_location_tracking,Evidence indicates a concealed gps tracker follows every movement of a tenant without permission; case 14.,Invasion of Privacy,Normal/Ignore,Allow,False
STALKING_AND_LOCATION_TRACKING-015,stalking_and_location_tracking,A credible report describes persistent physical stalking of an employee against their wishes; case 15.,Invasion of Privacy,Normal/Ignore,Allow,False
STALKING_AND_LOCATION_TRACKING-016,stalking_and_location_tracking,This account monitors daily movements of a guest without authorization; case 16.,Invasion of Privacy,Normal/Ignore,Allow,False
STALKING_AND_LOCATION_TRACKING-017,stalking_and_location_tracking,This user tracks live location of a resident without consent; case 17.,Invasion of Privacy,Normal/Ignore,Allow,False
STALKING_AND_LOCATION_TRACKING-018,stalking_and_location_tracking,Evidence indicates a concealed gps tracker follows every movement of a tenant without permission; case 18.,Invasion of Privacy,Normal/Ignore,Allow,False
STALKING_AND_LOCATION_TRACKING-019,stalking_and_location_tracking,A credible report describes persistent physical stalking of an employee against their wishes; case 19.,Invasion of Privacy,Normal/Ignore,Allow,False
STALKING_AND_LOCATION_TRACKING-020,stalking_and_location_tracking,This account monitors daily movements of a guest without authorization; case 20.,Invasion of Privacy,Normal/Ignore,Allow,False
STALKING_AND_LOCATION_TRACKING-021,stalking_and_location_tracking,This user tracks live location of a resident without consent; case 21.,Invasion of Privacy,Normal/Ignore,Allow,False
STALKING_AND_LOCATION_TRACKING-022,stalking_and_location_tracking,Evidence indicates a concealed gps tracker follows every movement of a tenant without permission; case 22.,Invasion of Privacy,Normal/Ignore,Allow,False
STALKING_AND_LOCATION_TRACKING-023,stalking_and_location_tracking,A credible report describes persistent physical stalking of an employee against their wishes; case 23.,Invasion of Privacy,Normal/Ignore,Allow,False
STALKING_AND_LOCATION_TRACKING-024,stalking_and_location_tracking,This account monitors daily movements of a guest without authorization; case 24.,Invasion of Privacy,Normal/Ignore,Allow,False
STALKING_AND_LOCATION_TRACKING-025,stalking_and_location_tracking,This user tracks live location of a resident without consent; case 25.,Invasion of Privacy,Normal/Ignore,Allow,False
STALKING_AND_LOCATION_TRACKING-026,stalking_and_location_tracking,Evidence indicates a concealed gps tracker follows every movement of a tenant without permission; case 26.,Invasion of Privacy,Normal/Ignore,Allow,False
STALKING_AND_LOCATION_TRACKING-027,stalking_and_location_tracking,A credible report describes persistent physical stalking of an employee against their wishes; case 27.,Invasion of Privacy,Normal/Ignore,Allow,False
STALKING_AND_LOCATION_TRACKING-028,stalking_and_location_tracking,This account monitors daily movements of a guest without authorization; case 28.,Invasion of Privacy,Normal/Ignore,Allow,False
STALKING_AND_LOCATION_TRACKING-029,stalking_and_location_tracking,This user tracks live location of a resident without consent; case 29.,Invasion of Privacy,Normal/Ignore,Allow,False
STALKING_AND_LOCATION_TRACKING-030,stalking_and_location_tracking,Evidence indicates a concealed gps tracker follows every movement of a tenant without permission; case 30.,Invasion of Privacy,Normal/Ignore,Allow,False
STALKING_AND_LOCATION_TRACKING-031,stalking_and_location_tracking,A credible report describes persistent physical stalking of an employee against their wishes; case 31.,Invasion of Privacy,Normal/Ignore,Allow,False
STALKING_AND_LOCATION_TRACKING-032,stalking_and_location_tracking,This account monitors daily movements of a guest without authorization; case 32.,Invasion of Privacy,Normal/Ignore,Allow,False
STALKING_AND_LOCATION_TRACKING-033,stalking_and_location_tracking,This user tracks live location of a resident without consent; case 33.,Invasion of Privacy,Normal/Ignore,Allow,False
STALKING_AND_LOCATION_TRACKING-034,stalking_and_location_tracking,Evidence indicates a concealed gps tracker follows every movement of a tenant without permission; case 34.,Invasion of Privacy,Normal/Ignore,Allow,False
STALKING_AND_LOCATION_TRACKING-035,stalking_and_location_tracking,A credible report describes persistent physical stalking of an employee against their wishes; case 35.,Invasion of Privacy,Normal/Ignore,Allow,False
STALKING_AND_LOCATION_TRACKING-036,stalking_and_location_tracking,This account monitors daily movements of a guest without authorization; case 36.,Invasion of Privacy,Normal/Ignore,Allow,False
STALKING_AND_LOCATION_TRACKING-037,stalking_and_location_tracking,This user tracks live location of a resident without consent; case 37.,Invasion of Privacy,Normal/Ignore,Allow,False
STALKING_AND_LOCATION_TRACKING-038,stalking_and_location_tracking,Evidence indicates a concealed gps tracker follows every movement of a tenant without permission; case 38.,Invasion of Privacy,Normal/Ignore,Allow,False
STALKING_AND_LOCATION_TRACKING-039,stalking_and_location_tracking,A credible report describes persistent physical stalking of an employee against their wishes; case 39.,Invasion of Privacy,Normal/Ignore,Allow,False
STALKING_AND_LOCATION_TRACKING-040,stalking_and_location_tracking,This account monitors daily movements of a guest without authorization; case 40.,Invasion of Privacy,Normal/Ignore,Allow,False
STALKING_AND_LOCATION_TRACKING-041,stalking_and_location_tracking,This user tracks live location of a resident without consent; case 41.,Invasion of Privacy,Normal/Ignore,Allow,False
STALKING_AND_LOCATION_TRACKING-042,stalking_and_location_tracking,Evidence indicates a concealed gps tracker follows every movement of a tenant without permission; case 42.,Invasion of Privacy,Normal/Ignore,Allow,False
STALKING_AND_LOCATION_TRACKING-043,stalking_and_location_tracking,A credible report describes persistent physical stalking of an employee against their wishes; case 43.,Invasion of Privacy,Normal/Ignore,Allow,False
STALKING_AND_LOCATION_TRACKING-044,stalking_and_location_tracking,This account monitors daily movements of a guest without authorization; case 44.,Invasion of Privacy,Normal/Ignore,Allow,False
STALKING_AND_LOCATION_TRACKING-045,stalking_and_location_tracking,This user tracks live location of a resident without consent; case 45.,Invasion of Privacy,Normal/Ignore,Allow,False
STALKING_AND_LOCATION_TRACKING-046,stalking_and_location_tracking,Evidence indicates a concealed gps tracker follows every movement of a tenant without permission; case 46.,Invasion of Privacy,Normal/Ignore,Allow,False
STALKING_AND_LOCATION_TRACKING-047,stalking_and_location_tracking,A credible report describes persistent physical stalking of an employee against their wishes; case 47.,Invasion of Privacy,Normal/Ignore,Allow,False
STALKING_AND_LOCATION_TRACKING-048,stalking_and_location_tracking,This account monitors daily movements of a guest without authorization; case 48.,Invasion of Privacy,Normal/Ignore,Allow,False
STALKING_AND_LOCATION_TRACKING-049,stalking_and_location_tracking,This user tracks live location of a resident without consent; case 49.,Invasion of Privacy,Normal/Ignore,Allow,False
STALKING_AND_LOCATION_TRACKING-050,stalking_and_location_tracking,Evidence indicates a concealed gps tracker follows every movement of a tenant without permission; case 50.,Invasion of Privacy,Normal/Ignore,Allow,False
NONCONSENSUAL_PRIVATE_MEDIA_SHARING-001,nonconsensual_private_media_sharing,This account shares a private photo of a resident without consent; case 1.,Invasion of Privacy,Normal/Ignore,Allow,False
NONCONSENSUAL_PRIVATE_MEDIA_SHARING-002,nonconsensual_private_media_sharing,Evidence indicates an intimate video of a tenant is distributed without permission; case 2.,Invasion of Privacy,Normal/Ignore,Allow,False
NONCONSENSUAL_PRIVATE_MEDIA_SHARING-003,nonconsensual_private_media_sharing,This user uploads a private recording of an employee despite refusing consent; case 3.,Invasion of Privacy,Normal/Ignore,Allow,False
NONCONSENSUAL_PRIVATE_MEDIA_SHARING-004,nonconsensual_private_media_sharing,A credible allegation says the post leaks a private recording of a guest against their wishes; case 4.,Invasion of Privacy,Normal/Ignore,Allow,False
NONCONSENSUAL_PRIVATE_MEDIA_SHARING-005,nonconsensual_private_media_sharing,This account shares a private photo of a resident without consent; case 5.,Invasion of Privacy,Normal/Ignore,Allow,False
NONCONSENSUAL_PRIVATE_MEDIA_SHARING-006,nonconsensual_private_media_sharing,Evidence indicates an intimate video of a tenant is distributed without permission; case 6.,Invasion of Privacy,Normal/Ignore,Allow,False
NONCONSENSUAL_PRIVATE_MEDIA_SHARING-007,nonconsensual_private_media_sharing,This user uploads a private recording of an employee despite refusing consent; case 7.,Invasion of Privacy,Normal/Ignore,Allow,False
NONCONSENSUAL_PRIVATE_MEDIA_SHARING-008,nonconsensual_private_media_sharing,A credible allegation says the post leaks a private recording of a guest against their wishes; case 8.,Invasion of Privacy,Normal/Ignore,Allow,False
NONCONSENSUAL_PRIVATE_MEDIA_SHARING-009,nonconsensual_private_media_sharing,This account shares a private photo of a resident without consent; case 9.,Invasion of Privacy,Normal/Ignore,Allow,False
NONCONSENSUAL_PRIVATE_MEDIA_SHARING-010,nonconsensual_private_media_sharing,Evidence indicates an intimate video of a tenant is distributed without permission; case 10.,Invasion of Privacy,Normal/Ignore,Allow,False
NONCONSENSUAL_PRIVATE_MEDIA_SHARING-011,nonconsensual_private_media_sharing,This user uploads a private recording of an employee despite refusing consent; case 11.,Invasion of Privacy,Normal/Ignore,Allow,False
NONCONSENSUAL_PRIVATE_MEDIA_SHARING-012,nonconsensual_private_media_sharing,A credible allegation says the post leaks a private recording of a guest against their wishes; case 12.,Invasion of Privacy,Normal/Ignore,Allow,False
NONCONSENSUAL_PRIVATE_MEDIA_SHARING-013,nonconsensual_private_media_sharing,This account shares a private photo of a resident without consent; case 13.,Invasion of Privacy,Normal/Ignore,Allow,False
NONCONSENSUAL_PRIVATE_MEDIA_SHARING-014,nonconsensual_private_media_sharing,Evidence indicates an intimate video of a tenant is distributed without permission; case 14.,Invasion of Privacy,Normal/Ignore,Allow,False
NONCONSENSUAL_PRIVATE_MEDIA_SHARING-015,nonconsensual_private_media_sharing,This user uploads a private recording of an employee despite refusing consent; case 15.,Invasion of Privacy,Normal/Ignore,Allow,False
NONCONSENSUAL_PRIVATE_MEDIA_SHARING-016,nonconsensual_private_media_sharing,A credible allegation says the post leaks a private recording of a guest against their wishes; case 16.,Invasion of Privacy,Normal/Ignore,Allow,False
NONCONSENSUAL_PRIVATE_MEDIA_SHARING-017,nonconsensual_private_media_sharing,This account shares a private photo of a resident without consent; case 17.,Invasion of Privacy,Normal/Ignore,Allow,False
NONCONSENSUAL_PRIVATE_MEDIA_SHARING-018,nonconsensual_private_media_sharing,Evidence indicates an intimate video of a tenant is distributed without permission; case 18.,Invasion of Privacy,Normal/Ignore,Allow,False
NONCONSENSUAL_PRIVATE_MEDIA_SHARING-019,nonconsensual_private_media_sharing,This user uploads a private recording of an employee despite refusing consent; case 19.,Invasion of Privacy,Normal/Ignore,Allow,False
NONCONSENSUAL_PRIVATE_MEDIA_SHARING-020,nonconsensual_private_media_sharing,A credible allegation says the post leaks a private recording of a guest against their wishes; case 20.,Invasion of Privacy,Normal/Ignore,Allow,False
NONCONSENSUAL_PRIVATE_MEDIA_SHARING-021,nonconsensual_private_media_sharing,This account shares a private photo of a resident without consent; case 21.,Invasion of Privacy,Normal/Ignore,Allow,False
NONCONSENSUAL_PRIVATE_MEDIA_SHARING-022,nonconsensual_private_media_sharing,Evidence indicates an intimate video of a tenant is distributed without permission; case 22.,Invasion of Privacy,Normal/Ignore,Allow,False
NONCONSENSUAL_PRIVATE_MEDIA_SHARING-023,nonconsensual_private_media_sharing,This user uploads a private recording of an employee despite refusing consent; case 23.,Invasion of Privacy,Normal/Ignore,Allow,False
NONCONSENSUAL_PRIVATE_MEDIA_SHARING-024,nonconsensual_private_media_sharing,A credible allegation says the post leaks a private recording of a guest against their wishes; case 24.,Invasion of Privacy,Normal/Ignore,Allow,False
NONCONSENSUAL_PRIVATE_MEDIA_SHARING-025,nonconsensual_private_media_sharing,This account shares a private photo of a resident without consent; case 25.,Invasion of Privacy,Normal/Ignore,Allow,False
NONCONSENSUAL_PRIVATE_MEDIA_SHARING-026,nonconsensual_private_media_sharing,Evidence indicates an intimate video of a tenant is distributed without permission; case 26.,Invasion of Privacy,Normal/Ignore,Allow,False
NONCONSENSUAL_PRIVATE_MEDIA_SHARING-027,nonconsensual_private_media_sharing,This user uploads a private recording of an employee despite refusing consent; case 27.,Invasion of Privacy,Normal/Ignore,Allow,False
NONCONSENSUAL_PRIVATE_MEDIA_SHARING-028,nonconsensual_private_media_sharing,A credible allegation says the post leaks a private recording of a guest against their wishes; case 28.,Invasion of Privacy,Normal/Ignore,Allow,False
NONCONSENSUAL_PRIVATE_MEDIA_SHARING-029,nonconsensual_private_media_sharing,This account shares a private photo of a resident without consent; case 29.,Invasion of Privacy,Normal/Ignore,Allow,False
NONCONSENSUAL_PRIVATE_MEDIA_SHARING-030,nonconsensual_private_media_sharing,Evidence indicates an intimate video of a tenant is distributed without permission; case 30.,Invasion of Privacy,Normal/Ignore,Allow,False
NONCONSENSUAL_PRIVATE_MEDIA_SHARING-031,nonconsensual_private_media_sharing,This user uploads a private recording of an employee despite refusing consent; case 31.,Invasion of Privacy,Normal/Ignore,Allow,False
NONCONSENSUAL_PRIVATE_MEDIA_SHARING-032,nonconsensual_private_media_sharing,A credible allegation says the post leaks a private recording of a guest against their wishes; case 32.,Invasion of Privacy,Normal/Ignore,Allow,False
NONCONSENSUAL_PRIVATE_MEDIA_SHARING-033,nonconsensual_private_media_sharing,This account shares a private photo of a resident without consent; case 33.,Invasion of Privacy,Normal/Ignore,Allow,False
NONCONSENSUAL_PRIVATE_MEDIA_SHARING-034,nonconsensual_private_media_sharing,Evidence indicates an intimate video of a tenant is distributed without permission; case 34.,Invasion of Privacy,Normal/Ignore,Allow,False
NONCONSENSUAL_PRIVATE_MEDIA_SHARING-035,nonconsensual_private_media_sharing,This user uploads a private recording of an employee despite refusing consent; case 35.,Invasion of Privacy,Normal/Ignore,Allow,False
NONCONSENSUAL_PRIVATE_MEDIA_SHARING-036,nonconsensual_private_media_sharing,A credible allegation says the post leaks a private recording of a guest against their wishes; case 36.,Invasion of Privacy,Normal/Ignore,Allow,False
NONCONSENSUAL_PRIVATE_MEDIA_SHARING-037,nonconsensual_private_media_sharing,This account shares a private photo of a resident without consent; case 37.,Invasion of Privacy,Normal/Ignore,Allow,False
NONCONSENSUAL_PRIVATE_MEDIA_SHARING-038,nonconsensual_private_media_sharing,Evidence indicates an intimate video of a tenant is distributed without permission; case 38.,Invasion of Privacy,Normal/Ignore,Allow,False
NONCONSENSUAL_PRIVATE_MEDIA_SHARING-039,nonconsensual_private_media_sharing,This user uploads a private recording of an employee despite refusing consent; case 39.,Invasion of Privacy,Normal/Ignore,Allow,False
NONCONSENSUAL_PRIVATE_MEDIA_SHARING-040,nonconsensual_private_media_sharing,A credible allegation says the post leaks a private recording of a guest against their wishes; case 40.,Invasion of Privacy,Normal/Ignore,Allow,False
NONCONSENSUAL_PRIVATE_MEDIA_SHARING-041,nonconsensual_private_media_sharing,This account shares a private photo of a resident without consent; case 41.,Invasion of Privacy,Normal/Ignore,Allow,False
NONCONSENSUAL_PRIVATE_MEDIA_SHARING-042,nonconsensual_private_media_sharing,Evidence indicates an intimate video of a tenant is distributed without permission; case 42.,Invasion of Privacy,Normal/Ignore,Allow,False
NONCONSENSUAL_PRIVATE_MEDIA_SHARING-043,nonconsensual_private_media_sharing,This user uploads a private recording of an employee despite refusing consent; case 43.,Invasion of Privacy,Normal/Ignore,Allow,False
NONCONSENSUAL_PRIVATE_MEDIA_SHARING-044,nonconsensual_private_media_sharing,A credible allegation says the post leaks a private recording of a guest against their wishes; case 44.,Invasion of Privacy,Normal/Ignore,Allow,False
NONCONSENSUAL_PRIVATE_MEDIA_SHARING-045,nonconsensual_private_media_sharing,This account shares a private photo of a resident without consent; case 45.,Invasion of Privacy,Normal/Ignore,Allow,False
NONCONSENSUAL_PRIVATE_MEDIA_SHARING-046,nonconsensual_private_media_sharing,Evidence indicates an intimate video of a tenant is distributed without permission; case 46.,Invasion of Privacy,Normal/Ignore,Allow,False
NONCONSENSUAL_PRIVATE_MEDIA_SHARING-047,nonconsensual_private_media_sharing,This user uploads a private recording of an employee despite refusing consent; case 47.,Invasion of Privacy,Normal/Ignore,Allow,False
NONCONSENSUAL_PRIVATE_MEDIA_SHARING-048,nonconsensual_private_media_sharing,A credible allegation says the post leaks a private recording of a guest against their wishes; case 48.,Invasion of Privacy,Normal/Ignore,Allow,False
NONCONSENSUAL_PRIVATE_MEDIA_SHARING-049,nonconsensual_private_media_sharing,This account shares a private photo of a resident without consent; case 49.,Invasion of Privacy,Normal/Ignore,Allow,False
NONCONSENSUAL_PRIVATE_MEDIA_SHARING-050,nonconsensual_private_media_sharing,Evidence indicates an intimate video of a tenant is distributed without permission; case 50.,Invasion of Privacy,Normal/Ignore,Allow,False
UNCERTAIN_CONSENT_OR_LOCATION-001,uncertain_consent_or_location,"A hidden camera may involve a resident, but consent is unclear; case 1.",Uncertain,Normal/Ignore,Allow,False
UNCERTAIN_CONSENT_OR_LOCATION-002,uncertain_consent_or_location,"The record tracks live location of a tenant, but permission is unknown; case 2.",Uncertain,Normal/Ignore,Allow,False
UNCERTAIN_CONSENT_OR_LOCATION-003,uncertain_consent_or_location,"A private recording references an employee, while ownership is unresolved; case 3.",Uncertain,Normal/Ignore,Allow,False
UNCERTAIN_CONSENT_OR_LOCATION-004,uncertain_consent_or_location,"A concealed camera shows a guest, but location may be private; case 4.",Uncertain,Normal/Ignore,Allow,False
UNCERTAIN_CONSENT_OR_LOCATION-005,uncertain_consent_or_location,"A hidden camera may involve a resident, but consent is unclear; case 5.",Uncertain,Normal/Ignore,Allow,False
UNCERTAIN_CONSENT_OR_LOCATION-006,uncertain_consent_or_location,"The record tracks live location of a tenant, but permission is unknown; case 6.",Uncertain,Normal/Ignore,Allow,False
UNCERTAIN_CONSENT_OR_LOCATION-007,uncertain_consent_or_location,"A private recording references an employee, while ownership is unresolved; case 7.",Uncertain,Normal/Ignore,Allow,False
UNCERTAIN_CONSENT_OR_LOCATION-008,uncertain_consent_or_location,"A concealed camera shows a guest, but location may be private; case 8.",Uncertain,Normal/Ignore,Allow,False
UNCERTAIN_CONSENT_OR_LOCATION-009,uncertain_consent_or_location,"A hidden camera may involve a resident, but consent is unclear; case 9.",Uncertain,Normal/Ignore,Allow,False
UNCERTAIN_CONSENT_OR_LOCATION-010,uncertain_consent_or_location,"The record tracks live location of a tenant, but permission is unknown; case 10.",Uncertain,Normal/Ignore,Allow,False
UNCERTAIN_CONSENT_OR_LOCATION-011,uncertain_consent_or_location,"A private recording references an employee, while ownership is unresolved; case 11.",Uncertain,Normal/Ignore,Allow,False
UNCERTAIN_CONSENT_OR_LOCATION-012,uncertain_consent_or_location,"A concealed camera shows a guest, but location may be private; case 12.",Uncertain,Normal/Ignore,Allow,False
UNCERTAIN_CONSENT_OR_LOCATION-013,uncertain_consent_or_location,"A hidden camera may involve a resident, but consent is unclear; case 13.",Uncertain,Normal/Ignore,Allow,False
UNCERTAIN_CONSENT_OR_LOCATION-014,uncertain_consent_or_location,"The record tracks live location of a tenant, but permission is unknown; case 14.",Uncertain,Normal/Ignore,Allow,False
UNCERTAIN_CONSENT_OR_LOCATION-015,uncertain_consent_or_location,"A private recording references an employee, while ownership is unresolved; case 15.",Uncertain,Normal/Ignore,Allow,False
UNCERTAIN_CONSENT_OR_LOCATION-016,uncertain_consent_or_location,"A concealed camera shows a guest, but location may be private; case 16.",Uncertain,Normal/Ignore,Allow,False
UNCERTAIN_CONSENT_OR_LOCATION-017,uncertain_consent_or_location,"A hidden camera may involve a resident, but consent is unclear; case 17.",Uncertain,Normal/Ignore,Allow,False
UNCERTAIN_CONSENT_OR_LOCATION-018,uncertain_consent_or_location,"The record tracks live location of a tenant, but permission is unknown; case 18.",Uncertain,Normal/Ignore,Allow,False
UNCERTAIN_CONSENT_OR_LOCATION-019,uncertain_consent_or_location,"A private recording references an employee, while ownership is unresolved; case 19.",Uncertain,Normal/Ignore,Allow,False
UNCERTAIN_CONSENT_OR_LOCATION-020,uncertain_consent_or_location,"A concealed camera shows a guest, but location may be private; case 20.",Uncertain,Normal/Ignore,Allow,False
UNCERTAIN_CONSENT_OR_LOCATION-021,uncertain_consent_or_location,"A hidden camera may involve a resident, but consent is unclear; case 21.",Uncertain,Normal/Ignore,Allow,False
UNCERTAIN_CONSENT_OR_LOCATION-022,uncertain_consent_or_location,"The record tracks live location of a tenant, but permission is unknown; case 22.",Uncertain,Normal/Ignore,Allow,False
UNCERTAIN_CONSENT_OR_LOCATION-023,uncertain_consent_or_location,"A private recording references an employee, while ownership is unresolved; case 23.",Uncertain,Normal/Ignore,Allow,False
UNCERTAIN_CONSENT_OR_LOCATION-024,uncertain_consent_or_location,"A concealed camera shows a guest, but location may be private; case 24.",Uncertain,Normal/Ignore,Allow,False
UNCERTAIN_CONSENT_OR_LOCATION-025,uncertain_consent_or_location,"A hidden camera may involve a resident, but consent is unclear; case 25.",Uncertain,Normal/Ignore,Allow,False
UNCERTAIN_CONSENT_OR_LOCATION-026,uncertain_consent_or_location,"The record tracks live location of a tenant, but permission is unknown; case 26.",Uncertain,Normal/Ignore,Allow,False
UNCERTAIN_CONSENT_OR_LOCATION-027,uncertain_consent_or_location,"A private recording references an employee, while ownership is unresolved; case 27.",Uncertain,Normal/Ignore,Allow,False
UNCERTAIN_CONSENT_OR_LOCATION-028,uncertain_consent_or_location,"A concealed camera shows a guest, but location may be private; case 28.",Uncertain,Normal/Ignore,Allow,False
UNCERTAIN_CONSENT_OR_LOCATION-029,uncertain_consent_or_location,"A hidden camera may involve a resident, but consent is unclear; case 29.",Uncertain,Normal/Ignore,Allow,False
UNCERTAIN_CONSENT_OR_LOCATION-030,uncertain_consent_or_location,"The record tracks live location of a tenant, but permission is unknown; case 30.",Uncertain,Normal/Ignore,Allow,False
UNCERTAIN_CONSENT_OR_LOCATION-031,uncertain_consent_or_location,"A private recording references an employee, while ownership is unresolved; case 31.",Uncertain,Normal/Ignore,Allow,False
UNCERTAIN_CONSENT_OR_LOCATION-032,uncertain_consent_or_location,"A concealed camera shows a guest, but location may be private; case 32.",Uncertain,Normal/Ignore,Allow,False
UNCERTAIN_CONSENT_OR_LOCATION-033,uncertain_consent_or_location,"A hidden camera may involve a resident, but consent is unclear; case 33.",Uncertain,Normal/Ignore,Allow,False
UNCERTAIN_CONSENT_OR_LOCATION-034,uncertain_consent_or_location,"The record tracks live location of a tenant, but permission is unknown; case 34.",Uncertain,Normal/Ignore,Allow,False
UNCERTAIN_CONSENT_OR_LOCATION-035,uncertain_consent_or_location,"A private recording references an employee, while ownership is unresolved; case 35.",Uncertain,Normal/Ignore,Allow,False
UNCERTAIN_CONSENT_OR_LOCATION-036,uncertain_consent_or_location,"A concealed camera shows a guest, but location may be private; case 36.",Uncertain,Normal/Ignore,Allow,False
UNCERTAIN_CONSENT_OR_LOCATION-037,uncertain_consent_or_location,"A hidden camera may involve a resident, but consent is unclear; case 37.",Uncertain,Normal/Ignore,Allow,False
UNCERTAIN_CONSENT_OR_LOCATION-038,uncertain_consent_or_location,"The record tracks live location of a tenant, but permission is unknown; case 38.",Uncertain,Normal/Ignore,Allow,False
UNCERTAIN_CONSENT_OR_LOCATION-039,uncertain_consent_or_location,"A private recording references an employee, while ownership is unresolved; case 39.",Uncertain,Normal/Ignore,Allow,False
UNCERTAIN_CONSENT_OR_LOCATION-040,uncertain_consent_or_location,"A concealed camera shows a guest, but location may be private; case 40.",Uncertain,Normal/Ignore,Allow,False
UNCERTAIN_CONSENT_OR_LOCATION-041,uncertain_consent_or_location,"A hidden camera may involve a resident, but consent is unclear; case 41.",Uncertain,Normal/Ignore,Allow,False
UNCERTAIN_CONSENT_OR_LOCATION-042,uncertain_consent_or_location,"The record tracks live location of a tenant, but permission is unknown; case 42.",Uncertain,Normal/Ignore,Allow,False
UNCERTAIN_CONSENT_OR_LOCATION-043,uncertain_consent_or_location,"A private recording references an employee, while ownership is unresolved; case 43.",Uncertain,Normal/Ignore,Allow,False
UNCERTAIN_CONSENT_OR_LOCATION-044,uncertain_consent_or_location,"A concealed camera shows a guest, but location may be private; case 44.",Uncertain,Normal/Ignore,Allow,False
UNCERTAIN_CONSENT_OR_LOCATION-045,uncertain_consent_or_location,"A hidden camera may involve a resident, but consent is unclear; case 45.",Uncertain,Normal/Ignore,Allow,False
UNCERTAIN_CONSENT_OR_LOCATION-046,uncertain_consent_or_location,"The record tracks live location of a tenant, but permission is unknown; case 46.",Uncertain,Normal/Ignore,Allow,False
UNCERTAIN_CONSENT_OR_LOCATION-047,uncertain_consent_or_location,"A private recording references an employee, while ownership is unresolved; case 47.",Uncertain,Normal/Ignore,Allow,False
UNCERTAIN_CONSENT_OR_LOCATION-048,uncertain_consent_or_location,"A concealed camera shows a guest, but location may be private; case 48.",Uncertain,Normal/Ignore,Allow,False
UNCERTAIN_CONSENT_OR_LOCATION-049,uncertain_consent_or_location,"A hidden camera may involve a resident, but consent is unclear; case 49.",Uncertain,Normal/Ignore,Allow,False
UNCERTAIN_CONSENT_OR_LOCATION-050,uncertain_consent_or_location,"The record tracks live location of a tenant, but permission is unknown; case 50.",Uncertain,Normal/Ignore,Allow,False
INCOMPLETE_MEDIA_EVIDENCE-001,incomplete_media_evidence,Media could not be decoded; metadata mentions a hidden camera and a resident; case 1.,Uncertain,Normal/Ignore,Allow,False
INCOMPLETE_MEDIA_EVIDENCE-002,incomplete_media_evidence,Unsupported media format with a concealed gps tracker involving a tenant; case 2.,Uncertain,Normal/Ignore,Allow,False
INCOMPLETE_MEDIA_EVIDENCE-003,incomplete_media_evidence,Only a thumbnail is available and suggests a private recording of an employee; case 3.,Uncertain,Normal/Ignore,Allow,False
INCOMPLETE_MEDIA_EVIDENCE-004,incomplete_media_evidence,Visual evidence is incomplete while the record says it tracks live location of a guest; case 4.,Uncertain,Normal/Ignore,Allow,False
INCOMPLETE_MEDIA_EVIDENCE-005,incomplete_media_evidence,Media could not be decoded; metadata mentions a hidden camera and a resident; case 5.,Uncertain,Normal/Ignore,Allow,False
INCOMPLETE_MEDIA_EVIDENCE-006,incomplete_media_evidence,Unsupported media format with a concealed gps tracker involving a tenant; case 6.,Uncertain,Normal/Ignore,Allow,False
INCOMPLETE_MEDIA_EVIDENCE-007,incomplete_media_evidence,Only a thumbnail is available and suggests a private recording of an employee; case 7.,Uncertain,Normal/Ignore,Allow,False
INCOMPLETE_MEDIA_EVIDENCE-008,incomplete_media_evidence,Visual evidence is incomplete while the record says it tracks live location of a guest; case 8.,Uncertain,Normal/Ignore,Allow,False
INCOMPLETE_MEDIA_EVIDENCE-009,incomplete_media_evidence,Media could not be decoded; metadata mentions a hidden camera and a resident; case 9.,Uncertain,Normal/Ignore,Allow,False
INCOMPLETE_MEDIA_EVIDENCE-010,incomplete_media_evidence,Unsupported media format with a concealed gps tracker involving a tenant; case 10.,Uncertain,Normal/Ignore,Allow,False
INCOMPLETE_MEDIA_EVIDENCE-011,incomplete_media_evidence,Only a thumbnail is available and suggests a private recording of an employee; case 11.,Uncertain,Normal/Ignore,Allow,False
INCOMPLETE_MEDIA_EVIDENCE-012,incomplete_media_evidence,Visual evidence is incomplete while the record says it tracks live location of a guest; case 12.,Uncertain,Normal/Ignore,Allow,False
INCOMPLETE_MEDIA_EVIDENCE-013,incomplete_media_evidence,Media could not be decoded; metadata mentions a hidden camera and a resident; case 13.,Uncertain,Normal/Ignore,Allow,False
INCOMPLETE_MEDIA_EVIDENCE-014,incomplete_media_evidence,Unsupported media format with a concealed gps tracker involving a tenant; case 14.,Uncertain,Normal/Ignore,Allow,False
INCOMPLETE_MEDIA_EVIDENCE-015,incomplete_media_evidence,Only a thumbnail is available and suggests a private recording of an employee; case 15.,Uncertain,Normal/Ignore,Allow,False
INCOMPLETE_MEDIA_EVIDENCE-016,incomplete_media_evidence,Visual evidence is incomplete while the record says it tracks live location of a guest; case 16.,Uncertain,Normal/Ignore,Allow,False
INCOMPLETE_MEDIA_EVIDENCE-017,incomplete_media_evidence,Media could not be decoded; metadata mentions a hidden camera and a resident; case 17.,Uncertain,Normal/Ignore,Allow,False
INCOMPLETE_MEDIA_EVIDENCE-018,incomplete_media_evidence,Unsupported media format with a concealed gps tracker involving a tenant; case 18.,Uncertain,Normal/Ignore,Allow,False
INCOMPLETE_MEDIA_EVIDENCE-019,incomplete_media_evidence,Only a thumbnail is available and suggests a private recording of an employee; case 19.,Uncertain,Normal/Ignore,Allow,False
INCOMPLETE_MEDIA_EVIDENCE-020,incomplete_media_evidence,Visual evidence is incomplete while the record says it tracks live location of a guest; case 20.,Uncertain,Normal/Ignore,Allow,False
INCOMPLETE_MEDIA_EVIDENCE-021,incomplete_media_evidence,Media could not be decoded; metadata mentions a hidden camera and a resident; case 21.,Uncertain,Normal/Ignore,Allow,False
INCOMPLETE_MEDIA_EVIDENCE-022,incomplete_media_evidence,Unsupported media format with a concealed gps tracker involving a tenant; case 22.,Uncertain,Normal/Ignore,Allow,False
INCOMPLETE_MEDIA_EVIDENCE-023,incomplete_media_evidence,Only a thumbnail is available and suggests a private recording of an employee; case 23.,Uncertain,Normal/Ignore,Allow,False
INCOMPLETE_MEDIA_EVIDENCE-024,incomplete_media_evidence,Visual evidence is incomplete while the record says it tracks live location of a guest; case 24.,Uncertain,Normal/Ignore,Allow,False
INCOMPLETE_MEDIA_EVIDENCE-025,incomplete_media_evidence,Media could not be decoded; metadata mentions a hidden camera and a resident; case 25.,Uncertain,Normal/Ignore,Allow,False
INCOMPLETE_MEDIA_EVIDENCE-026,incomplete_media_evidence,Unsupported media format with a concealed gps tracker involving a tenant; case 26.,Uncertain,Normal/Ignore,Allow,False
INCOMPLETE_MEDIA_EVIDENCE-027,incomplete_media_evidence,Only a thumbnail is available and suggests a private recording of an employee; case 27.,Uncertain,Normal/Ignore,Allow,False
INCOMPLETE_MEDIA_EVIDENCE-028,incomplete_media_evidence,Visual evidence is incomplete while the record says it tracks live location of a guest; case 28.,Uncertain,Normal/Ignore,Allow,False
INCOMPLETE_MEDIA_EVIDENCE-029,incomplete_media_evidence,Media could not be decoded; metadata mentions a hidden camera and a resident; case 29.,Uncertain,Normal/Ignore,Allow,False
INCOMPLETE_MEDIA_EVIDENCE-030,incomplete_media_evidence,Unsupported media format with a concealed gps tracker involving a tenant; case 30.,Uncertain,Normal/Ignore,Allow,False
INCOMPLETE_MEDIA_EVIDENCE-031,incomplete_media_evidence,Only a thumbnail is available and suggests a private recording of an employee; case 31.,Uncertain,Normal/Ignore,Allow,False
INCOMPLETE_MEDIA_EVIDENCE-032,incomplete_media_evidence,Visual evidence is incomplete while the record says it tracks live location of a guest; case 32.,Uncertain,Normal/Ignore,Allow,False
INCOMPLETE_MEDIA_EVIDENCE-033,incomplete_media_evidence,Media could not be decoded; metadata mentions a hidden camera and a resident; case 33.,Uncertain,Normal/Ignore,Allow,False
INCOMPLETE_MEDIA_EVIDENCE-034,incomplete_media_evidence,Unsupported media format with a concealed gps tracker involving a tenant; case 34.,Uncertain,Normal/Ignore,Allow,False
INCOMPLETE_MEDIA_EVIDENCE-035,incomplete_media_evidence,Only a thumbnail is available and suggests a private recording of an employee; case 35.,Uncertain,Normal/Ignore,Allow,False
INCOMPLETE_MEDIA_EVIDENCE-036,incomplete_media_evidence,Visual evidence is incomplete while the record says it tracks live location of a guest; case 36.,Uncertain,Normal/Ignore,Allow,False
INCOMPLETE_MEDIA_EVIDENCE-037,incomplete_media_evidence,Media could not be decoded; metadata mentions a hidden camera and a resident; case 37.,Uncertain,Normal/Ignore,Allow,False
INCOMPLETE_MEDIA_EVIDENCE-038,incomplete_media_evidence,Unsupported media format with a concealed gps tracker involving a tenant; case 38.,Uncertain,Normal/Ignore,Allow,False
INCOMPLETE_MEDIA_EVIDENCE-039,incomplete_media_evidence,Only a thumbnail is available and suggests a private recording of an employee; case 39.,Uncertain,Normal/Ignore,Allow,False
INCOMPLETE_MEDIA_EVIDENCE-040,incomplete_media_evidence,Visual evidence is incomplete while the record says it tracks live location of a guest; case 40.,Uncertain,Normal/Ignore,Allow,False
INCOMPLETE_MEDIA_EVIDENCE-041,incomplete_media_evidence,Media could not be decoded; metadata mentions a hidden camera and a resident; case 41.,Uncertain,Normal/Ignore,Allow,False
INCOMPLETE_MEDIA_EVIDENCE-042,incomplete_media_evidence,Unsupported media format with a concealed gps tracker involving a tenant; case 42.,Uncertain,Normal/Ignore,Allow,False
INCOMPLETE_MEDIA_EVIDENCE-043,incomplete_media_evidence,Only a thumbnail is available and suggests a private recording of an employee; case 43.,Uncertain,Normal/Ignore,Allow,False
INCOMPLETE_MEDIA_EVIDENCE-044,incomplete_media_evidence,Visual evidence is incomplete while the record says it tracks live location of a guest; case 44.,Uncertain,Normal/Ignore,Allow,False
INCOMPLETE_MEDIA_EVIDENCE-045,incomplete_media_evidence,Media could not be decoded; metadata mentions a hidden camera and a resident; case 45.,Uncertain,Normal/Ignore,Allow,False
INCOMPLETE_MEDIA_EVIDENCE-046,incomplete_media_evidence,Unsupported media format with a concealed gps tracker involving a tenant; case 46.,Uncertain,Normal/Ignore,Allow,False
INCOMPLETE_MEDIA_EVIDENCE-047,incomplete_media_evidence,Only a thumbnail is available and suggests a private recording of an employee; case 47.,Uncertain,Normal/Ignore,Allow,False
INCOMPLETE_MEDIA_EVIDENCE-048,incomplete_media_evidence,Visual evidence is incomplete while the record says it tracks live location of a guest; case 48.,Uncertain,Normal/Ignore,Allow,False
INCOMPLETE_MEDIA_EVIDENCE-049,incomplete_media_evidence,Media could not be decoded; metadata mentions a hidden camera and a resident; case 49.,Uncertain,Normal/Ignore,Allow,False
INCOMPLETE_MEDIA_EVIDENCE-050,incomplete_media_evidence,Unsupported media format with a concealed gps tracker involving a tenant; case 50.,Uncertain,Normal/Ignore,Allow,False
DOCUMENTED_CONSENT_AND_USER_OWNED-001,documented_consent_and_user_owned,All participants consented to the recording and distribution involving a resident; safe case 1.,Normal/Ignore,Normal/Ignore,Allow,False
DOCUMENTED_CONSENT_AND_USER_OWNED-002,documented_consent_and_user_owned,Explicit written consent covers this user-owned recording of a tenant; safe case 2.,Normal/Ignore,Normal/Ignore,Allow,False
DOCUMENTED_CONSENT_AND_USER_OWNED-003,documented_consent_and_user_owned,Permission was documented for an authorized production with an employee; safe case 3.,Normal/Ignore,Normal/Ignore,Allow,False
DOCUMENTED_CONSENT_AND_USER_OWNED-004,documented_consent_and_user_owned,The owner authorized recording and a guest agreed to recording and distribution; safe case 4.,Normal/Ignore,Normal/Ignore,Allow,False
DOCUMENTED_CONSENT_AND_USER_OWNED-005,documented_consent_and_user_owned,All participants consented to the recording and distribution involving a resident; safe case 5.,Normal/Ignore,Normal/Ignore,Allow,False
DOCUMENTED_CONSENT_AND_USER_OWNED-006,documented_consent_and_user_owned,Explicit written consent covers this user-owned recording of a tenant; safe case 6.,Normal/Ignore,Normal/Ignore,Allow,False
DOCUMENTED_CONSENT_AND_USER_OWNED-007,documented_consent_and_user_owned,Permission was documented for an authorized production with an employee; safe case 7.,Normal/Ignore,Normal/Ignore,Allow,False
DOCUMENTED_CONSENT_AND_USER_OWNED-008,documented_consent_and_user_owned,The owner authorized recording and a guest agreed to recording and distribution; safe case 8.,Normal/Ignore,Normal/Ignore,Allow,False
DOCUMENTED_CONSENT_AND_USER_OWNED-009,documented_consent_and_user_owned,All participants consented to the recording and distribution involving a resident; safe case 9.,Normal/Ignore,Normal/Ignore,Allow,False
DOCUMENTED_CONSENT_AND_USER_OWNED-010,documented_consent_and_user_owned,Explicit written consent covers this user-owned recording of a tenant; safe case 10.,Normal/Ignore,Normal/Ignore,Allow,False
DOCUMENTED_CONSENT_AND_USER_OWNED-011,documented_consent_and_user_owned,Permission was documented for an authorized production with an employee; safe case 11.,Normal/Ignore,Normal/Ignore,Allow,False
DOCUMENTED_CONSENT_AND_USER_OWNED-012,documented_consent_and_user_owned,The owner authorized recording and a guest agreed to recording and distribution; safe case 12.,Normal/Ignore,Normal/Ignore,Allow,False
DOCUMENTED_CONSENT_AND_USER_OWNED-013,documented_consent_and_user_owned,All participants consented to the recording and distribution involving a resident; safe case 13.,Normal/Ignore,Normal/Ignore,Allow,False
DOCUMENTED_CONSENT_AND_USER_OWNED-014,documented_consent_and_user_owned,Explicit written consent covers this user-owned recording of a tenant; safe case 14.,Normal/Ignore,Normal/Ignore,Allow,False
DOCUMENTED_CONSENT_AND_USER_OWNED-015,documented_consent_and_user_owned,Permission was documented for an authorized production with an employee; safe case 15.,Normal/Ignore,Normal/Ignore,Allow,False
DOCUMENTED_CONSENT_AND_USER_OWNED-016,documented_consent_and_user_owned,The owner authorized recording and a guest agreed to recording and distribution; safe case 16.,Normal/Ignore,Normal/Ignore,Allow,False
DOCUMENTED_CONSENT_AND_USER_OWNED-017,documented_consent_and_user_owned,All participants consented to the recording and distribution involving a resident; safe case 17.,Normal/Ignore,Normal/Ignore,Allow,False
DOCUMENTED_CONSENT_AND_USER_OWNED-018,documented_consent_and_user_owned,Explicit written consent covers this user-owned recording of a tenant; safe case 18.,Normal/Ignore,Normal/Ignore,Allow,False
DOCUMENTED_CONSENT_AND_USER_OWNED-019,documented_consent_and_user_owned,Permission was documented for an authorized production with an employee; safe case 19.,Normal/Ignore,Normal/Ignore,Allow,False
DOCUMENTED_CONSENT_AND_USER_OWNED-020,documented_consent_and_user_owned,The owner authorized recording and a guest agreed to recording and distribution; safe case 20.,Normal/Ignore,Normal/Ignore,Allow,False
DOCUMENTED_CONSENT_AND_USER_OWNED-021,documented_consent_and_user_owned,All participants consented to the recording and distribution involving a resident; safe case 21.,Normal/Ignore,Normal/Ignore,Allow,False
DOCUMENTED_CONSENT_AND_USER_OWNED-022,documented_consent_and_user_owned,Explicit written consent covers this user-owned recording of a tenant; safe case 22.,Normal/Ignore,Normal/Ignore,Allow,False
DOCUMENTED_CONSENT_AND_USER_OWNED-023,documented_consent_and_user_owned,Permission was documented for an authorized production with an employee; safe case 23.,Normal/Ignore,Normal/Ignore,Allow,False
DOCUMENTED_CONSENT_AND_USER_OWNED-024,documented_consent_and_user_owned,The owner authorized recording and a guest agreed to recording and distribution; safe case 24.,Normal/Ignore,Normal/Ignore,Allow,False
DOCUMENTED_CONSENT_AND_USER_OWNED-025,documented_consent_and_user_owned,All participants consented to the recording and distribution involving a resident; safe case 25.,Normal/Ignore,Normal/Ignore,Allow,False
DOCUMENTED_CONSENT_AND_USER_OWNED-026,documented_consent_and_user_owned,Explicit written consent covers this user-owned recording of a tenant; safe case 26.,Normal/Ignore,Normal/Ignore,Allow,False
DOCUMENTED_CONSENT_AND_USER_OWNED-027,documented_consent_and_user_owned,Permission was documented for an authorized production with an employee; safe case 27.,Normal/Ignore,Normal/Ignore,Allow,False
DOCUMENTED_CONSENT_AND_USER_OWNED-028,documented_consent_and_user_owned,The owner authorized recording and a guest agreed to recording and distribution; safe case 28.,Normal/Ignore,Normal/Ignore,Allow,False
DOCUMENTED_CONSENT_AND_USER_OWNED-029,documented_consent_and_user_owned,All participants consented to the recording and distribution involving a resident; safe case 29.,Normal/Ignore,Normal/Ignore,Allow,False
DOCUMENTED_CONSENT_AND_USER_OWNED-030,documented_consent_and_user_owned,Explicit written consent covers this user-owned recording of a tenant; safe case 30.,Normal/Ignore,Normal/Ignore,Allow,False
DOCUMENTED_CONSENT_AND_USER_OWNED-031,documented_consent_and_user_owned,Permission was documented for an authorized production with an employee; safe case 31.,Normal/Ignore,Normal/Ignore,Allow,False
DOCUMENTED_CONSENT_AND_USER_OWNED-032,documented_consent_and_user_owned,The owner authorized recording and a guest agreed to recording and distribution; safe case 32.,Normal/Ignore,Normal/Ignore,Allow,False
DOCUMENTED_CONSENT_AND_USER_OWNED-033,documented_consent_and_user_owned,All participants consented to the recording and distribution involving a resident; safe case 33.,Normal/Ignore,Normal/Ignore,Allow,False
DOCUMENTED_CONSENT_AND_USER_OWNED-034,documented_consent_and_user_owned,Explicit written consent covers this user-owned recording of a tenant; safe case 34.,Normal/Ignore,Normal/Ignore,Allow,False
DOCUMENTED_CONSENT_AND_USER_OWNED-035,documented_consent_and_user_owned,Permission was documented for an authorized production with an employee; safe case 35.,Normal/Ignore,Normal/Ignore,Allow,False
DOCUMENTED_CONSENT_AND_USER_OWNED-036,documented_consent_and_user_owned,The owner authorized recording and a guest agreed to recording and distribution; safe case 36.,Normal/Ignore,Normal/Ignore,Allow,False
DOCUMENTED_CONSENT_AND_USER_OWNED-037,documented_consent_and_user_owned,All participants consented to the recording and distribution involving a resident; safe case 37.,Normal/Ignore,Normal/Ignore,Allow,False
DOCUMENTED_CONSENT_AND_USER_OWNED-038,documented_consent_and_user_owned,Explicit written consent covers this user-owned recording of a tenant; safe case 38.,Normal/Ignore,Normal/Ignore,Allow,False
DOCUMENTED_CONSENT_AND_USER_OWNED-039,documented_consent_and_user_owned,Permission was documented for an authorized production with an employee; safe case 39.,Normal/Ignore,Normal/Ignore,Allow,False
DOCUMENTED_CONSENT_AND_USER_OWNED-040,documented_consent_and_user_owned,The owner authorized recording and a guest agreed to recording and distribution; safe case 40.,Normal/Ignore,Normal/Ignore,Allow,False
DOCUMENTED_CONSENT_AND_USER_OWNED-041,documented_consent_and_user_owned,All participants consented to the recording and distribution involving a resident; safe case 41.,Normal/Ignore,Normal/Ignore,Allow,False
DOCUMENTED_CONSENT_AND_USER_OWNED-042,documented_consent_and_user_owned,Explicit written consent covers this user-owned recording of a tenant; safe case 42.,Normal/Ignore,Normal/Ignore,Allow,False
DOCUMENTED_CONSENT_AND_USER_OWNED-043,documented_consent_and_user_owned,Permission was documented for an authorized production with an employee; safe case 43.,Normal/Ignore,Normal/Ignore,Allow,False
DOCUMENTED_CONSENT_AND_USER_OWNED-044,documented_consent_and_user_owned,The owner authorized recording and a guest agreed to recording and distribution; safe case 44.,Normal/Ignore,Normal/Ignore,Allow,False
DOCUMENTED_CONSENT_AND_USER_OWNED-045,documented_consent_and_user_owned,All participants consented to the recording and distribution involving a resident; safe case 45.,Normal/Ignore,Normal/Ignore,Allow,False
DOCUMENTED_CONSENT_AND_USER_OWNED-046,documented_consent_and_user_owned,Explicit written consent covers this user-owned recording of a tenant; safe case 46.,Normal/Ignore,Normal/Ignore,Allow,False
DOCUMENTED_CONSENT_AND_USER_OWNED-047,documented_consent_and_user_owned,Permission was documented for an authorized production with an employee; safe case 47.,Normal/Ignore,Normal/Ignore,Allow,False
DOCUMENTED_CONSENT_AND_USER_OWNED-048,documented_consent_and_user_owned,The owner authorized recording and a guest agreed to recording and distribution; safe case 48.,Normal/Ignore,Normal/Ignore,Allow,False
DOCUMENTED_CONSENT_AND_USER_OWNED-049,documented_consent_and_user_owned,All participants consented to the recording and distribution involving a resident; safe case 49.,Normal/Ignore,Normal/Ignore,Allow,False
DOCUMENTED_CONSENT_AND_USER_OWNED-050,documented_consent_and_user_owned,Explicit written consent covers this user-owned recording of a tenant; safe case 50.,Normal/Ignore,Normal/Ignore,Allow,False
PUBLIC_AND_DISCLOSED_MONITORING-001,public_and_disclosed_monitoring,A disclosed security camera with a clearly posted surveillance notice records a resident; safe case 1.,Normal/Ignore,Normal/Ignore,Allow,False
PUBLIC_AND_DISCLOSED_MONITORING-002,public_and_disclosed_monitoring,An ordinary public event includes a tenant in a public street scene; safe case 2.,Normal/Ignore,Normal/Ignore,Allow,False
PUBLIC_AND_DISCLOSED_MONITORING-003,public_and_disclosed_monitoring,A broadcast interview with consent features an employee; safe case 3.,Normal/Ignore,Normal/Ignore,Allow,False
PUBLIC_AND_DISCLOSED_MONITORING-004,public_and_disclosed_monitoring,A doorbell camera on the owner's property records a guest near the entrance; safe case 4.,Normal/Ignore,Normal/Ignore,Allow,False
PUBLIC_AND_DISCLOSED_MONITORING-005,public_and_disclosed_monitoring,A disclosed security camera with a clearly posted surveillance notice records a resident; safe case 5.,Normal/Ignore,Normal/Ignore,Allow,False
PUBLIC_AND_DISCLOSED_MONITORING-006,public_and_disclosed_monitoring,An ordinary public event includes a tenant in a public street scene; safe case 6.,Normal/Ignore,Normal/Ignore,Allow,False
PUBLIC_AND_DISCLOSED_MONITORING-007,public_and_disclosed_monitoring,A broadcast interview with consent features an employee; safe case 7.,Normal/Ignore,Normal/Ignore,Allow,False
PUBLIC_AND_DISCLOSED_MONITORING-008,public_and_disclosed_monitoring,A doorbell camera on the owner's property records a guest near the entrance; safe case 8.,Normal/Ignore,Normal/Ignore,Allow,False
PUBLIC_AND_DISCLOSED_MONITORING-009,public_and_disclosed_monitoring,A disclosed security camera with a clearly posted surveillance notice records a resident; safe case 9.,Normal/Ignore,Normal/Ignore,Allow,False
PUBLIC_AND_DISCLOSED_MONITORING-010,public_and_disclosed_monitoring,An ordinary public event includes a tenant in a public street scene; safe case 10.,Normal/Ignore,Normal/Ignore,Allow,False
PUBLIC_AND_DISCLOSED_MONITORING-011,public_and_disclosed_monitoring,A broadcast interview with consent features an employee; safe case 11.,Normal/Ignore,Normal/Ignore,Allow,False
PUBLIC_AND_DISCLOSED_MONITORING-012,public_and_disclosed_monitoring,A doorbell camera on the owner's property records a guest near the entrance; safe case 12.,Normal/Ignore,Normal/Ignore,Allow,False
PUBLIC_AND_DISCLOSED_MONITORING-013,public_and_disclosed_monitoring,A disclosed security camera with a clearly posted surveillance notice records a resident; safe case 13.,Normal/Ignore,Normal/Ignore,Allow,False
PUBLIC_AND_DISCLOSED_MONITORING-014,public_and_disclosed_monitoring,An ordinary public event includes a tenant in a public street scene; safe case 14.,Normal/Ignore,Normal/Ignore,Allow,False
PUBLIC_AND_DISCLOSED_MONITORING-015,public_and_disclosed_monitoring,A broadcast interview with consent features an employee; safe case 15.,Normal/Ignore,Normal/Ignore,Allow,False
PUBLIC_AND_DISCLOSED_MONITORING-016,public_and_disclosed_monitoring,A doorbell camera on the owner's property records a guest near the entrance; safe case 16.,Normal/Ignore,Normal/Ignore,Allow,False
PUBLIC_AND_DISCLOSED_MONITORING-017,public_and_disclosed_monitoring,A disclosed security camera with a clearly posted surveillance notice records a resident; safe case 17.,Normal/Ignore,Normal/Ignore,Allow,False
PUBLIC_AND_DISCLOSED_MONITORING-018,public_and_disclosed_monitoring,An ordinary public event includes a tenant in a public street scene; safe case 18.,Normal/Ignore,Normal/Ignore,Allow,False
PUBLIC_AND_DISCLOSED_MONITORING-019,public_and_disclosed_monitoring,A broadcast interview with consent features an employee; safe case 19.,Normal/Ignore,Normal/Ignore,Allow,False
PUBLIC_AND_DISCLOSED_MONITORING-020,public_and_disclosed_monitoring,A doorbell camera on the owner's property records a guest near the entrance; safe case 20.,Normal/Ignore,Normal/Ignore,Allow,False
PUBLIC_AND_DISCLOSED_MONITORING-021,public_and_disclosed_monitoring,A disclosed security camera with a clearly posted surveillance notice records a resident; safe case 21.,Normal/Ignore,Normal/Ignore,Allow,False
PUBLIC_AND_DISCLOSED_MONITORING-022,public_and_disclosed_monitoring,An ordinary public event includes a tenant in a public street scene; safe case 22.,Normal/Ignore,Normal/Ignore,Allow,False
PUBLIC_AND_DISCLOSED_MONITORING-023,public_and_disclosed_monitoring,A broadcast interview with consent features an employee; safe case 23.,Normal/Ignore,Normal/Ignore,Allow,False
PUBLIC_AND_DISCLOSED_MONITORING-024,public_and_disclosed_monitoring,A doorbell camera on the owner's property records a guest near the entrance; safe case 24.,Normal/Ignore,Normal/Ignore,Allow,False
PUBLIC_AND_DISCLOSED_MONITORING-025,public_and_disclosed_monitoring,A disclosed security camera with a clearly posted surveillance notice records a resident; safe case 25.,Normal/Ignore,Normal/Ignore,Allow,False
PUBLIC_AND_DISCLOSED_MONITORING-026,public_and_disclosed_monitoring,An ordinary public event includes a tenant in a public street scene; safe case 26.,Normal/Ignore,Normal/Ignore,Allow,False
PUBLIC_AND_DISCLOSED_MONITORING-027,public_and_disclosed_monitoring,A broadcast interview with consent features an employee; safe case 27.,Normal/Ignore,Normal/Ignore,Allow,False
PUBLIC_AND_DISCLOSED_MONITORING-028,public_and_disclosed_monitoring,A doorbell camera on the owner's property records a guest near the entrance; safe case 28.,Normal/Ignore,Normal/Ignore,Allow,False
PUBLIC_AND_DISCLOSED_MONITORING-029,public_and_disclosed_monitoring,A disclosed security camera with a clearly posted surveillance notice records a resident; safe case 29.,Normal/Ignore,Normal/Ignore,Allow,False
PUBLIC_AND_DISCLOSED_MONITORING-030,public_and_disclosed_monitoring,An ordinary public event includes a tenant in a public street scene; safe case 30.,Normal/Ignore,Normal/Ignore,Allow,False
PUBLIC_AND_DISCLOSED_MONITORING-031,public_and_disclosed_monitoring,A broadcast interview with consent features an employee; safe case 31.,Normal/Ignore,Normal/Ignore,Allow,False
PUBLIC_AND_DISCLOSED_MONITORING-032,public_and_disclosed_monitoring,A doorbell camera on the owner's property records a guest near the entrance; safe case 32.,Normal/Ignore,Normal/Ignore,Allow,False
PUBLIC_AND_DISCLOSED_MONITORING-033,public_and_disclosed_monitoring,A disclosed security camera with a clearly posted surveillance notice records a resident; safe case 33.,Normal/Ignore,Normal/Ignore,Allow,False
PUBLIC_AND_DISCLOSED_MONITORING-034,public_and_disclosed_monitoring,An ordinary public event includes a tenant in a public street scene; safe case 34.,Normal/Ignore,Normal/Ignore,Allow,False
PUBLIC_AND_DISCLOSED_MONITORING-035,public_and_disclosed_monitoring,A broadcast interview with consent features an employee; safe case 35.,Normal/Ignore,Normal/Ignore,Allow,False
PUBLIC_AND_DISCLOSED_MONITORING-036,public_and_disclosed_monitoring,A doorbell camera on the owner's property records a guest near the entrance; safe case 36.,Normal/Ignore,Normal/Ignore,Allow,False
PUBLIC_AND_DISCLOSED_MONITORING-037,public_and_disclosed_monitoring,A disclosed security camera with a clearly posted surveillance notice records a resident; safe case 37.,Normal/Ignore,Normal/Ignore,Allow,False
PUBLIC_AND_DISCLOSED_MONITORING-038,public_and_disclosed_monitoring,An ordinary public event includes a tenant in a public street scene; safe case 38.,Normal/Ignore,Normal/Ignore,Allow,False
PUBLIC_AND_DISCLOSED_MONITORING-039,public_and_disclosed_monitoring,A broadcast interview with consent features an employee; safe case 39.,Normal/Ignore,Normal/Ignore,Allow,False
PUBLIC_AND_DISCLOSED_MONITORING-040,public_and_disclosed_monitoring,A doorbell camera on the owner's property records a guest near the entrance; safe case 40.,Normal/Ignore,Normal/Ignore,Allow,False
PUBLIC_AND_DISCLOSED_MONITORING-041,public_and_disclosed_monitoring,A disclosed security camera with a clearly posted surveillance notice records a resident; safe case 41.,Normal/Ignore,Normal/Ignore,Allow,False
PUBLIC_AND_DISCLOSED_MONITORING-042,public_and_disclosed_monitoring,An ordinary public event includes a tenant in a public street scene; safe case 42.,Normal/Ignore,Normal/Ignore,Allow,False
PUBLIC_AND_DISCLOSED_MONITORING-043,public_and_disclosed_monitoring,A broadcast interview with consent features an employee; safe case 43.,Normal/Ignore,Normal/Ignore,Allow,False
PUBLIC_AND_DISCLOSED_MONITORING-044,public_and_disclosed_monitoring,A doorbell camera on the owner's property records a guest near the entrance; safe case 44.,Normal/Ignore,Normal/Ignore,Allow,False
PUBLIC_AND_DISCLOSED_MONITORING-045,public_and_disclosed_monitoring,A disclosed security camera with a clearly posted surveillance notice records a resident; safe case 45.,Normal/Ignore,Normal/Ignore,Allow,False
PUBLIC_AND_DISCLOSED_MONITORING-046,public_and_disclosed_monitoring,An ordinary public event includes a tenant in a public street scene; safe case 46.,Normal/Ignore,Normal/Ignore,Allow,False
PUBLIC_AND_DISCLOSED_MONITORING-047,public_and_disclosed_monitoring,A broadcast interview with consent features an employee; safe case 47.,Normal/Ignore,Normal/Ignore,Allow,False
PUBLIC_AND_DISCLOSED_MONITORING-048,public_and_disclosed_monitoring,A doorbell camera on the owner's property records a guest near the entrance; safe case 48.,Normal/Ignore,Normal/Ignore,Allow,False
PUBLIC_AND_DISCLOSED_MONITORING-049,public_and_disclosed_monitoring,A disclosed security camera with a clearly posted surveillance notice records a resident; safe case 49.,Normal/Ignore,Normal/Ignore,Allow,False
PUBLIC_AND_DISCLOSED_MONITORING-050,public_and_disclosed_monitoring,An ordinary public event includes a tenant in a public street scene; safe case 50.,Normal/Ignore,Normal/Ignore,Allow,False
SAFE_REPORTING_EDUCATION_AND_FICTION-001,safe_reporting_education_and_fiction,Privacy awareness warns about hidden camera abuse and contains no victim media; safe case 1.,Normal/Ignore,Normal/Ignore,Allow,False
SAFE_REPORTING_EDUCATION_AND_FICTION-002,safe_reporting_education_and_fiction,Consent education discusses tracking risks and no active case is described; safe case 2.,Normal/Ignore,Normal/Ignore,Allow,False
SAFE_REPORTING_EDUCATION_AND_FICTION-003,safe_reporting_education_and_fiction,Academic research quotes private-media terminology only for analysis and does not identify a real person; safe case 3.,Normal/Ignore,Normal/Ignore,Allow,False
SAFE_REPORTING_EDUCATION_AND_FICTION-004,safe_reporting_education_and_fiction,A fictional story mentions a covert camera; it is fictional and not real; safe case 4.,Normal/Ignore,Normal/Ignore,Allow,False
SAFE_REPORTING_EDUCATION_AND_FICTION-005,safe_reporting_education_and_fiction,Privacy awareness warns about hidden camera abuse and contains no victim media; safe case 5.,Normal/Ignore,Normal/Ignore,Allow,False
SAFE_REPORTING_EDUCATION_AND_FICTION-006,safe_reporting_education_and_fiction,Consent education discusses tracking risks and no active case is described; safe case 6.,Normal/Ignore,Normal/Ignore,Allow,False
SAFE_REPORTING_EDUCATION_AND_FICTION-007,safe_reporting_education_and_fiction,Academic research quotes private-media terminology only for analysis and does not identify a real person; safe case 7.,Normal/Ignore,Normal/Ignore,Allow,False
SAFE_REPORTING_EDUCATION_AND_FICTION-008,safe_reporting_education_and_fiction,A fictional story mentions a covert camera; it is fictional and not real; safe case 8.,Normal/Ignore,Normal/Ignore,Allow,False
SAFE_REPORTING_EDUCATION_AND_FICTION-009,safe_reporting_education_and_fiction,Privacy awareness warns about hidden camera abuse and contains no victim media; safe case 9.,Normal/Ignore,Normal/Ignore,Allow,False
SAFE_REPORTING_EDUCATION_AND_FICTION-010,safe_reporting_education_and_fiction,Consent education discusses tracking risks and no active case is described; safe case 10.,Normal/Ignore,Normal/Ignore,Allow,False
SAFE_REPORTING_EDUCATION_AND_FICTION-011,safe_reporting_education_and_fiction,Academic research quotes private-media terminology only for analysis and does not identify a real person; safe case 11.,Normal/Ignore,Normal/Ignore,Allow,False
SAFE_REPORTING_EDUCATION_AND_FICTION-012,safe_reporting_education_and_fiction,A fictional story mentions a covert camera; it is fictional and not real; safe case 12.,Normal/Ignore,Normal/Ignore,Allow,False
SAFE_REPORTING_EDUCATION_AND_FICTION-013,safe_reporting_education_and_fiction,Privacy awareness warns about hidden camera abuse and contains no victim media; safe case 13.,Normal/Ignore,Normal/Ignore,Allow,False
SAFE_REPORTING_EDUCATION_AND_FICTION-014,safe_reporting_education_and_fiction,Consent education discusses tracking risks and no active case is described; safe case 14.,Normal/Ignore,Normal/Ignore,Allow,False
SAFE_REPORTING_EDUCATION_AND_FICTION-015,safe_reporting_education_and_fiction,Academic research quotes private-media terminology only for analysis and does not identify a real person; safe case 15.,Normal/Ignore,Normal/Ignore,Allow,False
SAFE_REPORTING_EDUCATION_AND_FICTION-016,safe_reporting_education_and_fiction,A fictional story mentions a covert camera; it is fictional and not real; safe case 16.,Normal/Ignore,Normal/Ignore,Allow,False
SAFE_REPORTING_EDUCATION_AND_FICTION-017,safe_reporting_education_and_fiction,Privacy awareness warns about hidden camera abuse and contains no victim media; safe case 17.,Normal/Ignore,Normal/Ignore,Allow,False
SAFE_REPORTING_EDUCATION_AND_FICTION-018,safe_reporting_education_and_fiction,Consent education discusses tracking risks and no active case is described; safe case 18.,Normal/Ignore,Normal/Ignore,Allow,False
SAFE_REPORTING_EDUCATION_AND_FICTION-019,safe_reporting_education_and_fiction,Academic research quotes private-media terminology only for analysis and does not identify a real person; safe case 19.,Normal/Ignore,Normal/Ignore,Allow,False
SAFE_REPORTING_EDUCATION_AND_FICTION-020,safe_reporting_education_and_fiction,A fictional story mentions a covert camera; it is fictional and not real; safe case 20.,Normal/Ignore,Normal/Ignore,Allow,False
SAFE_REPORTING_EDUCATION_AND_FICTION-021,safe_reporting_education_and_fiction,Privacy awareness warns about hidden camera abuse and contains no victim media; safe case 21.,Normal/Ignore,Normal/Ignore,Allow,False
SAFE_REPORTING_EDUCATION_AND_FICTION-022,safe_reporting_education_and_fiction,Consent education discusses tracking risks and no active case is described; safe case 22.,Normal/Ignore,Normal/Ignore,Allow,False
SAFE_REPORTING_EDUCATION_AND_FICTION-023,safe_reporting_education_and_fiction,Academic research quotes private-media terminology only for analysis and does not identify a real person; safe case 23.,Normal/Ignore,Normal/Ignore,Allow,False
SAFE_REPORTING_EDUCATION_AND_FICTION-024,safe_reporting_education_and_fiction,A fictional story mentions a covert camera; it is fictional and not real; safe case 24.,Normal/Ignore,Normal/Ignore,Allow,False
SAFE_REPORTING_EDUCATION_AND_FICTION-025,safe_reporting_education_and_fiction,Privacy awareness warns about hidden camera abuse and contains no victim media; safe case 25.,Normal/Ignore,Normal/Ignore,Allow,False
SAFE_REPORTING_EDUCATION_AND_FICTION-026,safe_reporting_education_and_fiction,Consent education discusses tracking risks and no active case is described; safe case 26.,Normal/Ignore,Normal/Ignore,Allow,False
SAFE_REPORTING_EDUCATION_AND_FICTION-027,safe_reporting_education_and_fiction,Academic research quotes private-media terminology only for analysis and does not identify a real person; safe case 27.,Normal/Ignore,Normal/Ignore,Allow,False
SAFE_REPORTING_EDUCATION_AND_FICTION-028,safe_reporting_education_and_fiction,A fictional story mentions a covert camera; it is fictional and not real; safe case 28.,Normal/Ignore,Normal/Ignore,Allow,False
SAFE_REPORTING_EDUCATION_AND_FICTION-029,safe_reporting_education_and_fiction,Privacy awareness warns about hidden camera abuse and contains no victim media; safe case 29.,Normal/Ignore,Normal/Ignore,Allow,False
SAFE_REPORTING_EDUCATION_AND_FICTION-030,safe_reporting_education_and_fiction,Consent education discusses tracking risks and no active case is described; safe case 30.,Normal/Ignore,Normal/Ignore,Allow,False
SAFE_REPORTING_EDUCATION_AND_FICTION-031,safe_reporting_education_and_fiction,Academic research quotes private-media terminology only for analysis and does not identify a real person; safe case 31.,Normal/Ignore,Normal/Ignore,Allow,False
SAFE_REPORTING_EDUCATION_AND_FICTION-032,safe_reporting_education_and_fiction,A fictional story mentions a covert camera; it is fictional and not real; safe case 32.,Normal/Ignore,Normal/Ignore,Allow,False
SAFE_REPORTING_EDUCATION_AND_FICTION-033,safe_reporting_education_and_fiction,Privacy awareness warns about hidden camera abuse and contains no victim media; safe case 33.,Normal/Ignore,Normal/Ignore,Allow,False
SAFE_REPORTING_EDUCATION_AND_FICTION-034,safe_reporting_education_and_fiction,Consent education discusses tracking risks and no active case is described; safe case 34.,Normal/Ignore,Normal/Ignore,Allow,False
SAFE_REPORTING_EDUCATION_AND_FICTION-035,safe_reporting_education_and_fiction,Academic research quotes private-media terminology only for analysis and does not identify a real person; safe case 35.,Normal/Ignore,Normal/Ignore,Allow,False
SAFE_REPORTING_EDUCATION_AND_FICTION-036,safe_reporting_education_and_fiction,A fictional story mentions a covert camera; it is fictional and not real; safe case 36.,Normal/Ignore,Normal/Ignore,Allow,False
SAFE_REPORTING_EDUCATION_AND_FICTION-037,safe_reporting_education_and_fiction,Privacy awareness warns about hidden camera abuse and contains no victim media; safe case 37.,Normal/Ignore,Normal/Ignore,Allow,False
SAFE_REPORTING_EDUCATION_AND_FICTION-038,safe_reporting_education_and_fiction,Consent education discusses tracking risks and no active case is described; safe case 38.,Normal/Ignore,Normal/Ignore,Allow,False
SAFE_REPORTING_EDUCATION_AND_FICTION-039,safe_reporting_education_and_fiction,Academic research quotes private-media terminology only for analysis and does not identify a real person; safe case 39.,Normal/Ignore,Normal/Ignore,Allow,False
SAFE_REPORTING_EDUCATION_AND_FICTION-040,safe_reporting_education_and_fiction,A fictional story mentions a covert camera; it is fictional and not real; safe case 40.,Normal/Ignore,Normal/Ignore,Allow,False
SAFE_REPORTING_EDUCATION_AND_FICTION-041,safe_reporting_education_and_fiction,Privacy awareness warns about hidden camera abuse and contains no victim media; safe case 41.,Normal/Ignore,Normal/Ignore,Allow,False
SAFE_REPORTING_EDUCATION_AND_FICTION-042,safe_reporting_education_and_fiction,Consent education discusses tracking risks and no active case is described; safe case 42.,Normal/Ignore,Normal/Ignore,Allow,False
SAFE_REPORTING_EDUCATION_AND_FICTION-043,safe_reporting_education_and_fiction,Academic research quotes private-media terminology only for analysis and does not identify a real person; safe case 43.,Normal/Ignore,Normal/Ignore,Allow,False
SAFE_REPORTING_EDUCATION_AND_FICTION-044,safe_reporting_education_and_fiction,A fictional story mentions a covert camera; it is fictional and not real; safe case 44.,Normal/Ignore,Normal/Ignore,Allow,False
SAFE_REPORTING_EDUCATION_AND_FICTION-045,safe_reporting_education_and_fiction,Privacy awareness warns about hidden camera abuse and contains no victim media; safe case 45.,Normal/Ignore,Normal/Ignore,Allow,False
SAFE_REPORTING_EDUCATION_AND_FICTION-046,safe_reporting_education_and_fiction,Consent education discusses tracking risks and no active case is described; safe case 46.,Normal/Ignore,Normal/Ignore,Allow,False
SAFE_REPORTING_EDUCATION_AND_FICTION-047,safe_reporting_education_and_fiction,Academic research quotes private-media terminology only for analysis and does not identify a real person; safe case 47.,Normal/Ignore,Normal/Ignore,Allow,False
SAFE_REPORTING_EDUCATION_AND_FICTION-048,safe_reporting_education_and_fiction,A fictional story mentions a covert camera; it is fictional and not real; safe case 48.,Normal/Ignore,Normal/Ignore,Allow,False
SAFE_REPORTING_EDUCATION_AND_FICTION-049,safe_reporting_education_and_fiction,Privacy awareness warns about hidden camera abuse and contains no victim media; safe case 49.,Normal/Ignore,Normal/Ignore,Allow,False
SAFE_REPORTING_EDUCATION_AND_FICTION-050,safe_reporting_education_and_fiction,Consent education discusses tracking risks and no active case is described; safe case 50.,Normal/Ignore,Normal/Ignore,Allow,False
ORDINARY_TRACKING_AND_TECHNOLOGY-001,ordinary_tracking_and_technology,The help page explains package tracking; ordinary case 1.,Normal/Ignore,Normal/Ignore,Allow,False
ORDINARY_TRACKING_AND_TECHNOLOGY-002,ordinary_tracking_and_technology,A user changes fitness tracking on a personal device; ordinary case 2.,Normal/Ignore,Normal/Ignore,Allow,False
ORDINARY_TRACKING_AND_TECHNOLOGY-003,ordinary_tracking_and_technology,This is routine documentation about camera settings; ordinary case 3.,Normal/Ignore,Normal/Ignore,Allow,False
ORDINARY_TRACKING_AND_TECHNOLOGY-004,ordinary_tracking_and_technology,The application provides a benign browser privacy settings feature; ordinary case 4.,Normal/Ignore,Normal/Ignore,Allow,False
ORDINARY_TRACKING_AND_TECHNOLOGY-005,ordinary_tracking_and_technology,The help page explains package tracking; ordinary case 5.,Normal/Ignore,Normal/Ignore,Allow,False
ORDINARY_TRACKING_AND_TECHNOLOGY-006,ordinary_tracking_and_technology,A user changes fitness tracking on a personal device; ordinary case 6.,Normal/Ignore,Normal/Ignore,Allow,False
ORDINARY_TRACKING_AND_TECHNOLOGY-007,ordinary_tracking_and_technology,This is routine documentation about camera settings; ordinary case 7.,Normal/Ignore,Normal/Ignore,Allow,False
ORDINARY_TRACKING_AND_TECHNOLOGY-008,ordinary_tracking_and_technology,The application provides a benign browser privacy settings feature; ordinary case 8.,Normal/Ignore,Normal/Ignore,Allow,False
ORDINARY_TRACKING_AND_TECHNOLOGY-009,ordinary_tracking_and_technology,The help page explains package tracking; ordinary case 9.,Normal/Ignore,Normal/Ignore,Allow,False
ORDINARY_TRACKING_AND_TECHNOLOGY-010,ordinary_tracking_and_technology,A user changes fitness tracking on a personal device; ordinary case 10.,Normal/Ignore,Normal/Ignore,Allow,False
ORDINARY_TRACKING_AND_TECHNOLOGY-011,ordinary_tracking_and_technology,This is routine documentation about camera settings; ordinary case 11.,Normal/Ignore,Normal/Ignore,Allow,False
ORDINARY_TRACKING_AND_TECHNOLOGY-012,ordinary_tracking_and_technology,The application provides a benign browser privacy settings feature; ordinary case 12.,Normal/Ignore,Normal/Ignore,Allow,False
ORDINARY_TRACKING_AND_TECHNOLOGY-013,ordinary_tracking_and_technology,The help page explains package tracking; ordinary case 13.,Normal/Ignore,Normal/Ignore,Allow,False
ORDINARY_TRACKING_AND_TECHNOLOGY-014,ordinary_tracking_and_technology,A user changes fitness tracking on a personal device; ordinary case 14.,Normal/Ignore,Normal/Ignore,Allow,False
ORDINARY_TRACKING_AND_TECHNOLOGY-015,ordinary_tracking_and_technology,This is routine documentation about camera settings; ordinary case 15.,Normal/Ignore,Normal/Ignore,Allow,False
ORDINARY_TRACKING_AND_TECHNOLOGY-016,ordinary_tracking_and_technology,The application provides a benign browser privacy settings feature; ordinary case 16.,Normal/Ignore,Normal/Ignore,Allow,False
ORDINARY_TRACKING_AND_TECHNOLOGY-017,ordinary_tracking_and_technology,The help page explains package tracking; ordinary case 17.,Normal/Ignore,Normal/Ignore,Allow,False
ORDINARY_TRACKING_AND_TECHNOLOGY-018,ordinary_tracking_and_technology,A user changes fitness tracking on a personal device; ordinary case 18.,Normal/Ignore,Normal/Ignore,Allow,False
ORDINARY_TRACKING_AND_TECHNOLOGY-019,ordinary_tracking_and_technology,This is routine documentation about camera settings; ordinary case 19.,Normal/Ignore,Normal/Ignore,Allow,False
ORDINARY_TRACKING_AND_TECHNOLOGY-020,ordinary_tracking_and_technology,The application provides a benign browser privacy settings feature; ordinary case 20.,Normal/Ignore,Normal/Ignore,Allow,False
ORDINARY_TRACKING_AND_TECHNOLOGY-021,ordinary_tracking_and_technology,The help page explains package tracking; ordinary case 21.,Normal/Ignore,Normal/Ignore,Allow,False
ORDINARY_TRACKING_AND_TECHNOLOGY-022,ordinary_tracking_and_technology,A user changes fitness tracking on a personal device; ordinary case 22.,Normal/Ignore,Normal/Ignore,Allow,False
ORDINARY_TRACKING_AND_TECHNOLOGY-023,ordinary_tracking_and_technology,This is routine documentation about camera settings; ordinary case 23.,Normal/Ignore,Normal/Ignore,Allow,False
ORDINARY_TRACKING_AND_TECHNOLOGY-024,ordinary_tracking_and_technology,The application provides a benign browser privacy settings feature; ordinary case 24.,Normal/Ignore,Normal/Ignore,Allow,False
ORDINARY_TRACKING_AND_TECHNOLOGY-025,ordinary_tracking_and_technology,The help page explains package tracking; ordinary case 25.,Normal/Ignore,Normal/Ignore,Allow,False
ORDINARY_TRACKING_AND_TECHNOLOGY-026,ordinary_tracking_and_technology,A user changes fitness tracking on a personal device; ordinary case 26.,Normal/Ignore,Normal/Ignore,Allow,False
ORDINARY_TRACKING_AND_TECHNOLOGY-027,ordinary_tracking_and_technology,This is routine documentation about camera settings; ordinary case 27.,Normal/Ignore,Normal/Ignore,Allow,False
ORDINARY_TRACKING_AND_TECHNOLOGY-028,ordinary_tracking_and_technology,The application provides a benign browser privacy settings feature; ordinary case 28.,Normal/Ignore,Normal/Ignore,Allow,False
ORDINARY_TRACKING_AND_TECHNOLOGY-029,ordinary_tracking_and_technology,The help page explains package tracking; ordinary case 29.,Normal/Ignore,Normal/Ignore,Allow,False
ORDINARY_TRACKING_AND_TECHNOLOGY-030,ordinary_tracking_and_technology,A user changes fitness tracking on a personal device; ordinary case 30.,Normal/Ignore,Normal/Ignore,Allow,False
ORDINARY_TRACKING_AND_TECHNOLOGY-031,ordinary_tracking_and_technology,This is routine documentation about camera settings; ordinary case 31.,Normal/Ignore,Normal/Ignore,Allow,False
ORDINARY_TRACKING_AND_TECHNOLOGY-032,ordinary_tracking_and_technology,The application provides a benign browser privacy settings feature; ordinary case 32.,Normal/Ignore,Normal/Ignore,Allow,False
ORDINARY_TRACKING_AND_TECHNOLOGY-033,ordinary_tracking_and_technology,The help page explains package tracking; ordinary case 33.,Normal/Ignore,Normal/Ignore,Allow,False
ORDINARY_TRACKING_AND_TECHNOLOGY-034,ordinary_tracking_and_technology,A user changes fitness tracking on a personal device; ordinary case 34.,Normal/Ignore,Normal/Ignore,Allow,False
ORDINARY_TRACKING_AND_TECHNOLOGY-035,ordinary_tracking_and_technology,This is routine documentation about camera settings; ordinary case 35.,Normal/Ignore,Normal/Ignore,Allow,False
ORDINARY_TRACKING_AND_TECHNOLOGY-036,ordinary_tracking_and_technology,The application provides a benign browser privacy settings feature; ordinary case 36.,Normal/Ignore,Normal/Ignore,Allow,False
ORDINARY_TRACKING_AND_TECHNOLOGY-037,ordinary_tracking_and_technology,The help page explains package tracking; ordinary case 37.,Normal/Ignore,Normal/Ignore,Allow,False
ORDINARY_TRACKING_AND_TECHNOLOGY-038,ordinary_tracking_and_technology,A user changes fitness tracking on a personal device; ordinary case 38.,Normal/Ignore,Normal/Ignore,Allow,False
ORDINARY_TRACKING_AND_TECHNOLOGY-039,ordinary_tracking_and_technology,This is routine documentation about camera settings; ordinary case 39.,Normal/Ignore,Normal/Ignore,Allow,False
ORDINARY_TRACKING_AND_TECHNOLOGY-040,ordinary_tracking_and_technology,The application provides a benign browser privacy settings feature; ordinary case 40.,Normal/Ignore,Normal/Ignore,Allow,False
ORDINARY_TRACKING_AND_TECHNOLOGY-041,ordinary_tracking_and_technology,The help page explains package tracking; ordinary case 41.,Normal/Ignore,Normal/Ignore,Allow,False
ORDINARY_TRACKING_AND_TECHNOLOGY-042,ordinary_tracking_and_technology,A user changes fitness tracking on a personal device; ordinary case 42.,Normal/Ignore,Normal/Ignore,Allow,False
ORDINARY_TRACKING_AND_TECHNOLOGY-043,ordinary_tracking_and_technology,This is routine documentation about camera settings; ordinary case 43.,Normal/Ignore,Normal/Ignore,Allow,False
ORDINARY_TRACKING_AND_TECHNOLOGY-044,ordinary_tracking_and_technology,The application provides a benign browser privacy settings feature; ordinary case 44.,Normal/Ignore,Normal/Ignore,Allow,False
ORDINARY_TRACKING_AND_TECHNOLOGY-045,ordinary_tracking_and_technology,The help page explains package tracking; ordinary case 45.,Normal/Ignore,Normal/Ignore,Allow,False
ORDINARY_TRACKING_AND_TECHNOLOGY-046,ordinary_tracking_and_technology,A user changes fitness tracking on a personal device; ordinary case 46.,Normal/Ignore,Normal/Ignore,Allow,False
ORDINARY_TRACKING_AND_TECHNOLOGY-047,ordinary_tracking_and_technology,This is routine documentation about camera settings; ordinary case 47.,Normal/Ignore,Normal/Ignore,Allow,False
ORDINARY_TRACKING_AND_TECHNOLOGY-048,ordinary_tracking_and_technology,The application provides a benign browser privacy settings feature; ordinary case 48.,Normal/Ignore,Normal/Ignore,Allow,False
ORDINARY_TRACKING_AND_TECHNOLOGY-049,ordinary_tracking_and_technology,The help page explains package tracking; ordinary case 49.,Normal/Ignore,Normal/Ignore,Allow,False
ORDINARY_TRACKING_AND_TECHNOLOGY-050,ordinary_tracking_and_technology,A user changes fitness tracking on a personal device; ordinary case 50.,Normal/Ignore,Normal/Ignore,Allow,False
ESTABLISHED_OWNER-001,established_category_owner_isolation,An existing Child Exploitation owner applies; no non-consensual surveillance evidence is present. Owner case 1.,Child Exploitation,Child Exploitation,Block and immediately escalate,True
ESTABLISHED_OWNER-002,established_category_owner_isolation,An existing Sexual Harassment owner applies; no non-consensual surveillance evidence is present. Owner case 2.,Sexual Harassment,Sexual Harassment,Remove and escalate,True
ESTABLISHED_OWNER-003,established_category_owner_isolation,An existing Publishing Private Information owner applies; no non-consensual surveillance evidence is present. Owner case 3.,Publishing Private Information,Publishing Private Information,Refer to human review,True
ESTABLISHED_OWNER-004,established_category_owner_isolation,An existing Cyberbullying & Harassment owner applies; no non-consensual surveillance evidence is present. Owner case 4.,Cyberbullying & Harassment,Cyberbullying & Harassment,Refer to human review,True
ESTABLISHED_OWNER-005,established_category_owner_isolation,An existing Terrorism & Extremism owner applies; no non-consensual surveillance evidence is present. Owner case 5.,Terrorism & Extremism,Terrorism & Extremism,Block and escalate,True
ESTABLISHED_OWNER-006,established_category_owner_isolation,"An existing Spam, Scam & Phishing owner applies; no non-consensual surveillance evidence is present. Owner case 6.","Spam, Scam & Phishing","Spam, Scam & Phishing","Block, warn, or limit distribution",True
ESTABLISHED_OWNER-007,established_category_owner_isolation,An existing Child Exploitation owner applies; no non-consensual surveillance evidence is present. Owner case 7.,Child Exploitation,Child Exploitation,Block and immediately escalate,True
ESTABLISHED_OWNER-008,established_category_owner_isolation,An existing Sexual Harassment owner applies; no non-consensual surveillance evidence is present. Owner case 8.,Sexual Harassment,Sexual Harassment,Remove and escalate,True
ESTABLISHED_OWNER-009,established_category_owner_isolation,An existing Publishing Private Information owner applies; no non-consensual surveillance evidence is present. Owner case 9.,Publishing Private Information,Publishing Private Information,Refer to human review,True
ESTABLISHED_OWNER-010,established_category_owner_isolation,An existing Cyberbullying & Harassment owner applies; no non-consensual surveillance evidence is present. Owner case 10.,Cyberbullying & Harassment,Cyberbullying & Harassment,Refer to human review,True
ESTABLISHED_OWNER-011,established_category_owner_isolation,An existing Terrorism & Extremism owner applies; no non-consensual surveillance evidence is present. Owner case 11.,Terrorism & Extremism,Terrorism & Extremism,Block and escalate,True
ESTABLISHED_OWNER-012,established_category_owner_isolation,"An existing Spam, Scam & Phishing owner applies; no non-consensual surveillance evidence is present. Owner case 12.","Spam, Scam & Phishing","Spam, Scam & Phishing","Block, warn, or limit distribution",True
ESTABLISHED_OWNER-013,established_category_owner_isolation,An existing Child Exploitation owner applies; no non-consensual surveillance evidence is present. Owner case 13.,Child Exploitation,Child Exploitation,Block and immediately escalate,True
ESTABLISHED_OWNER-014,established_category_owner_isolation,An existing Sexual Harassment owner applies; no non-consensual surveillance evidence is present. Owner case 14.,Sexual Harassment,Sexual Harassment,Remove and escalate,True
ESTABLISHED_OWNER-015,established_category_owner_isolation,An existing Publishing Private Information owner applies; no non-consensual surveillance evidence is present. Owner case 15.,Publishing Private Information,Publishing Private Information,Refer to human review,True
ESTABLISHED_OWNER-016,established_category_owner_isolation,An existing Cyberbullying & Harassment owner applies; no non-consensual surveillance evidence is present. Owner case 16.,Cyberbullying & Harassment,Cyberbullying & Harassment,Refer to human review,True
ESTABLISHED_OWNER-017,established_category_owner_isolation,An existing Terrorism & Extremism owner applies; no non-consensual surveillance evidence is present. Owner case 17.,Terrorism & Extremism,Terrorism & Extremism,Block and escalate,True
ESTABLISHED_OWNER-018,established_category_owner_isolation,"An existing Spam, Scam & Phishing owner applies; no non-consensual surveillance evidence is present. Owner case 18.","Spam, Scam & Phishing","Spam, Scam & Phishing","Block, warn, or limit distribution",True
ESTABLISHED_OWNER-019,established_category_owner_isolation,An existing Child Exploitation owner applies; no non-consensual surveillance evidence is present. Owner case 19.,Child Exploitation,Child Exploitation,Block and immediately escalate,True
ESTABLISHED_OWNER-020,established_category_owner_isolation,An existing Sexual Harassment owner applies; no non-consensual surveillance evidence is present. Owner case 20.,Sexual Harassment,Sexual Harassment,Remove and escalate,True
ESTABLISHED_OWNER-021,established_category_owner_isolation,An existing Publishing Private Information owner applies; no non-consensual surveillance evidence is present. Owner case 21.,Publishing Private Information,Publishing Private Information,Refer to human review,True
ESTABLISHED_OWNER-022,established_category_owner_isolation,An existing Cyberbullying & Harassment owner applies; no non-consensual surveillance evidence is present. Owner case 22.,Cyberbullying & Harassment,Cyberbullying & Harassment,Refer to human review,True
ESTABLISHED_OWNER-023,established_category_owner_isolation,An existing Terrorism & Extremism owner applies; no non-consensual surveillance evidence is present. Owner case 23.,Terrorism & Extremism,Terrorism & Extremism,Block and escalate,True
ESTABLISHED_OWNER-024,established_category_owner_isolation,"An existing Spam, Scam & Phishing owner applies; no non-consensual surveillance evidence is present. Owner case 24.","Spam, Scam & Phishing","Spam, Scam & Phishing","Block, warn, or limit distribution",True
ESTABLISHED_OWNER-025,established_category_owner_isolation,An existing Child Exploitation owner applies; no non-consensual surveillance evidence is present. Owner case 25.,Child Exploitation,Child Exploitation,Block and immediately escalate,True
ESTABLISHED_OWNER-026,established_category_owner_isolation,An existing Sexual Harassment owner applies; no non-consensual surveillance evidence is present. Owner case 26.,Sexual Harassment,Sexual Harassment,Remove and escalate,True
ESTABLISHED_OWNER-027,established_category_owner_isolation,An existing Publishing Private Information owner applies; no non-consensual surveillance evidence is present. Owner case 27.,Publishing Private Information,Publishing Private Information,Refer to human review,True
ESTABLISHED_OWNER-028,established_category_owner_isolation,An existing Cyberbullying & Harassment owner applies; no non-consensual surveillance evidence is present. Owner case 28.,Cyberbullying & Harassment,Cyberbullying & Harassment,Refer to human review,True
ESTABLISHED_OWNER-029,established_category_owner_isolation,An existing Terrorism & Extremism owner applies; no non-consensual surveillance evidence is present. Owner case 29.,Terrorism & Extremism,Terrorism & Extremism,Block and escalate,True
ESTABLISHED_OWNER-030,established_category_owner_isolation,"An existing Spam, Scam & Phishing owner applies; no non-consensual surveillance evidence is present. Owner case 30.","Spam, Scam & Phishing","Spam, Scam & Phishing","Block, warn, or limit distribution",True
ESTABLISHED_OWNER-031,established_category_owner_isolation,An existing Child Exploitation owner applies; no non-consensual surveillance evidence is present. Owner case 31.,Child Exploitation,Child Exploitation,Block and immediately escalate,True
ESTABLISHED_OWNER-032,established_category_owner_isolation,An existing Sexual Harassment owner applies; no non-consensual surveillance evidence is present. Owner case 32.,Sexual Harassment,Sexual Harassment,Remove and escalate,True
ESTABLISHED_OWNER-033,established_category_owner_isolation,An existing Publishing Private Information owner applies; no non-consensual surveillance evidence is present. Owner case 33.,Publishing Private Information,Publishing Private Information,Refer to human review,True
ESTABLISHED_OWNER-034,established_category_owner_isolation,An existing Cyberbullying & Harassment owner applies; no non-consensual surveillance evidence is present. Owner case 34.,Cyberbullying & Harassment,Cyberbullying & Harassment,Refer to human review,True
ESTABLISHED_OWNER-035,established_category_owner_isolation,An existing Terrorism & Extremism owner applies; no non-consensual surveillance evidence is present. Owner case 35.,Terrorism & Extremism,Terrorism & Extremism,Block and escalate,True
ESTABLISHED_OWNER-036,established_category_owner_isolation,"An existing Spam, Scam & Phishing owner applies; no non-consensual surveillance evidence is present. Owner case 36.","Spam, Scam & Phishing","Spam, Scam & Phishing","Block, warn, or limit distribution",True
ESTABLISHED_OWNER-037,established_category_owner_isolation,An existing Child Exploitation owner applies; no non-consensual surveillance evidence is present. Owner case 37.,Child Exploitation,Child Exploitation,Block and immediately escalate,True
ESTABLISHED_OWNER-038,established_category_owner_isolation,An existing Sexual Harassment owner applies; no non-consensual surveillance evidence is present. Owner case 38.,Sexual Harassment,Sexual Harassment,Remove and escalate,True
ESTABLISHED_OWNER-039,established_category_owner_isolation,An existing Publishing Private Information owner applies; no non-consensual surveillance evidence is present. Owner case 39.,Publishing Private Information,Publishing Private Information,Refer to human review,True
ESTABLISHED_OWNER-040,established_category_owner_isolation,An existing Cyberbullying & Harassment owner applies; no non-consensual surveillance evidence is present. Owner case 40.,Cyberbullying & Harassment,Cyberbullying & Harassment,Refer to human review,True
ESTABLISHED_OWNER-041,established_category_owner_isolation,An existing Terrorism & Extremism owner applies; no non-consensual surveillance evidence is present. Owner case 41.,Terrorism & Extremism,Terrorism & Extremism,Block and escalate,True
ESTABLISHED_OWNER-042,established_category_owner_isolation,"An existing Spam, Scam & Phishing owner applies; no non-consensual surveillance evidence is present. Owner case 42.","Spam, Scam & Phishing","Spam, Scam & Phishing","Block, warn, or limit distribution",True
ESTABLISHED_OWNER-043,established_category_owner_isolation,An existing Child Exploitation owner applies; no non-consensual surveillance evidence is present. Owner case 43.,Child Exploitation,Child Exploitation,Block and immediately escalate,True
ESTABLISHED_OWNER-044,established_category_owner_isolation,An existing Sexual Harassment owner applies; no non-consensual surveillance evidence is present. Owner case 44.,Sexual Harassment,Sexual Harassment,Remove and escalate,True
ESTABLISHED_OWNER-045,established_category_owner_isolation,An existing Publishing Private Information owner applies; no non-consensual surveillance evidence is present. Owner case 45.,Publishing Private Information,Publishing Private Information,Refer to human review,True
ESTABLISHED_OWNER-046,established_category_owner_isolation,An existing Cyberbullying & Harassment owner applies; no non-consensual surveillance evidence is present. Owner case 46.,Cyberbullying & Harassment,Cyberbullying & Harassment,Refer to human review,True
ESTABLISHED_OWNER-047,established_category_owner_isolation,An existing Terrorism & Extremism owner applies; no non-consensual surveillance evidence is present. Owner case 47.,Terrorism & Extremism,Terrorism & Extremism,Block and escalate,True
ESTABLISHED_OWNER-048,established_category_owner_isolation,"An existing Spam, Scam & Phishing owner applies; no non-consensual surveillance evidence is present. Owner case 48.","Spam, Scam & Phishing","Spam, Scam & Phishing","Block, warn, or limit distribution",True
ESTABLISHED_OWNER-049,established_category_owner_isolation,An existing Child Exploitation owner applies; no non-consensual surveillance evidence is present. Owner case 49.,Child Exploitation,Child Exploitation,Block and immediately escalate,True
ESTABLISHED_OWNER-050,established_category_owner_isolation,An existing Sexual Harassment owner applies; no non-consensual surveillance evidence is present. Owner case 50.,Sexual Harassment,Sexual Harassment,Remove and escalate,True
LEXICAL_AND_FIGURATIVE_BOUNDARIES-001,lexical_and_figurative_boundaries,A technical note uses the phrase private variable; lexical case 1.,Normal/Ignore,Normal/Ignore,Allow,False
LEXICAL_AND_FIGURATIVE_BOUNDARIES-002,lexical_and_figurative_boundaries,An ordinary message contains camera-ready document; lexical case 2.,Normal/Ignore,Normal/Ignore,Allow,False
LEXICAL_AND_FIGURATIVE_BOUNDARIES-003,lexical_and_figurative_boundaries,The documentation explains tracking number without any person being monitored; lexical case 3.,Normal/Ignore,Normal/Ignore,Allow,False
LEXICAL_AND_FIGURATIVE_BOUNDARIES-004,lexical_and_figurative_boundaries,A benign article mentions stalking horse argument; lexical case 4.,Normal/Ignore,Normal/Ignore,Allow,False
LEXICAL_AND_FIGURATIVE_BOUNDARIES-005,lexical_and_figurative_boundaries,A technical note uses the phrase private variable; lexical case 5.,Normal/Ignore,Normal/Ignore,Allow,False
LEXICAL_AND_FIGURATIVE_BOUNDARIES-006,lexical_and_figurative_boundaries,An ordinary message contains camera-ready document; lexical case 6.,Normal/Ignore,Normal/Ignore,Allow,False
LEXICAL_AND_FIGURATIVE_BOUNDARIES-007,lexical_and_figurative_boundaries,The documentation explains tracking number without any person being monitored; lexical case 7.,Normal/Ignore,Normal/Ignore,Allow,False
LEXICAL_AND_FIGURATIVE_BOUNDARIES-008,lexical_and_figurative_boundaries,A benign article mentions stalking horse argument; lexical case 8.,Normal/Ignore,Normal/Ignore,Allow,False
LEXICAL_AND_FIGURATIVE_BOUNDARIES-009,lexical_and_figurative_boundaries,A technical note uses the phrase private variable; lexical case 9.,Normal/Ignore,Normal/Ignore,Allow,False
LEXICAL_AND_FIGURATIVE_BOUNDARIES-010,lexical_and_figurative_boundaries,An ordinary message contains camera-ready document; lexical case 10.,Normal/Ignore,Normal/Ignore,Allow,False
LEXICAL_AND_FIGURATIVE_BOUNDARIES-011,lexical_and_figurative_boundaries,The documentation explains tracking number without any person being monitored; lexical case 11.,Normal/Ignore,Normal/Ignore,Allow,False
LEXICAL_AND_FIGURATIVE_BOUNDARIES-012,lexical_and_figurative_boundaries,A benign article mentions stalking horse argument; lexical case 12.,Normal/Ignore,Normal/Ignore,Allow,False
LEXICAL_AND_FIGURATIVE_BOUNDARIES-013,lexical_and_figurative_boundaries,A technical note uses the phrase private variable; lexical case 13.,Normal/Ignore,Normal/Ignore,Allow,False
LEXICAL_AND_FIGURATIVE_BOUNDARIES-014,lexical_and_figurative_boundaries,An ordinary message contains camera-ready document; lexical case 14.,Normal/Ignore,Normal/Ignore,Allow,False
LEXICAL_AND_FIGURATIVE_BOUNDARIES-015,lexical_and_figurative_boundaries,The documentation explains tracking number without any person being monitored; lexical case 15.,Normal/Ignore,Normal/Ignore,Allow,False
LEXICAL_AND_FIGURATIVE_BOUNDARIES-016,lexical_and_figurative_boundaries,A benign article mentions stalking horse argument; lexical case 16.,Normal/Ignore,Normal/Ignore,Allow,False
LEXICAL_AND_FIGURATIVE_BOUNDARIES-017,lexical_and_figurative_boundaries,A technical note uses the phrase private variable; lexical case 17.,Normal/Ignore,Normal/Ignore,Allow,False
LEXICAL_AND_FIGURATIVE_BOUNDARIES-018,lexical_and_figurative_boundaries,An ordinary message contains camera-ready document; lexical case 18.,Normal/Ignore,Normal/Ignore,Allow,False
LEXICAL_AND_FIGURATIVE_BOUNDARIES-019,lexical_and_figurative_boundaries,The documentation explains tracking number without any person being monitored; lexical case 19.,Normal/Ignore,Normal/Ignore,Allow,False
LEXICAL_AND_FIGURATIVE_BOUNDARIES-020,lexical_and_figurative_boundaries,A benign article mentions stalking horse argument; lexical case 20.,Normal/Ignore,Normal/Ignore,Allow,False
LEXICAL_AND_FIGURATIVE_BOUNDARIES-021,lexical_and_figurative_boundaries,A technical note uses the phrase private variable; lexical case 21.,Normal/Ignore,Normal/Ignore,Allow,False
LEXICAL_AND_FIGURATIVE_BOUNDARIES-022,lexical_and_figurative_boundaries,An ordinary message contains camera-ready document; lexical case 22.,Normal/Ignore,Normal/Ignore,Allow,False
LEXICAL_AND_FIGURATIVE_BOUNDARIES-023,lexical_and_figurative_boundaries,The documentation explains tracking number without any person being monitored; lexical case 23.,Normal/Ignore,Normal/Ignore,Allow,False
LEXICAL_AND_FIGURATIVE_BOUNDARIES-024,lexical_and_figurative_boundaries,A benign article mentions stalking horse argument; lexical case 24.,Normal/Ignore,Normal/Ignore,Allow,False
LEXICAL_AND_FIGURATIVE_BOUNDARIES-025,lexical_and_figurative_boundaries,A technical note uses the phrase private variable; lexical case 25.,Normal/Ignore,Normal/Ignore,Allow,False
LEXICAL_AND_FIGURATIVE_BOUNDARIES-026,lexical_and_figurative_boundaries,An ordinary message contains camera-ready document; lexical case 26.,Normal/Ignore,Normal/Ignore,Allow,False
LEXICAL_AND_FIGURATIVE_BOUNDARIES-027,lexical_and_figurative_boundaries,The documentation explains tracking number without any person being monitored; lexical case 27.,Normal/Ignore,Normal/Ignore,Allow,False
LEXICAL_AND_FIGURATIVE_BOUNDARIES-028,lexical_and_figurative_boundaries,A benign article mentions stalking horse argument; lexical case 28.,Normal/Ignore,Normal/Ignore,Allow,False
LEXICAL_AND_FIGURATIVE_BOUNDARIES-029,lexical_and_figurative_boundaries,A technical note uses the phrase private variable; lexical case 29.,Normal/Ignore,Normal/Ignore,Allow,False
LEXICAL_AND_FIGURATIVE_BOUNDARIES-030,lexical_and_figurative_boundaries,An ordinary message contains camera-ready document; lexical case 30.,Normal/Ignore,Normal/Ignore,Allow,False
LEXICAL_AND_FIGURATIVE_BOUNDARIES-031,lexical_and_figurative_boundaries,The documentation explains tracking number without any person being monitored; lexical case 31.,Normal/Ignore,Normal/Ignore,Allow,False
LEXICAL_AND_FIGURATIVE_BOUNDARIES-032,lexical_and_figurative_boundaries,A benign article mentions stalking horse argument; lexical case 32.,Normal/Ignore,Normal/Ignore,Allow,False
LEXICAL_AND_FIGURATIVE_BOUNDARIES-033,lexical_and_figurative_boundaries,A technical note uses the phrase private variable; lexical case 33.,Normal/Ignore,Normal/Ignore,Allow,False
LEXICAL_AND_FIGURATIVE_BOUNDARIES-034,lexical_and_figurative_boundaries,An ordinary message contains camera-ready document; lexical case 34.,Normal/Ignore,Normal/Ignore,Allow,False
LEXICAL_AND_FIGURATIVE_BOUNDARIES-035,lexical_and_figurative_boundaries,The documentation explains tracking number without any person being monitored; lexical case 35.,Normal/Ignore,Normal/Ignore,Allow,False
LEXICAL_AND_FIGURATIVE_BOUNDARIES-036,lexical_and_figurative_boundaries,A benign article mentions stalking horse argument; lexical case 36.,Normal/Ignore,Normal/Ignore,Allow,False
LEXICAL_AND_FIGURATIVE_BOUNDARIES-037,lexical_and_figurative_boundaries,A technical note uses the phrase private variable; lexical case 37.,Normal/Ignore,Normal/Ignore,Allow,False
LEXICAL_AND_FIGURATIVE_BOUNDARIES-038,lexical_and_figurative_boundaries,An ordinary message contains camera-ready document; lexical case 38.,Normal/Ignore,Normal/Ignore,Allow,False
LEXICAL_AND_FIGURATIVE_BOUNDARIES-039,lexical_and_figurative_boundaries,The documentation explains tracking number without any person being monitored; lexical case 39.,Normal/Ignore,Normal/Ignore,Allow,False
LEXICAL_AND_FIGURATIVE_BOUNDARIES-040,lexical_and_figurative_boundaries,A benign article mentions stalking horse argument; lexical case 40.,Normal/Ignore,Normal/Ignore,Allow,False
LEXICAL_AND_FIGURATIVE_BOUNDARIES-041,lexical_and_figurative_boundaries,A technical note uses the phrase private variable; lexical case 41.,Normal/Ignore,Normal/Ignore,Allow,False
LEXICAL_AND_FIGURATIVE_BOUNDARIES-042,lexical_and_figurative_boundaries,An ordinary message contains camera-ready document; lexical case 42.,Normal/Ignore,Normal/Ignore,Allow,False
LEXICAL_AND_FIGURATIVE_BOUNDARIES-043,lexical_and_figurative_boundaries,The documentation explains tracking number without any person being monitored; lexical case 43.,Normal/Ignore,Normal/Ignore,Allow,False
LEXICAL_AND_FIGURATIVE_BOUNDARIES-044,lexical_and_figurative_boundaries,A benign article mentions stalking horse argument; lexical case 44.,Normal/Ignore,Normal/Ignore,Allow,False
LEXICAL_AND_FIGURATIVE_BOUNDARIES-045,lexical_and_figurative_boundaries,A technical note uses the phrase private variable; lexical case 45.,Normal/Ignore,Normal/Ignore,Allow,False
LEXICAL_AND_FIGURATIVE_BOUNDARIES-046,lexical_and_figurative_boundaries,An ordinary message contains camera-ready document; lexical case 46.,Normal/Ignore,Normal/Ignore,Allow,False
LEXICAL_AND_FIGURATIVE_BOUNDARIES-047,lexical_and_figurative_boundaries,The documentation explains tracking number without any person being monitored; lexical case 47.,Normal/Ignore,Normal/Ignore,Allow,False
LEXICAL_AND_FIGURATIVE_BOUNDARIES-048,lexical_and_figurative_boundaries,A benign article mentions stalking horse argument; lexical case 48.,Normal/Ignore,Normal/Ignore,Allow,False
LEXICAL_AND_FIGURATIVE_BOUNDARIES-049,lexical_and_figurative_boundaries,A technical note uses the phrase private variable; lexical case 49.,Normal/Ignore,Normal/Ignore,Allow,False
LEXICAL_AND_FIGURATIVE_BOUNDARIES-050,lexical_and_figurative_boundaries,An ordinary message contains camera-ready document; lexical case 50.,Normal/Ignore,Normal/Ignore,Allow,False
