record_id,group,text,expected_category,existing_category,existing_action,existing_review
ACTIVE_PROFILE_AND_ACCOUNT_IMPERSONATION-001,active_profile_and_account_impersonation,This profile cloned the victim's profile and currently contacts the victim's friends; case 1 involving a customer.,Identity Theft & Impersonation,Normal/Ignore,Allow,False
ACTIVE_PROFILE_AND_ACCOUNT_IMPERSONATION-002,active_profile_and_account_impersonation,A verified victim report says this account is impersonating another person and sends messages to contacts; case 2 involving a resident.,Identity Theft & Impersonation,Normal/Ignore,Allow,False
ACTIVE_PROFILE_AND_ACCOUNT_IMPERSONATION-003,active_profile_and_account_impersonation,Evidence indicates this profile is a fake profile pretending to be another person and publishes posts as the victim; case 3 involving an employee.,Identity Theft & Impersonation,Normal/Ignore,Allow,False
ACTIVE_PROFILE_AND_ACCOUNT_IMPERSONATION-004,active_profile_and_account_impersonation,This account uses a cloned social media account and solicits customers while pretending to be another person; case 4 involving an account holder.,Identity Theft & Impersonation,Normal/Ignore,Allow,False
ACTIVE_PROFILE_AND_ACCOUNT_IMPERSONATION-005,active_profile_and_account_impersonation,This profile cloned the victim's profile and currently contacts the victim's friends; case 5 involving a customer.,Identity Theft & Impersonation,Normal/Ignore,Allow,False
ACTIVE_PROFILE_AND_ACCOUNT_IMPERSONATION-006,active_profile_and_account_impersonation,A verified victim report says this account is impersonating another person and sends messages to contacts; case 6 involving a resident.,Identity Theft & Impersonation,Normal/Ignore,Allow,False
ACTIVE_PROFILE_AND_ACCOUNT_IMPERSONATION-007,active_profile_and_account_impersonation,Evidence indicates this profile is a fake profile pretending to be another person and publishes posts as the victim; case 7 involving an employee.,Identity Theft & Impersonation,Normal/Ignore,Allow,False
ACTIVE_PROFILE_AND_ACCOUNT_IMPERSONATION-008,active_profile_and_account_impersonation,This account uses a cloned social media account and solicits customers while pretending to be another person; case 8 involving an account holder.,Identity Theft & Impersonation,Normal/Ignore,Allow,False
ACTIVE_PROFILE_AND_ACCOUNT_IMPERSONATION-009,active_profile_and_account_impersonation,This profile cloned the victim's profile and currently contacts the victim's friends; case 9 involving a customer.,Identity Theft & Impersonation,Normal/Ignore,Allow,False
ACTIVE_PROFILE_AND_ACCOUNT_IMPERSONATION-010,active_profile_and_account_impersonation,A verified victim report says this account is impersonating another person and sends messages to contacts; case 10 involving a resident.,Identity Theft & Impersonation,Normal/Ignore,Allow,False
ACTIVE_PROFILE_AND_ACCOUNT_IMPERSONATION-011,active_profile_and_account_impersonation,Evidence indicates this profile is a fake profile pretending to be another person and publishes posts as the victim; case 11 involving an employee.,Identity Theft & Impersonation,Normal/Ignore,Allow,False
ACTIVE_PROFILE_AND_ACCOUNT_IMPERSONATION-012,active_profile_and_account_impersonation,This account uses a cloned social media account and solicits customers while pretending to be another person; case 12 involving an account holder.,Identity Theft & Impersonation,Normal/Ignore,Allow,False
ACTIVE_PROFILE_AND_ACCOUNT_IMPERSONATION-013,active_profile_and_account_impersonation,This profile cloned the victim's profile and currently contacts the victim's friends; case 13 involving a customer.,Identity Theft & Impersonation,Normal/Ignore,Allow,False
ACTIVE_PROFILE_AND_ACCOUNT_IMPERSONATION-014,active_profile_and_account_impersonation,A verified victim report says this account is impersonating another person and sends messages to contacts; case 14 involving a resident.,Identity Theft & Impersonation,Normal/Ignore,Allow,False
ACTIVE_PROFILE_AND_ACCOUNT_IMPERSONATION-015,active_profile_and_account_impersonation,Evidence indicates this profile is a fake profile pretending to be another person and publishes posts as the victim; case 15 involving an employee.,Identity Theft & Impersonation,Normal/Ignore,Allow,False
ACTIVE_PROFILE_AND_ACCOUNT_IMPERSONATION-016,active_profile_and_account_impersonation,This account uses a cloned social media account and solicits customers while pretending to be another person; case 16 involving an account holder.,Identity Theft & Impersonation,Normal/Ignore,Allow,False
ACTIVE_PROFILE_AND_ACCOUNT_IMPERSONATION-017,active_profile_and_account_impersonation,This profile cloned the victim's profile and currently contacts the victim's friends; case 17 involving a customer.,Identity Theft & Impersonation,Normal/Ignore,Allow,False
ACTIVE_PROFILE_AND_ACCOUNT_IMPERSONATION-018,active_profile_and_account_impersonation,A verified victim report says this account is impersonating another person and sends messages to contacts; case 18 involving a resident.,Identity Theft & Impersonation,Normal/Ignore,Allow,False
ACTIVE_PROFILE_AND_ACCOUNT_IMPERSONATION-019,active_profile_and_account_impersonation,Evidence indicates this profile is a fake profile pretending to be another person and publishes posts as the victim; case 19 involving an employee.,Identity Theft & Impersonation,Normal/Ignore,Allow,False
ACTIVE_PROFILE_AND_ACCOUNT_IMPERSONATION-020,active_profile_and_account_impersonation,This account uses a cloned social media account and solicits customers while pretending to be another person; case 20 involving an account holder.,Identity Theft & Impersonation,Normal/Ignore,Allow,False
ACTIVE_PROFILE_AND_ACCOUNT_IMPERSONATION-021,active_profile_and_account_impersonation,This profile cloned the victim's profile and currently contacts the victim's friends; case 21 involving a customer.,Identity Theft & Impersonation,Normal/Ignore,Allow,False
ACTIVE_PROFILE_AND_ACCOUNT_IMPERSONATION-022,active_profile_and_account_impersonation,A verified victim report says this account is impersonating another person and sends messages to contacts; case 22 involving a resident.,Identity Theft & Impersonation,Normal/Ignore,Allow,False
ACTIVE_PROFILE_AND_ACCOUNT_IMPERSONATION-023,active_profile_and_account_impersonation,Evidence indicates this profile is a fake profile pretending to be another person and publishes posts as the victim; case 23 involving an employee.,Identity Theft & Impersonation,Normal/Ignore,Allow,False
ACTIVE_PROFILE_AND_ACCOUNT_IMPERSONATION-024,active_profile_and_account_impersonation,This account uses a cloned social media account and solicits customers while pretending to be another person; case 24 involving an account holder.,Identity Theft & Impersonation,Normal/Ignore,Allow,False
ACTIVE_PROFILE_AND_ACCOUNT_IMPERSONATION-025,active_profile_and_account_impersonation,This profile cloned the victim's profile and currently contacts the victim's friends; case 25 involving a customer.,Identity Theft & Impersonation,Normal/Ignore,Allow,False
ACTIVE_PROFILE_AND_ACCOUNT_IMPERSONATION-026,active_profile_and_account_impersonation,A verified victim report says this account is impersonating another person and sends messages to contacts; case 26 involving a resident.,Identity Theft & Impersonation,Normal/Ignore,Allow,False
ACTIVE_PROFILE_AND_ACCOUNT_IMPERSONATION-027,active_profile_and_account_impersonation,Evidence indicates this profile is a fake profile pretending to be another person and publishes posts as the victim; case 27 involving an employee.,Identity Theft & Impersonation,Normal/Ignore,Allow,False
ACTIVE_PROFILE_AND_ACCOUNT_IMPERSONATION-028,active_profile_and_account_impersonation,This account uses a cloned social media account and solicits customers while pretending to be another person; case 28 involving an account holder.,Identity Theft & Impersonation,Normal/Ignore,Allow,False
ACTIVE_PROFILE_AND_ACCOUNT_IMPERSONATION-029,active_profile_and_account_impersonation,This profile cloned the victim's profile and currently contacts the victim's friends; case 29 involving a customer.,Identity Theft & Impersonation,Normal/Ignore,Allow,False
ACTIVE_PROFILE_AND_ACCOUNT_IMPERSONATION-030,active_profile_and_account_impersonation,A verified victim report says this account is impersonating another person and sends messages to contacts; case 30 involving a resident.,Identity Theft & Impersonation,Normal/Ignore,Allow,False
ACTIVE_PROFILE_AND_ACCOUNT_IMPERSONATION-031,active_profile_and_account_impersonation,Evidence indicates this profile is a fake profile pretending to be another person and publishes posts as the victim; case 31 involving an employee.,Identity Theft & Impersonation,Normal/Ignore,Allow,False
ACTIVE_PROFILE_AND_ACCOUNT_IMPERSONATION-032,active_profile_and_account_impersonation,This account uses a cloned social media account and solicits customers while pretending to be another person; case 32 involving an account holder.,Identity Theft & Impersonation,Normal/Ignore,Allow,False
ACTIVE_PROFILE_AND_ACCOUNT_IMPERSONATION-033,active_profile_and_account_impersonation,This profile cloned the victim's profile and currently contacts the victim's friends; case 33 involving a customer.,Identity Theft & Impersonation,Normal/Ignore,Allow,False
ACTIVE_PROFILE_AND_ACCOUNT_IMPERSONATION-034,active_profile_and_account_impersonation,A verified victim report says this account is impersonating another person and sends messages to contacts; case 34 involving a resident.,Identity Theft & Impersonation,Normal/Ignore,Allow,False
ACTIVE_PROFILE_AND_ACCOUNT_IMPERSONATION-035,active_profile_and_account_impersonation,Evidence indicates this profile is a fake profile pretending to be another person and publishes posts as the victim; case 35 involving an employee.,Identity Theft & Impersonation,Normal/Ignore,Allow,False
ACTIVE_PROFILE_AND_ACCOUNT_IMPERSONATION-036,active_profile_and_account_impersonation,This account uses a cloned social media account and solicits customers while pretending to be another person; case 36 involving an account holder.,Identity Theft & Impersonation,Normal/Ignore,Allow,False
ACTIVE_PROFILE_AND_ACCOUNT_IMPERSONATION-037,active_profile_and_account_impersonation,This profile cloned the victim's profile and currently contacts the victim's friends; case 37 involving a customer.,Identity Theft & Impersonation,Normal/Ignore,Allow,False
ACTIVE_PROFILE_AND_ACCOUNT_IMPERSONATION-038,active_profile_and_account_impersonation,A verified victim report says this account is impersonating another person and sends messages to contacts; case 38 involving a resident.,Identity Theft & Impersonation,Normal/Ignore,Allow,False
ACTIVE_PROFILE_AND_ACCOUNT_IMPERSONATION-039,active_profile_and_account_impersonation,Evidence indicates this profile is a fake profile pretending to be another person and publishes posts as the victim; case 39 involving an employee.,Identity Theft & Impersonation,Normal/Ignore,Allow,False
ACTIVE_PROFILE_AND_ACCOUNT_IMPERSONATION-040,active_profile_and_account_impersonation,This account uses a cloned social media account and solicits customers while pretending to be another person; case 40 involving an account holder.,Identity Theft & Impersonation,Normal/Ignore,Allow,False
ACTIVE_PROFILE_AND_ACCOUNT_IMPERSONATION-041,active_profile_and_account_impersonation,This profile cloned the victim's profile and currently contacts the victim's friends; case 41 involving a customer.,Identity Theft & Impersonation,Normal/Ignore,Allow,False
ACTIVE_PROFILE_AND_ACCOUNT_IMPERSONATION-042,active_profile_and_account_impersonation,A verified victim report says this account is impersonating another person and sends messages to contacts; case 42 involving a resident.,Identity Theft & Impersonation,Normal/Ignore,Allow,False
ACTIVE_PROFILE_AND_ACCOUNT_IMPERSONATION-043,active_profile_and_account_impersonation,Evidence indicates this profile is a fake profile pretending to be another person and publishes posts as the victim; case 43 involving an employee.,Identity Theft & Impersonation,Normal/Ignore,Allow,False
ACTIVE_PROFILE_AND_ACCOUNT_IMPERSONATION-044,active_profile_and_account_impersonation,This account uses a cloned social media account and solicits customers while pretending to be another person; case 44 involving an account holder.,Identity Theft & Impersonation,Normal/Ignore,Allow,False
ACTIVE_PROFILE_AND_ACCOUNT_IMPERSONATION-045,active_profile_and_account_impersonation,This profile cloned the victim's profile and currently contacts the victim's friends; case 45 involving a customer.,Identity Theft & Impersonation,Normal/Ignore,Allow,False
ACTIVE_PROFILE_AND_ACCOUNT_IMPERSONATION-046,active_profile_and_account_impersonation,A verified victim report says this account is impersonating another person and sends messages to contacts; case 46 involving a resident.,Identity Theft & Impersonation,Normal/Ignore,Allow,False
ACTIVE_PROFILE_AND_ACCOUNT_IMPERSONATION-047,active_profile_and_account_impersonation,Evidence indicates this profile is a fake profile pretending to be another person and publishes posts as the victim; case 47 involving an employee.,Identity Theft & Impersonation,Normal/Ignore,Allow,False
ACTIVE_PROFILE_AND_ACCOUNT_IMPERSONATION-048,active_profile_and_account_impersonation,This account uses a cloned social media account and solicits customers while pretending to be another person; case 48 involving an account holder.,Identity Theft & Impersonation,Normal/Ignore,Allow,False
ACTIVE_PROFILE_AND_ACCOUNT_IMPERSONATION-049,active_profile_and_account_impersonation,This profile cloned the victim's profile and currently contacts the victim's friends; case 49 involving a customer.,Identity Theft & Impersonation,Normal/Ignore,Allow,False
ACTIVE_PROFILE_AND_ACCOUNT_IMPERSONATION-050,active_profile_and_account_impersonation,A verified victim report says this account is impersonating another person and sends messages to contacts; case 50 involving a resident.,Identity Theft & Impersonation,Normal/Ignore,Allow,False
GOVERNMENT_AND_BUSINESS_IMPERSONATION-001,government_and_business_impersonation,This caller is falsely posing as a government officer and currently collects payments from a government office; case 1.,Identity Theft & Impersonation,Normal/Ignore,Allow,False
GOVERNMENT_AND_BUSINESS_IMPERSONATION-002,government_and_business_impersonation,Evidence indicates this message is falsely posing as a business representative and requests account access from a bank; case 2.,Identity Theft & Impersonation,Normal/Ignore,Allow,False
GOVERNMENT_AND_BUSINESS_IMPERSONATION-003,government_and_business_impersonation,This account deceptively claims to represent a retailer and solicits customers; case 3.,Identity Theft & Impersonation,Normal/Ignore,Allow,False
GOVERNMENT_AND_BUSINESS_IMPERSONATION-004,government_and_business_impersonation,A verified victim report says this profile pretends to be official support and collects payments for a delivery company; case 4.,Identity Theft & Impersonation,Normal/Ignore,Allow,False
GOVERNMENT_AND_BUSINESS_IMPERSONATION-005,government_and_business_impersonation,This caller is falsely posing as a government officer and currently collects payments from a government office; case 5.,Identity Theft & Impersonation,Normal/Ignore,Allow,False
GOVERNMENT_AND_BUSINESS_IMPERSONATION-006,government_and_business_impersonation,Evidence indicates this message is falsely posing as a business representative and requests account access from a bank; case 6.,Identity Theft & Impersonation,Normal/Ignore,Allow,False
GOVERNMENT_AND_BUSINESS_IMPERSONATION-007,government_and_business_impersonation,This account deceptively claims to represent a retailer and solicits customers; case 7.,Identity Theft & Impersonation,Normal/Ignore,Allow,False
GOVERNMENT_AND_BUSINESS_IMPERSONATION-008,government_and_business_impersonation,A verified victim report says this profile pretends to be official support and collects payments for a delivery company; case 8.,Identity Theft & Impersonation,Normal/Ignore,Allow,False
GOVERNMENT_AND_BUSINESS_IMPERSONATION-009,government_and_business_impersonation,This caller is falsely posing as a government officer and currently collects payments from a government office; case 9.,Identity Theft & Impersonation,Normal/Ignore,Allow,False
GOVERNMENT_AND_BUSINESS_IMPERSONATION-010,government_and_business_impersonation,Evidence indicates this message is falsely posing as a business representative and requests account access from a bank; case 10.,Identity Theft & Impersonation,Normal/Ignore,Allow,False
GOVERNMENT_AND_BUSINESS_IMPERSONATION-011,government_and_business_impersonation,This account deceptively claims to represent a retailer and solicits customers; case 11.,Identity Theft & Impersonation,Normal/Ignore,Allow,False
GOVERNMENT_AND_BUSINESS_IMPERSONATION-012,government_and_business_impersonation,A verified victim report says this profile pretends to be official support and collects payments for a delivery company; case 12.,Identity Theft & Impersonation,Normal/Ignore,Allow,False
GOVERNMENT_AND_BUSINESS_IMPERSONATION-013,government_and_business_impersonation,This caller is falsely posing as a government officer and currently collects payments from a government office; case 13.,Identity Theft & Impersonation,Normal/Ignore,Allow,False
GOVERNMENT_AND_BUSINESS_IMPERSONATION-014,government_and_business_impersonation,Evidence indicates this message is falsely posing as a business representative and requests account access from a bank; case 14.,Identity Theft & Impersonation,Normal/Ignore,Allow,False
GOVERNMENT_AND_BUSINESS_IMPERSONATION-015,government_and_business_impersonation,This account deceptively claims to represent a retailer and solicits customers; case 15.,Identity Theft & Impersonation,Normal/Ignore,Allow,False
GOVERNMENT_AND_BUSINESS_IMPERSONATION-016,government_and_business_impersonation,A verified victim report says this profile pretends to be official support and collects payments for a delivery company; case 16.,Identity Theft & Impersonation,Normal/Ignore,Allow,False
GOVERNMENT_AND_BUSINESS_IMPERSONATION-017,government_and_business_impersonation,This caller is falsely posing as a government officer and currently collects payments from a government office; case 17.,Identity Theft & Impersonation,Normal/Ignore,Allow,False
GOVERNMENT_AND_BUSINESS_IMPERSONATION-018,government_and_business_impersonation,Evidence indicates this message is falsely posing as a business representative and requests account access from a bank; case 18.,Identity Theft & Impersonation,Normal/Ignore,Allow,False
GOVERNMENT_AND_BUSINESS_IMPERSONATION-019,government_and_business_impersonation,This account deceptively claims to represent a retailer and solicits customers; case 19.,Identity Theft & Impersonation,Normal/Ignore,Allow,False
GOVERNMENT_AND_BUSINESS_IMPERSONATION-020,government_and_business_impersonation,A verified victim report says this profile pretends to be official support and collects payments for a delivery company; case 20.,Identity Theft & Impersonation,Normal/Ignore,Allow,False
GOVERNMENT_AND_BUSINESS_IMPERSONATION-021,government_and_business_impersonation,This caller is falsely posing as a government officer and currently collects payments from a government office; case 21.,Identity Theft & Impersonation,Normal/Ignore,Allow,False
GOVERNMENT_AND_BUSINESS_IMPERSONATION-022,government_and_business_impersonation,Evidence indicates this message is falsely posing as a business representative and requests account access from a bank; case 22.,Identity Theft & Impersonation,Normal/Ignore,Allow,False
GOVERNMENT_AND_BUSINESS_IMPERSONATION-023,government_and_business_impersonation,This account deceptively claims to represent a retailer and solicits customers; case 23.,Identity Theft & Impersonation,Normal/Ignore,Allow,False
GOVERNMENT_AND_BUSINESS_IMPERSONATION-024,government_and_business_impersonation,A verified victim report says this profile pretends to be official support and collects payments for a delivery company; case 24.,Identity Theft & Impersonation,Normal/Ignore,Allow,False
GOVERNMENT_AND_BUSINESS_IMPERSONATION-025,government_and_business_impersonation,This caller is falsely posing as a government officer and currently collects payments from a government office; case 25.,Identity Theft & Impersonation,Normal/Ignore,Allow,False
GOVERNMENT_AND_BUSINESS_IMPERSONATION-026,government_and_business_impersonation,Evidence indicates this message is falsely posing as a business representative and requests account access from a bank; case 26.,Identity Theft & Impersonation,Normal/Ignore,Allow,False
GOVERNMENT_AND_BUSINESS_IMPERSONATION-027,government_and_business_impersonation,This account deceptively claims to represent a retailer and solicits customers; case 27.,Identity Theft & Impersonation,Normal/Ignore,Allow,False
GOVERNMENT_AND_BUSINESS_IMPERSONATION-028,government_and_business_impersonation,A verified victim report says this profile pretends to be official support and collects payments for a delivery company; case 28.,Identity Theft & Impersonation,Normal/Ignore,Allow,False
GOVERNMENT_AND_BUSINESS_IMPERSONATION-029,government_and_business_impersonation,This caller is falsely posing as a government officer and currently collects payments from a government office; case 29.,Identity Theft & Impersonation,Normal/Ignore,Allow,False
GOVERNMENT_AND_BUSINESS_IMPERSONATION-030,government_and_business_impersonation,Evidence indicates this message is falsely posing as a business representative and requests account access from a bank; case 30.,Identity Theft & Impersonation,Normal/Ignore,Allow,False
GOVERNMENT_AND_BUSINESS_IMPERSONATION-031,government_and_business_impersonation,This account deceptively claims to represent a retailer and solicits customers; case 31.,Identity Theft & Impersonation,Normal/Ignore,Allow,False
GOVERNMENT_AND_BUSINESS_IMPERSONATION-032,government_and_business_impersonation,A verified victim report says this profile pretends to be official support and collects payments for a delivery company; case 32.,Identity Theft & Impersonation,Normal/Ignore,Allow,False
GOVERNMENT_AND_BUSINESS_IMPERSONATION-033,government_and_business_impersonation,This caller is falsely posing as a government officer and currently collects payments from a government office; case 33.,Identity Theft & Impersonation,Normal/Ignore,Allow,False
GOVERNMENT_AND_BUSINESS_IMPERSONATION-034,government_and_business_impersonation,Evidence indicates this message is falsely posing as a business representative and requests account access from a bank; case 34.,Identity Theft & Impersonation,Normal/Ignore,Allow,False
GOVERNMENT_AND_BUSINESS_IMPERSONATION-035,government_and_business_impersonation,This account deceptively claims to represent a retailer and solicits customers; case 35.,Identity Theft & Impersonation,Normal/Ignore,Allow,False
GOVERNMENT_AND_BUSINESS_IMPERSONATION-036,government_and_business_impersonation,A verified victim report says this profile pretends to be official support and collects payments for a delivery company; case 36.,Identity Theft & Impersonation,Normal/Ignore,Allow,False
GOVERNMENT_AND_BUSINESS_IMPERSONATION-037,government_and_business_impersonation,This caller is falsely posing as a government officer and currently collects payments from a government office; case 37.,Identity Theft & Impersonation,Normal/Ignore,Allow,False
GOVERNMENT_AND_BUSINESS_IMPERSONATION-038,government_and_business_impersonation,Evidence indicates this message is falsely posing as a business representative and requests account access from a bank; case 38.,Identity Theft & Impersonation,Normal/Ignore,Allow,False
GOVERNMENT_AND_BUSINESS_IMPERSONATION-039,government_and_business_impersonation,This account deceptively claims to represent a retailer and solicits customers; case 39.,Identity Theft & Impersonation,Normal/Ignore,Allow,False
GOVERNMENT_AND_BUSINESS_IMPERSONATION-040,government_and_business_impersonation,A verified victim report says this profile pretends to be official support and collects payments for a delivery company; case 40.,Identity Theft & Impersonation,Normal/Ignore,Allow,False
GOVERNMENT_AND_BUSINESS_IMPERSONATION-041,government_and_business_impersonation,This caller is falsely posing as a government officer and currently collects payments from a government office; case 41.,Identity Theft & Impersonation,Normal/Ignore,Allow,False
GOVERNMENT_AND_BUSINESS_IMPERSONATION-042,government_and_business_impersonation,Evidence indicates this message is falsely posing as a business representative and requests account access from a bank; case 42.,Identity Theft & Impersonation,Normal/Ignore,Allow,False
GOVERNMENT_AND_BUSINESS_IMPERSONATION-043,government_and_business_impersonation,This account deceptively claims to represent a retailer and solicits customers; case 43.,Identity Theft & Impersonation,Normal/Ignore,Allow,False
GOVERNMENT_AND_BUSINESS_IMPERSONATION-044,government_and_business_impersonation,A verified victim report says this profile pretends to be official support and collects payments for a delivery company; case 44.,Identity Theft & Impersonation,Normal/Ignore,Allow,False
GOVERNMENT_AND_BUSINESS_IMPERSONATION-045,government_and_business_impersonation,This caller is falsely posing as a government officer and currently collects payments from a government office; case 45.,Identity Theft & Impersonation,Normal/Ignore,Allow,False
GOVERNMENT_AND_BUSINESS_IMPERSONATION-046,government_and_business_impersonation,Evidence indicates this message is falsely posing as a business representative and requests account access from a bank; case 46.,Identity Theft & Impersonation,Normal/Ignore,Allow,False
GOVERNMENT_AND_BUSINESS_IMPERSONATION-047,government_and_business_impersonation,This account deceptively claims to represent a retailer and solicits customers; case 47.,Identity Theft & Impersonation,Normal/Ignore,Allow,False
GOVERNMENT_AND_BUSINESS_IMPERSONATION-048,government_and_business_impersonation,A verified victim report says this profile pretends to be official support and collects payments for a delivery company; case 48.,Identity Theft & Impersonation,Normal/Ignore,Allow,False
GOVERNMENT_AND_BUSINESS_IMPERSONATION-049,government_and_business_impersonation,This caller is falsely posing as a government officer and currently collects payments from a government office; case 49.,Identity Theft & Impersonation,Normal/Ignore,Allow,False
GOVERNMENT_AND_BUSINESS_IMPERSONATION-050,government_and_business_impersonation,Evidence indicates this message is falsely posing as a business representative and requests account access from a bank; case 50.,Identity Theft & Impersonation,Normal/Ignore,Allow,False
IDENTITY_MISUSE_FOR_TRANSACTIONS_AND_BENEFITS-001,identity_misuse_for_transactions_and_benefits,This applicant uses another person's identity without permission and opens a new account; case 1 involving a customer.,Identity Theft & Impersonation,Normal/Ignore,Allow,False
IDENTITY_MISUSE_FOR_TRANSACTIONS_AND_BENEFITS-002,identity_misuse_for_transactions_and_benefits,Evidence indicates this transaction uses the victim's identity fraudulently and makes purchases; case 2 involving a resident.,Identity Theft & Impersonation,Normal/Ignore,Allow,False
IDENTITY_MISUSE_FOR_TRANSACTIONS_AND_BENEFITS-003,identity_misuse_for_transactions_and_benefits,This user uses personal information without authorization and applies for a loan; case 3 involving an employee.,Identity Theft & Impersonation,Normal/Ignore,Allow,False
IDENTITY_MISUSE_FOR_TRANSACTIONS_AND_BENEFITS-004,identity_misuse_for_transactions_and_benefits,A documented account record says this applicant uses a tax identity without consent and claims benefits; case 4 involving an account holder.,Identity Theft & Impersonation,Normal/Ignore,Allow,False
IDENTITY_MISUSE_FOR_TRANSACTIONS_AND_BENEFITS-005,identity_misuse_for_transactions_and_benefits,This applicant uses another person's identity without permission and opens a new account; case 5 involving a customer.,Identity Theft & Impersonation,Normal/Ignore,Allow,False
IDENTITY_MISUSE_FOR_TRANSACTIONS_AND_BENEFITS-006,identity_misuse_for_transactions_and_benefits,Evidence indicates this transaction uses the victim's identity fraudulently and makes purchases; case 6 involving a resident.,Identity Theft & Impersonation,Normal/Ignore,Allow,False
IDENTITY_MISUSE_FOR_TRANSACTIONS_AND_BENEFITS-007,identity_misuse_for_transactions_and_benefits,This user uses personal information without authorization and applies for a loan; case 7 involving an employee.,Identity Theft & Impersonation,Normal/Ignore,Allow,False
IDENTITY_MISUSE_FOR_TRANSACTIONS_AND_BENEFITS-008,identity_misuse_for_transactions_and_benefits,A documented account record says this applicant uses a tax identity without consent and claims benefits; case 8 involving an account holder.,Identity Theft & Impersonation,Normal/Ignore,Allow,False
IDENTITY_MISUSE_FOR_TRANSACTIONS_AND_BENEFITS-009,identity_misuse_for_transactions_and_benefits,This applicant uses another person's identity without permission and opens a new account; case 9 involving a customer.,Identity Theft & Impersonation,Normal/Ignore,Allow,False
IDENTITY_MISUSE_FOR_TRANSACTIONS_AND_BENEFITS-010,identity_misuse_for_transactions_and_benefits,Evidence indicates this transaction uses the victim's identity fraudulently and makes purchases; case 10 involving a resident.,Identity Theft & Impersonation,Normal/Ignore,Allow,False
IDENTITY_MISUSE_FOR_TRANSACTIONS_AND_BENEFITS-011,identity_misuse_for_transactions_and_benefits,This user uses personal information without authorization and applies for a loan; case 11 involving an employee.,Identity Theft & Impersonation,Normal/Ignore,Allow,False
IDENTITY_MISUSE_FOR_TRANSACTIONS_AND_BENEFITS-012,identity_misuse_for_transactions_and_benefits,A documented account record says this applicant uses a tax identity without consent and claims benefits; case 12 involving an account holder.,Identity Theft & Impersonation,Normal/Ignore,Allow,False
IDENTITY_MISUSE_FOR_TRANSACTIONS_AND_BENEFITS-013,identity_misuse_for_transactions_and_benefits,This applicant uses another person's identity without permission and opens a new account; case 13 involving a customer.,Identity Theft & Impersonation,Normal/Ignore,Allow,False
IDENTITY_MISUSE_FOR_TRANSACTIONS_AND_BENEFITS-014,identity_misuse_for_transactions_and_benefits,Evidence indicates this transaction uses the victim's identity fraudulently and makes purchases; case 14 involving a resident.,Identity Theft & Impersonation,Normal/Ignore,Allow,False
IDENTITY_MISUSE_FOR_TRANSACTIONS_AND_BENEFITS-015,identity_misuse_for_transactions_and_benefits,This user uses personal information without authorization and applies for a loan; case 15 involving an employee.,Identity Theft & Impersonation,Normal/Ignore,Allow,False
IDENTITY_MISUSE_FOR_TRANSACTIONS_AND_BENEFITS-016,identity_misuse_for_transactions_and_benefits,A documented account record says this applicant uses a tax identity without consent and claims benefits; case 16 involving an account holder.,Identity Theft & Impersonation,Normal/Ignore,Allow,False
IDENTITY_MISUSE_FOR_TRANSACTIONS_AND_BENEFITS-017,identity_misuse_for_transactions_and_benefits,This applicant uses another person's identity without permission and opens a new account; case 17 involving a customer.,Identity Theft & Impersonation,Normal/Ignore,Allow,False
IDENTITY_MISUSE_FOR_TRANSACTIONS_AND_BENEFITS-018,identity_misuse_for_transactions_and_benefits,Evidence indicates this transaction uses the victim's identity fraudulently and makes purchases; case 18 involving a resident.,Identity Theft & Impersonation,Normal/Ignore,Allow,False
IDENTITY_MISUSE_FOR_TRANSACTIONS_AND_BENEFITS-019,identity_misuse_for_transactions_and_benefits,This user uses personal information without authorization and applies for a loan; case 19 involving an employee.,Identity Theft & Impersonation,Normal/Ignore,Allow,False
IDENTITY_MISUSE_FOR_TRANSACTIONS_AND_BENEFITS-020,identity_misuse_for_transactions_and_benefits,A documented account record says this applicant uses a tax identity without consent and claims benefits; case 20 involving an account holder.,Identity Theft & Impersonation,Normal/Ignore,Allow,False
IDENTITY_MISUSE_FOR_TRANSACTIONS_AND_BENEFITS-021,identity_misuse_for_transactions_and_benefits,This applicant uses another person's identity without permission and opens a new account; case 21 involving a customer.,Identity Theft & Impersonation,Normal/Ignore,Allow,False
IDENTITY_MISUSE_FOR_TRANSACTIONS_AND_BENEFITS-022,identity_misuse_for_transactions_and_benefits,Evidence indicates this transaction uses the victim's identity fraudulently and makes purchases; case 22 involving a resident.,Identity Theft & Impersonation,Normal/Ignore,Allow,False
IDENTITY_MISUSE_FOR_TRANSACTIONS_AND_BENEFITS-023,identity_misuse_for_transactions_and_benefits,This user uses personal information without authorization and applies for a loan; case 23 involving an employee.,Identity Theft & Impersonation,Normal/Ignore,Allow,False
IDENTITY_MISUSE_FOR_TRANSACTIONS_AND_BENEFITS-024,identity_misuse_for_transactions_and_benefits,A documented account record says this applicant uses a tax identity without consent and claims benefits; case 24 involving an account holder.,Identity Theft & Impersonation,Normal/Ignore,Allow,False
IDENTITY_MISUSE_FOR_TRANSACTIONS_AND_BENEFITS-025,identity_misuse_for_transactions_and_benefits,This applicant uses another person's identity without permission and opens a new account; case 25 involving a customer.,Identity Theft & Impersonation,Normal/Ignore,Allow,False
IDENTITY_MISUSE_FOR_TRANSACTIONS_AND_BENEFITS-026,identity_misuse_for_transactions_and_benefits,Evidence indicates this transaction uses the victim's identity fraudulently and makes purchases; case 26 involving a resident.,Identity Theft & Impersonation,Normal/Ignore,Allow,False
IDENTITY_MISUSE_FOR_TRANSACTIONS_AND_BENEFITS-027,identity_misuse_for_transactions_and_benefits,This user uses personal information without authorization and applies for a loan; case 27 involving an employee.,Identity Theft & Impersonation,Normal/Ignore,Allow,False
IDENTITY_MISUSE_FOR_TRANSACTIONS_AND_BENEFITS-028,identity_misuse_for_transactions_and_benefits,A documented account record says this applicant uses a tax identity without consent and claims benefits; case 28 involving an account holder.,Identity Theft & Impersonation,Normal/Ignore,Allow,False
IDENTITY_MISUSE_FOR_TRANSACTIONS_AND_BENEFITS-029,identity_misuse_for_transactions_and_benefits,This applicant uses another person's identity without permission and opens a new account; case 29 involving a customer.,Identity Theft & Impersonation,Normal/Ignore,Allow,False
IDENTITY_MISUSE_FOR_TRANSACTIONS_AND_BENEFITS-030,identity_misuse_for_transactions_and_benefits,Evidence indicates this transaction uses the victim's identity fraudulently and makes purchases; case 30 involving a resident.,Identity Theft & Impersonation,Normal/Ignore,Allow,False
IDENTITY_MISUSE_FOR_TRANSACTIONS_AND_BENEFITS-031,identity_misuse_for_transactions_and_benefits,This user uses personal information without authorization and applies for a loan; case 31 involving an employee.,Identity Theft & Impersonation,Normal/Ignore,Allow,False
IDENTITY_MISUSE_FOR_TRANSACTIONS_AND_BENEFITS-032,identity_misuse_for_transactions_and_benefits,A documented account record says this applicant uses a tax identity without consent and claims benefits; case 32 involving an account holder.,Identity Theft & Impersonation,Normal/Ignore,Allow,False
IDENTITY_MISUSE_FOR_TRANSACTIONS_AND_BENEFITS-033,identity_misuse_for_transactions_and_benefits,This applicant uses another person's identity without permission and opens a new account; case 33 involving a customer.,Identity Theft & Impersonation,Normal/Ignore,Allow,False
IDENTITY_MISUSE_FOR_TRANSACTIONS_AND_BENEFITS-034,identity_misuse_for_transactions_and_benefits,Evidence indicates this transaction uses the victim's identity fraudulently and makes purchases; case 34 involving a resident.,Identity Theft & Impersonation,Normal/Ignore,Allow,False
IDENTITY_MISUSE_FOR_TRANSACTIONS_AND_BENEFITS-035,identity_misuse_for_transactions_and_benefits,This user uses personal information without authorization and applies for a loan; case 35 involving an employee.,Identity Theft & Impersonation,Normal/Ignore,Allow,False
IDENTITY_MISUSE_FOR_TRANSACTIONS_AND_BENEFITS-036,identity_misuse_for_transactions_and_benefits,A documented account record says this applicant uses a tax identity without consent and claims benefits; case 36 involving an account holder.,Identity Theft & Impersonation,Normal/Ignore,Allow,False
IDENTITY_MISUSE_FOR_TRANSACTIONS_AND_BENEFITS-037,identity_misuse_for_transactions_and_benefits,This applicant uses another person's identity without permission and opens a new account; case 37 involving a customer.,Identity Theft & Impersonation,Normal/Ignore,Allow,False
IDENTITY_MISUSE_FOR_TRANSACTIONS_AND_BENEFITS-038,identity_misuse_for_transactions_and_benefits,Evidence indicates this transaction uses the victim's identity fraudulently and makes purchases; case 38 involving a resident.,Identity Theft & Impersonation,Normal/Ignore,Allow,False
IDENTITY_MISUSE_FOR_TRANSACTIONS_AND_BENEFITS-039,identity_misuse_for_transactions_and_benefits,This user uses personal information without authorization and applies for a loan; case 39 involving an employee.,Identity Theft & Impersonation,Normal/Ignore,Allow,False
IDENTITY_MISUSE_FOR_TRANSACTIONS_AND_BENEFITS-040,identity_misuse_for_transactions_and_benefits,A documented account record says this applicant uses a tax identity without consent and claims benefits; case 40 involving an account holder.,Identity Theft & Impersonation,Normal/Ignore,Allow,False
IDENTITY_MISUSE_FOR_TRANSACTIONS_AND_BENEFITS-041,identity_misuse_for_transactions_and_benefits,This applicant uses another person's identity without permission and opens a new account; case 41 involving a customer.,Identity Theft & Impersonation,Normal/Ignore,Allow,False
IDENTITY_MISUSE_FOR_TRANSACTIONS_AND_BENEFITS-042,identity_misuse_for_transactions_and_benefits,Evidence indicates this transaction uses the victim's identity fraudulently and makes purchases; case 42 involving a resident.,Identity Theft & Impersonation,Normal/Ignore,Allow,False
IDENTITY_MISUSE_FOR_TRANSACTIONS_AND_BENEFITS-043,identity_misuse_for_transactions_and_benefits,This user uses personal information without authorization and applies for a loan; case 43 involving an employee.,Identity Theft & Impersonation,Normal/Ignore,Allow,False
IDENTITY_MISUSE_FOR_TRANSACTIONS_AND_BENEFITS-044,identity_misuse_for_transactions_and_benefits,A documented account record says this applicant uses a tax identity without consent and claims benefits; case 44 involving an account holder.,Identity Theft & Impersonation,Normal/Ignore,Allow,False
IDENTITY_MISUSE_FOR_TRANSACTIONS_AND_BENEFITS-045,identity_misuse_for_transactions_and_benefits,This applicant uses another person's identity without permission and opens a new account; case 45 involving a customer.,Identity Theft & Impersonation,Normal/Ignore,Allow,False
IDENTITY_MISUSE_FOR_TRANSACTIONS_AND_BENEFITS-046,identity_misuse_for_transactions_and_benefits,Evidence indicates this transaction uses the victim's identity fraudulently and makes purchases; case 46 involving a resident.,Identity Theft & Impersonation,Normal/Ignore,Allow,False
IDENTITY_MISUSE_FOR_TRANSACTIONS_AND_BENEFITS-047,identity_misuse_for_transactions_and_benefits,This user uses personal information without authorization and applies for a loan; case 47 involving an employee.,Identity Theft & Impersonation,Normal/Ignore,Allow,False
IDENTITY_MISUSE_FOR_TRANSACTIONS_AND_BENEFITS-048,identity_misuse_for_transactions_and_benefits,A documented account record says this applicant uses a tax identity without consent and claims benefits; case 48 involving an account holder.,Identity Theft & Impersonation,Normal/Ignore,Allow,False
IDENTITY_MISUSE_FOR_TRANSACTIONS_AND_BENEFITS-049,identity_misuse_for_transactions_and_benefits,This applicant uses another person's identity without permission and opens a new account; case 49 involving a customer.,Identity Theft & Impersonation,Normal/Ignore,Allow,False
IDENTITY_MISUSE_FOR_TRANSACTIONS_AND_BENEFITS-050,identity_misuse_for_transactions_and_benefits,Evidence indicates this transaction uses the victim's identity fraudulently and makes purchases; case 50 involving a resident.,Identity Theft & Impersonation,Normal/Ignore,Allow,False
CREDENTIAL_AND_ACCOUNT_TAKEOVER_MISUSE-001,credential_and_account_takeover_misuse,This user uses stolen credentials for an online account and accesses the account; case 1 involving a customer.,Identity Theft & Impersonation,Normal/Ignore,Allow,False
CREDENTIAL_AND_ACCOUNT_TAKEOVER_MISUSE-002,credential_and_account_takeover_misuse,Evidence indicates this account uses login credentials without authorization and takes over the account; case 2 involving a resident.,Identity Theft & Impersonation,Normal/Ignore,Allow,False
CREDENTIAL_AND_ACCOUNT_TAKEOVER_MISUSE-003,credential_and_account_takeover_misuse,A verified victim report says this user uses account credentials without permission and changes the account email; case 3 involving an employee.,Identity Theft & Impersonation,Normal/Ignore,Allow,False
CREDENTIAL_AND_ACCOUNT_TAKEOVER_MISUSE-004,credential_and_account_takeover_misuse,This account uses a customer account against the victim's wishes and sends messages to contacts; case 4 involving an account holder.,Identity Theft & Impersonation,Normal/Ignore,Allow,False
CREDENTIAL_AND_ACCOUNT_TAKEOVER_MISUSE-005,credential_and_account_takeover_misuse,This user uses stolen credentials for an online account and accesses the account; case 5 involving a customer.,Identity Theft & Impersonation,Normal/Ignore,Allow,False
CREDENTIAL_AND_ACCOUNT_TAKEOVER_MISUSE-006,credential_and_account_takeover_misuse,Evidence indicates this account uses login credentials without authorization and takes over the account; case 6 involving a resident.,Identity Theft & Impersonation,Normal/Ignore,Allow,False
CREDENTIAL_AND_ACCOUNT_TAKEOVER_MISUSE-007,credential_and_account_takeover_misuse,A verified victim report says this user uses account credentials without permission and changes the account email; case 7 involving an employee.,Identity Theft & Impersonation,Normal/Ignore,Allow,False
CREDENTIAL_AND_ACCOUNT_TAKEOVER_MISUSE-008,credential_and_account_takeover_misuse,This account uses a customer account against the victim's wishes and sends messages to contacts; case 8 involving an account holder.,Identity Theft & Impersonation,Normal/Ignore,Allow,False
CREDENTIAL_AND_ACCOUNT_TAKEOVER_MISUSE-009,credential_and_account_takeover_misuse,This user uses stolen credentials for an online account and accesses the account; case 9 involving a customer.,Identity Theft & Impersonation,Normal/Ignore,Allow,False
CREDENTIAL_AND_ACCOUNT_TAKEOVER_MISUSE-010,credential_and_account_takeover_misuse,Evidence indicates this account uses login credentials without authorization and takes over the account; case 10 involving a resident.,Identity Theft & Impersonation,Normal/Ignore,Allow,False
CREDENTIAL_AND_ACCOUNT_TAKEOVER_MISUSE-011,credential_and_account_takeover_misuse,A verified victim report says this user uses account credentials without permission and changes the account email; case 11 involving an employee.,Identity Theft & Impersonation,Normal/Ignore,Allow,False
CREDENTIAL_AND_ACCOUNT_TAKEOVER_MISUSE-012,credential_and_account_takeover_misuse,This account uses a customer account against the victim's wishes and sends messages to contacts; case 12 involving an account holder.,Identity Theft & Impersonation,Normal/Ignore,Allow,False
CREDENTIAL_AND_ACCOUNT_TAKEOVER_MISUSE-013,credential_and_account_takeover_misuse,This user uses stolen credentials for an online account and accesses the account; case 13 involving a customer.,Identity Theft & Impersonation,Normal/Ignore,Allow,False
CREDENTIAL_AND_ACCOUNT_TAKEOVER_MISUSE-014,credential_and_account_takeover_misuse,Evidence indicates this account uses login credentials without authorization and takes over the account; case 14 involving a resident.,Identity Theft & Impersonation,Normal/Ignore,Allow,False
CREDENTIAL_AND_ACCOUNT_TAKEOVER_MISUSE-015,credential_and_account_takeover_misuse,A verified victim report says this user uses account credentials without permission and changes the account email; case 15 involving an employee.,Identity Theft & Impersonation,Normal/Ignore,Allow,False
CREDENTIAL_AND_ACCOUNT_TAKEOVER_MISUSE-016,credential_and_account_takeover_misuse,This account uses a customer account against the victim's wishes and sends messages to contacts; case 16 involving an account holder.,Identity Theft & Impersonation,Normal/Ignore,Allow,False
CREDENTIAL_AND_ACCOUNT_TAKEOVER_MISUSE-017,credential_and_account_takeover_misuse,This user uses stolen credentials for an online account and accesses the account; case 17 involving a customer.,Identity Theft & Impersonation,Normal/Ignore,Allow,False
CREDENTIAL_AND_ACCOUNT_TAKEOVER_MISUSE-018,credential_and_account_takeover_misuse,Evidence indicates this account uses login credentials without authorization and takes over the account; case 18 involving a resident.,Identity Theft & Impersonation,Normal/Ignore,Allow,False
CREDENTIAL_AND_ACCOUNT_TAKEOVER_MISUSE-019,credential_and_account_takeover_misuse,A verified victim report says this user uses account credentials without permission and changes the account email; case 19 involving an employee.,Identity Theft & Impersonation,Normal/Ignore,Allow,False
CREDENTIAL_AND_ACCOUNT_TAKEOVER_MISUSE-020,credential_and_account_takeover_misuse,This account uses a customer account against the victim's wishes and sends messages to contacts; case 20 involving an account holder.,Identity Theft & Impersonation,Normal/Ignore,Allow,False
CREDENTIAL_AND_ACCOUNT_TAKEOVER_MISUSE-021,credential_and_account_takeover_misuse,This user uses stolen credentials for an online account and accesses the account; case 21 involving a customer.,Identity Theft & Impersonation,Normal/Ignore,Allow,False
CREDENTIAL_AND_ACCOUNT_TAKEOVER_MISUSE-022,credential_and_account_takeover_misuse,Evidence indicates this account uses login credentials without authorization and takes over the account; case 22 involving a resident.,Identity Theft & Impersonation,Normal/Ignore,Allow,False
CREDENTIAL_AND_ACCOUNT_TAKEOVER_MISUSE-023,credential_and_account_takeover_misuse,A verified victim report says this user uses account credentials without permission and changes the account email; case 23 involving an employee.,Identity Theft & Impersonation,Normal/Ignore,Allow,False
CREDENTIAL_AND_ACCOUNT_TAKEOVER_MISUSE-024,credential_and_account_takeover_misuse,This account uses a customer account against the victim's wishes and sends messages to contacts; case 24 involving an account holder.,Identity Theft & Impersonation,Normal/Ignore,Allow,False
CREDENTIAL_AND_ACCOUNT_TAKEOVER_MISUSE-025,credential_and_account_takeover_misuse,This user uses stolen credentials for an online account and accesses the account; case 25 involving a customer.,Identity Theft & Impersonation,Normal/Ignore,Allow,False
CREDENTIAL_AND_ACCOUNT_TAKEOVER_MISUSE-026,credential_and_account_takeover_misuse,Evidence indicates this account uses login credentials without authorization and takes over the account; case 26 involving a resident.,Identity Theft & Impersonation,Normal/Ignore,Allow,False
CREDENTIAL_AND_ACCOUNT_TAKEOVER_MISUSE-027,credential_and_account_takeover_misuse,A verified victim report says this user uses account credentials without permission and changes the account email; case 27 involving an employee.,Identity Theft & Impersonation,Normal/Ignore,Allow,False
CREDENTIAL_AND_ACCOUNT_TAKEOVER_MISUSE-028,credential_and_account_takeover_misuse,This account uses a customer account against the victim's wishes and sends messages to contacts; case 28 involving an account holder.,Identity Theft & Impersonation,Normal/Ignore,Allow,False
CREDENTIAL_AND_ACCOUNT_TAKEOVER_MISUSE-029,credential_and_account_takeover_misuse,This user uses stolen credentials for an online account and accesses the account; case 29 involving a customer.,Identity Theft & Impersonation,Normal/Ignore,Allow,False
CREDENTIAL_AND_ACCOUNT_TAKEOVER_MISUSE-030,credential_and_account_takeover_misuse,Evidence indicates this account uses login credentials without authorization and takes over the account; case 30 involving a resident.,Identity Theft & Impersonation,Normal/Ignore,Allow,False
CREDENTIAL_AND_ACCOUNT_TAKEOVER_MISUSE-031,credential_and_account_takeover_misuse,A verified victim report says this user uses account credentials without permission and changes the account email; case 31 involving an employee.,Identity Theft & Impersonation,Normal/Ignore,Allow,False
CREDENTIAL_AND_ACCOUNT_TAKEOVER_MISUSE-032,credential_and_account_takeover_misuse,This account uses a customer account against the victim's wishes and sends messages to contacts; case 32 involving an account holder.,Identity Theft & Impersonation,Normal/Ignore,Allow,False
CREDENTIAL_AND_ACCOUNT_TAKEOVER_MISUSE-033,credential_and_account_takeover_misuse,This user uses stolen credentials for an online account and accesses the account; case 33 involving a customer.,Identity Theft & Impersonation,Normal/Ignore,Allow,False
CREDENTIAL_AND_ACCOUNT_TAKEOVER_MISUSE-034,credential_and_account_takeover_misuse,Evidence indicates this account uses login credentials without authorization and takes over the account; case 34 involving a resident.,Identity Theft & Impersonation,Normal/Ignore,Allow,False
CREDENTIAL_AND_ACCOUNT_TAKEOVER_MISUSE-035,credential_and_account_takeover_misuse,A verified victim report says this user uses account credentials without permission and changes the account email; case 35 involving an employee.,Identity Theft & Impersonation,Normal/Ignore,Allow,False
CREDENTIAL_AND_ACCOUNT_TAKEOVER_MISUSE-036,credential_and_account_takeover_misuse,This account uses a customer account against the victim's wishes and sends messages to contacts; case 36 involving an account holder.,Identity Theft & Impersonation,Normal/Ignore,Allow,False
CREDENTIAL_AND_ACCOUNT_TAKEOVER_MISUSE-037,credential_and_account_takeover_misuse,This user uses stolen credentials for an online account and accesses the account; case 37 involving a customer.,Identity Theft & Impersonation,Normal/Ignore,Allow,False
CREDENTIAL_AND_ACCOUNT_TAKEOVER_MISUSE-038,credential_and_account_takeover_misuse,Evidence indicates this account uses login credentials without authorization and takes over the account; case 38 involving a resident.,Identity Theft & Impersonation,Normal/Ignore,Allow,False
CREDENTIAL_AND_ACCOUNT_TAKEOVER_MISUSE-039,credential_and_account_takeover_misuse,A verified victim report says this user uses account credentials without permission and changes the account email; case 39 involving an employee.,Identity Theft & Impersonation,Normal/Ignore,Allow,False
CREDENTIAL_AND_ACCOUNT_TAKEOVER_MISUSE-040,credential_and_account_takeover_misuse,This account uses a customer account against the victim's wishes and sends messages to contacts; case 40 involving an account holder.,Identity Theft & Impersonation,Normal/Ignore,Allow,False
CREDENTIAL_AND_ACCOUNT_TAKEOVER_MISUSE-041,credential_and_account_takeover_misuse,This user uses stolen credentials for an online account and accesses the account; case 41 involving a customer.,Identity Theft & Impersonation,Normal/Ignore,Allow,False
CREDENTIAL_AND_ACCOUNT_TAKEOVER_MISUSE-042,credential_and_account_takeover_misuse,Evidence indicates this account uses login credentials without authorization and takes over the account; case 42 involving a resident.,Identity Theft & Impersonation,Normal/Ignore,Allow,False
CREDENTIAL_AND_ACCOUNT_TAKEOVER_MISUSE-043,credential_and_account_takeover_misuse,A verified victim report says this user uses account credentials without permission and changes the account email; case 43 involving an employee.,Identity Theft & Impersonation,Normal/Ignore,Allow,False
CREDENTIAL_AND_ACCOUNT_TAKEOVER_MISUSE-044,credential_and_account_takeover_misuse,This account uses a customer account against the victim's wishes and sends messages to contacts; case 44 involving an account holder.,Identity Theft & Impersonation,Normal/Ignore,Allow,False
CREDENTIAL_AND_ACCOUNT_TAKEOVER_MISUSE-045,credential_and_account_takeover_misuse,This user uses stolen credentials for an online account and accesses the account; case 45 involving a customer.,Identity Theft & Impersonation,Normal/Ignore,Allow,False
CREDENTIAL_AND_ACCOUNT_TAKEOVER_MISUSE-046,credential_and_account_takeover_misuse,Evidence indicates this account uses login credentials without authorization and takes over the account; case 46 involving a resident.,Identity Theft & Impersonation,Normal/Ignore,Allow,False
CREDENTIAL_AND_ACCOUNT_TAKEOVER_MISUSE-047,credential_and_account_takeover_misuse,A verified victim report says this user uses account credentials without permission and changes the account email; case 47 involving an employee.,Identity Theft & Impersonation,Normal/Ignore,Allow,False
CREDENTIAL_AND_ACCOUNT_TAKEOVER_MISUSE-048,credential_and_account_takeover_misuse,This account uses a customer account against the victim's wishes and sends messages to contacts; case 48 involving an account holder.,Identity Theft & Impersonation,Normal/Ignore,Allow,False
CREDENTIAL_AND_ACCOUNT_TAKEOVER_MISUSE-049,credential_and_account_takeover_misuse,This user uses stolen credentials for an online account and accesses the account; case 49 involving a customer.,Identity Theft & Impersonation,Normal/Ignore,Allow,False
CREDENTIAL_AND_ACCOUNT_TAKEOVER_MISUSE-050,credential_and_account_takeover_misuse,Evidence indicates this account uses login credentials without authorization and takes over the account; case 50 involving a resident.,Identity Theft & Impersonation,Normal/Ignore,Allow,False
UNCERTAIN_IDENTITY_AUTHORIZATION_OR_INTENT-001,uncertain_identity_authorization_or_intent,"This profile may be impersonating another person, but identity cannot be verified; case 1 involving a customer.",Uncertain,Normal/Ignore,Allow,False
UNCERTAIN_IDENTITY_AUTHORIZATION_OR_INTENT-002,uncertain_identity_authorization_or_intent,"This account is posing as another person, while authorization is unclear; case 2 involving a resident.",Uncertain,Normal/Ignore,Allow,False
UNCERTAIN_IDENTITY_AUTHORIZATION_OR_INTENT-003,uncertain_identity_authorization_or_intent,"A current account cloned the victim's profile, but account ownership is disputed; case 3 involving an employee.",Uncertain,Normal/Ignore,Allow,False
UNCERTAIN_IDENTITY_AUTHORIZATION_OR_INTENT-004,uncertain_identity_authorization_or_intent,"Evidence indicates a fake profile pretending to be another person, while deceptive intent is unclear; case 4 involving an account holder.",Uncertain,Normal/Ignore,Allow,False
UNCERTAIN_IDENTITY_AUTHORIZATION_OR_INTENT-005,uncertain_identity_authorization_or_intent,"This profile may be impersonating another person, but identity cannot be verified; case 5 involving a customer.",Uncertain,Normal/Ignore,Allow,False
UNCERTAIN_IDENTITY_AUTHORIZATION_OR_INTENT-006,uncertain_identity_authorization_or_intent,"This account is posing as another person, while authorization is unclear; case 6 involving a resident.",Uncertain,Normal/Ignore,Allow,False
UNCERTAIN_IDENTITY_AUTHORIZATION_OR_INTENT-007,uncertain_identity_authorization_or_intent,"A current account cloned the victim's profile, but account ownership is disputed; case 7 involving an employee.",Uncertain,Normal/Ignore,Allow,False
UNCERTAIN_IDENTITY_AUTHORIZATION_OR_INTENT-008,uncertain_identity_authorization_or_intent,"Evidence indicates a fake profile pretending to be another person, while deceptive intent is unclear; case 8 involving an account holder.",Uncertain,Normal/Ignore,Allow,False
UNCERTAIN_IDENTITY_AUTHORIZATION_OR_INTENT-009,uncertain_identity_authorization_or_intent,"This profile may be impersonating another person, but identity cannot be verified; case 9 involving a customer.",Uncertain,Normal/Ignore,Allow,False
UNCERTAIN_IDENTITY_AUTHORIZATION_OR_INTENT-010,uncertain_identity_authorization_or_intent,"This account is posing as another person, while authorization is unclear; case 10 involving a resident.",Uncertain,Normal/Ignore,Allow,False
UNCERTAIN_IDENTITY_AUTHORIZATION_OR_INTENT-011,uncertain_identity_authorization_or_intent,"A current account cloned the victim's profile, but account ownership is disputed; case 11 involving an employee.",Uncertain,Normal/Ignore,Allow,False
UNCERTAIN_IDENTITY_AUTHORIZATION_OR_INTENT-012,uncertain_identity_authorization_or_intent,"Evidence indicates a fake profile pretending to be another person, while deceptive intent is unclear; case 12 involving an account holder.",Uncertain,Normal/Ignore,Allow,False
UNCERTAIN_IDENTITY_AUTHORIZATION_OR_INTENT-013,uncertain_identity_authorization_or_intent,"This profile may be impersonating another person, but identity cannot be verified; case 13 involving a customer.",Uncertain,Normal/Ignore,Allow,False
UNCERTAIN_IDENTITY_AUTHORIZATION_OR_INTENT-014,uncertain_identity_authorization_or_intent,"This account is posing as another person, while authorization is unclear; case 14 involving a resident.",Uncertain,Normal/Ignore,Allow,False
UNCERTAIN_IDENTITY_AUTHORIZATION_OR_INTENT-015,uncertain_identity_authorization_or_intent,"A current account cloned the victim's profile, but account ownership is disputed; case 15 involving an employee.",Uncertain,Normal/Ignore,Allow,False
UNCERTAIN_IDENTITY_AUTHORIZATION_OR_INTENT-016,uncertain_identity_authorization_or_intent,"Evidence indicates a fake profile pretending to be another person, while deceptive intent is unclear; case 16 involving an account holder.",Uncertain,Normal/Ignore,Allow,False
UNCERTAIN_IDENTITY_AUTHORIZATION_OR_INTENT-017,uncertain_identity_authorization_or_intent,"This profile may be impersonating another person, but identity cannot be verified; case 17 involving a customer.",Uncertain,Normal/Ignore,Allow,False
UNCERTAIN_IDENTITY_AUTHORIZATION_OR_INTENT-018,uncertain_identity_authorization_or_intent,"This account is posing as another person, while authorization is unclear; case 18 involving a resident.",Uncertain,Normal/Ignore,Allow,False
UNCERTAIN_IDENTITY_AUTHORIZATION_OR_INTENT-019,uncertain_identity_authorization_or_intent,"A current account cloned the victim's profile, but account ownership is disputed; case 19 involving an employee.",Uncertain,Normal/Ignore,Allow,False
UNCERTAIN_IDENTITY_AUTHORIZATION_OR_INTENT-020,uncertain_identity_authorization_or_intent,"Evidence indicates a fake profile pretending to be another person, while deceptive intent is unclear; case 20 involving an account holder.",Uncertain,Normal/Ignore,Allow,False
UNCERTAIN_IDENTITY_AUTHORIZATION_OR_INTENT-021,uncertain_identity_authorization_or_intent,"This profile may be impersonating another person, but identity cannot be verified; case 21 involving a customer.",Uncertain,Normal/Ignore,Allow,False
UNCERTAIN_IDENTITY_AUTHORIZATION_OR_INTENT-022,uncertain_identity_authorization_or_intent,"This account is posing as another person, while authorization is unclear; case 22 involving a resident.",Uncertain,Normal/Ignore,Allow,False
UNCERTAIN_IDENTITY_AUTHORIZATION_OR_INTENT-023,uncertain_identity_authorization_or_intent,"A current account cloned the victim's profile, but account ownership is disputed; case 23 involving an employee.",Uncertain,Normal/Ignore,Allow,False
UNCERTAIN_IDENTITY_AUTHORIZATION_OR_INTENT-024,uncertain_identity_authorization_or_intent,"Evidence indicates a fake profile pretending to be another person, while deceptive intent is unclear; case 24 involving an account holder.",Uncertain,Normal/Ignore,Allow,False
UNCERTAIN_IDENTITY_AUTHORIZATION_OR_INTENT-025,uncertain_identity_authorization_or_intent,"This profile may be impersonating another person, but identity cannot be verified; case 25 involving a customer.",Uncertain,Normal/Ignore,Allow,False
UNCERTAIN_IDENTITY_AUTHORIZATION_OR_INTENT-026,uncertain_identity_authorization_or_intent,"This account is posing as another person, while authorization is unclear; case 26 involving a resident.",Uncertain,Normal/Ignore,Allow,False
UNCERTAIN_IDENTITY_AUTHORIZATION_OR_INTENT-027,uncertain_identity_authorization_or_intent,"A current account cloned the victim's profile, but account ownership is disputed; case 27 involving an employee.",Uncertain,Normal/Ignore,Allow,False
UNCERTAIN_IDENTITY_AUTHORIZATION_OR_INTENT-028,uncertain_identity_authorization_or_intent,"Evidence indicates a fake profile pretending to be another person, while deceptive intent is unclear; case 28 involving an account holder.",Uncertain,Normal/Ignore,Allow,False
UNCERTAIN_IDENTITY_AUTHORIZATION_OR_INTENT-029,uncertain_identity_authorization_or_intent,"This profile may be impersonating another person, but identity cannot be verified; case 29 involving a customer.",Uncertain,Normal/Ignore,Allow,False
UNCERTAIN_IDENTITY_AUTHORIZATION_OR_INTENT-030,uncertain_identity_authorization_or_intent,"This account is posing as another person, while authorization is unclear; case 30 involving a resident.",Uncertain,Normal/Ignore,Allow,False
UNCERTAIN_IDENTITY_AUTHORIZATION_OR_INTENT-031,uncertain_identity_authorization_or_intent,"A current account cloned the victim's profile, but account ownership is disputed; case 31 involving an employee.",Uncertain,Normal/Ignore,Allow,False
UNCERTAIN_IDENTITY_AUTHORIZATION_OR_INTENT-032,uncertain_identity_authorization_or_intent,"Evidence indicates a fake profile pretending to be another person, while deceptive intent is unclear; case 32 involving an account holder.",Uncertain,Normal/Ignore,Allow,False
UNCERTAIN_IDENTITY_AUTHORIZATION_OR_INTENT-033,uncertain_identity_authorization_or_intent,"This profile may be impersonating another person, but identity cannot be verified; case 33 involving a customer.",Uncertain,Normal/Ignore,Allow,False
UNCERTAIN_IDENTITY_AUTHORIZATION_OR_INTENT-034,uncertain_identity_authorization_or_intent,"This account is posing as another person, while authorization is unclear; case 34 involving a resident.",Uncertain,Normal/Ignore,Allow,False
UNCERTAIN_IDENTITY_AUTHORIZATION_OR_INTENT-035,uncertain_identity_authorization_or_intent,"A current account cloned the victim's profile, but account ownership is disputed; case 35 involving an employee.",Uncertain,Normal/Ignore,Allow,False
UNCERTAIN_IDENTITY_AUTHORIZATION_OR_INTENT-036,uncertain_identity_authorization_or_intent,"Evidence indicates a fake profile pretending to be another person, while deceptive intent is unclear; case 36 involving an account holder.",Uncertain,Normal/Ignore,Allow,False
UNCERTAIN_IDENTITY_AUTHORIZATION_OR_INTENT-037,uncertain_identity_authorization_or_intent,"This profile may be impersonating another person, but identity cannot be verified; case 37 involving a customer.",Uncertain,Normal/Ignore,Allow,False
UNCERTAIN_IDENTITY_AUTHORIZATION_OR_INTENT-038,uncertain_identity_authorization_or_intent,"This account is posing as another person, while authorization is unclear; case 38 involving a resident.",Uncertain,Normal/Ignore,Allow,False
UNCERTAIN_IDENTITY_AUTHORIZATION_OR_INTENT-039,uncertain_identity_authorization_or_intent,"A current account cloned the victim's profile, but account ownership is disputed; case 39 involving an employee.",Uncertain,Normal/Ignore,Allow,False
UNCERTAIN_IDENTITY_AUTHORIZATION_OR_INTENT-040,uncertain_identity_authorization_or_intent,"Evidence indicates a fake profile pretending to be another person, while deceptive intent is unclear; case 40 involving an account holder.",Uncertain,Normal/Ignore,Allow,False
UNCERTAIN_IDENTITY_AUTHORIZATION_OR_INTENT-041,uncertain_identity_authorization_or_intent,"This profile may be impersonating another person, but identity cannot be verified; case 41 involving a customer.",Uncertain,Normal/Ignore,Allow,False
UNCERTAIN_IDENTITY_AUTHORIZATION_OR_INTENT-042,uncertain_identity_authorization_or_intent,"This account is posing as another person, while authorization is unclear; case 42 involving a resident.",Uncertain,Normal/Ignore,Allow,False
UNCERTAIN_IDENTITY_AUTHORIZATION_OR_INTENT-043,uncertain_identity_authorization_or_intent,"A current account cloned the victim's profile, but account ownership is disputed; case 43 involving an employee.",Uncertain,Normal/Ignore,Allow,False
UNCERTAIN_IDENTITY_AUTHORIZATION_OR_INTENT-044,uncertain_identity_authorization_or_intent,"Evidence indicates a fake profile pretending to be another person, while deceptive intent is unclear; case 44 involving an account holder.",Uncertain,Normal/Ignore,Allow,False
UNCERTAIN_IDENTITY_AUTHORIZATION_OR_INTENT-045,uncertain_identity_authorization_or_intent,"This profile may be impersonating another person, but identity cannot be verified; case 45 involving a customer.",Uncertain,Normal/Ignore,Allow,False
UNCERTAIN_IDENTITY_AUTHORIZATION_OR_INTENT-046,uncertain_identity_authorization_or_intent,"This account is posing as another person, while authorization is unclear; case 46 involving a resident.",Uncertain,Normal/Ignore,Allow,False
UNCERTAIN_IDENTITY_AUTHORIZATION_OR_INTENT-047,uncertain_identity_authorization_or_intent,"A current account cloned the victim's profile, but account ownership is disputed; case 47 involving an employee.",Uncertain,Normal/Ignore,Allow,False
UNCERTAIN_IDENTITY_AUTHORIZATION_OR_INTENT-048,uncertain_identity_authorization_or_intent,"Evidence indicates a fake profile pretending to be another person, while deceptive intent is unclear; case 48 involving an account holder.",Uncertain,Normal/Ignore,Allow,False
UNCERTAIN_IDENTITY_AUTHORIZATION_OR_INTENT-049,uncertain_identity_authorization_or_intent,"This profile may be impersonating another person, but identity cannot be verified; case 49 involving a customer.",Uncertain,Normal/Ignore,Allow,False
UNCERTAIN_IDENTITY_AUTHORIZATION_OR_INTENT-050,uncertain_identity_authorization_or_intent,"This account is posing as another person, while authorization is unclear; case 50 involving a resident.",Uncertain,Normal/Ignore,Allow,False
INCOMPLETE_OR_APPEARANCE_ONLY_EVIDENCE-001,incomplete_or_appearance_only_evidence,Only a profile photograph is available; this account may be posing as the victim and identity evidence is incomplete; case 1 involving a customer.,Uncertain,Normal/Ignore,Allow,False
INCOMPLETE_OR_APPEARANCE_ONLY_EVIDENCE-002,incomplete_or_appearance_only_evidence,"Media could not be decoded, but metadata says this profile is impersonating another person and authorization cannot be verified; case 2 involving a resident.",Uncertain,Normal/Ignore,Allow,False
INCOMPLETE_OR_APPEARANCE_ONLY_EVIDENCE-003,incomplete_or_appearance_only_evidence,"Only a screenshot is available for a cloned social media account, and account authenticity is unclear; case 3 involving an employee.",Uncertain,Normal/Ignore,Allow,False
INCOMPLETE_OR_APPEARANCE_ONLY_EVIDENCE-004,incomplete_or_appearance_only_evidence,The source account is unavailable; a fake profile pretending to be another person is alleged and the victim report is unverified; case 4 involving an account holder.,Uncertain,Normal/Ignore,Allow,False
INCOMPLETE_OR_APPEARANCE_ONLY_EVIDENCE-005,incomplete_or_appearance_only_evidence,Only a profile photograph is available; this account may be posing as the victim and identity evidence is incomplete; case 5 involving a customer.,Uncertain,Normal/Ignore,Allow,False
INCOMPLETE_OR_APPEARANCE_ONLY_EVIDENCE-006,incomplete_or_appearance_only_evidence,"Media could not be decoded, but metadata says this profile is impersonating another person and authorization cannot be verified; case 6 involving a resident.",Uncertain,Normal/Ignore,Allow,False
INCOMPLETE_OR_APPEARANCE_ONLY_EVIDENCE-007,incomplete_or_appearance_only_evidence,"Only a screenshot is available for a cloned social media account, and account authenticity is unclear; case 7 involving an employee.",Uncertain,Normal/Ignore,Allow,False
INCOMPLETE_OR_APPEARANCE_ONLY_EVIDENCE-008,incomplete_or_appearance_only_evidence,The source account is unavailable; a fake profile pretending to be another person is alleged and the victim report is unverified; case 8 involving an account holder.,Uncertain,Normal/Ignore,Allow,False
INCOMPLETE_OR_APPEARANCE_ONLY_EVIDENCE-009,incomplete_or_appearance_only_evidence,Only a profile photograph is available; this account may be posing as the victim and identity evidence is incomplete; case 9 involving a customer.,Uncertain,Normal/Ignore,Allow,False
INCOMPLETE_OR_APPEARANCE_ONLY_EVIDENCE-010,incomplete_or_appearance_only_evidence,"Media could not be decoded, but metadata says this profile is impersonating another person and authorization cannot be verified; case 10 involving a resident.",Uncertain,Normal/Ignore,Allow,False
INCOMPLETE_OR_APPEARANCE_ONLY_EVIDENCE-011,incomplete_or_appearance_only_evidence,"Only a screenshot is available for a cloned social media account, and account authenticity is unclear; case 11 involving an employee.",Uncertain,Normal/Ignore,Allow,False
INCOMPLETE_OR_APPEARANCE_ONLY_EVIDENCE-012,incomplete_or_appearance_only_evidence,The source account is unavailable; a fake profile pretending to be another person is alleged and the victim report is unverified; case 12 involving an account holder.,Uncertain,Normal/Ignore,Allow,False
INCOMPLETE_OR_APPEARANCE_ONLY_EVIDENCE-013,incomplete_or_appearance_only_evidence,Only a profile photograph is available; this account may be posing as the victim and identity evidence is incomplete; case 13 involving a customer.,Uncertain,Normal/Ignore,Allow,False
INCOMPLETE_OR_APPEARANCE_ONLY_EVIDENCE-014,incomplete_or_appearance_only_evidence,"Media could not be decoded, but metadata says this profile is impersonating another person and authorization cannot be verified; case 14 involving a resident.",Uncertain,Normal/Ignore,Allow,False
INCOMPLETE_OR_APPEARANCE_ONLY_EVIDENCE-015,incomplete_or_appearance_only_evidence,"Only a screenshot is available for a cloned social media account, and account authenticity is unclear; case 15 involving an employee.",Uncertain,Normal/Ignore,Allow,False
INCOMPLETE_OR_APPEARANCE_ONLY_EVIDENCE-016,incomplete_or_appearance_only_evidence,The source account is unavailable; a fake profile pretending to be another person is alleged and the victim report is unverified; case 16 involving an account holder.,Uncertain,Normal/Ignore,Allow,False
INCOMPLETE_OR_APPEARANCE_ONLY_EVIDENCE-017,incomplete_or_appearance_only_evidence,Only a profile photograph is available; this account may be posing as the victim and identity evidence is incomplete; case 17 involving a customer.,Uncertain,Normal/Ignore,Allow,False
INCOMPLETE_OR_APPEARANCE_ONLY_EVIDENCE-018,incomplete_or_appearance_only_evidence,"Media could not be decoded, but metadata says this profile is impersonating another person and authorization cannot be verified; case 18 involving a resident.",Uncertain,Normal/Ignore,Allow,False
INCOMPLETE_OR_APPEARANCE_ONLY_EVIDENCE-019,incomplete_or_appearance_only_evidence,"Only a screenshot is available for a cloned social media account, and account authenticity is unclear; case 19 involving an employee.",Uncertain,Normal/Ignore,Allow,False
INCOMPLETE_OR_APPEARANCE_ONLY_EVIDENCE-020,incomplete_or_appearance_only_evidence,The source account is unavailable; a fake profile pretending to be another person is alleged and the victim report is unverified; case 20 involving an account holder.,Uncertain,Normal/Ignore,Allow,False
INCOMPLETE_OR_APPEARANCE_ONLY_EVIDENCE-021,incomplete_or_appearance_only_evidence,Only a profile photograph is available; this account may be posing as the victim and identity evidence is incomplete; case 21 involving a customer.,Uncertain,Normal/Ignore,Allow,False
INCOMPLETE_OR_APPEARANCE_ONLY_EVIDENCE-022,incomplete_or_appearance_only_evidence,"Media could not be decoded, but metadata says this profile is impersonating another person and authorization cannot be verified; case 22 involving a resident.",Uncertain,Normal/Ignore,Allow,False
INCOMPLETE_OR_APPEARANCE_ONLY_EVIDENCE-023,incomplete_or_appearance_only_evidence,"Only a screenshot is available for a cloned social media account, and account authenticity is unclear; case 23 involving an employee.",Uncertain,Normal/Ignore,Allow,False
INCOMPLETE_OR_APPEARANCE_ONLY_EVIDENCE-024,incomplete_or_appearance_only_evidence,The source account is unavailable; a fake profile pretending to be another person is alleged and the victim report is unverified; case 24 involving an account holder.,Uncertain,Normal/Ignore,Allow,False
INCOMPLETE_OR_APPEARANCE_ONLY_EVIDENCE-025,incomplete_or_appearance_only_evidence,Only a profile photograph is available; this account may be posing as the victim and identity evidence is incomplete; case 25 involving a customer.,Uncertain,Normal/Ignore,Allow,False
INCOMPLETE_OR_APPEARANCE_ONLY_EVIDENCE-026,incomplete_or_appearance_only_evidence,"Media could not be decoded, but metadata says this profile is impersonating another person and authorization cannot be verified; case 26 involving a resident.",Uncertain,Normal/Ignore,Allow,False
INCOMPLETE_OR_APPEARANCE_ONLY_EVIDENCE-027,incomplete_or_appearance_only_evidence,"Only a screenshot is available for a cloned social media account, and account authenticity is unclear; case 27 involving an employee.",Uncertain,Normal/Ignore,Allow,False
INCOMPLETE_OR_APPEARANCE_ONLY_EVIDENCE-028,incomplete_or_appearance_only_evidence,The source account is unavailable; a fake profile pretending to be another person is alleged and the victim report is unverified; case 28 involving an account holder.,Uncertain,Normal/Ignore,Allow,False
INCOMPLETE_OR_APPEARANCE_ONLY_EVIDENCE-029,incomplete_or_appearance_only_evidence,Only a profile photograph is available; this account may be posing as the victim and identity evidence is incomplete; case 29 involving a customer.,Uncertain,Normal/Ignore,Allow,False
INCOMPLETE_OR_APPEARANCE_ONLY_EVIDENCE-030,incomplete_or_appearance_only_evidence,"Media could not be decoded, but metadata says this profile is impersonating another person and authorization cannot be verified; case 30 involving a resident.",Uncertain,Normal/Ignore,Allow,False
INCOMPLETE_OR_APPEARANCE_ONLY_EVIDENCE-031,incomplete_or_appearance_only_evidence,"Only a screenshot is available for a cloned social media account, and account authenticity is unclear; case 31 involving an employee.",Uncertain,Normal/Ignore,Allow,False
INCOMPLETE_OR_APPEARANCE_ONLY_EVIDENCE-032,incomplete_or_appearance_only_evidence,The source account is unavailable; a fake profile pretending to be another person is alleged and the victim report is unverified; case 32 involving an account holder.,Uncertain,Normal/Ignore,Allow,False
INCOMPLETE_OR_APPEARANCE_ONLY_EVIDENCE-033,incomplete_or_appearance_only_evidence,Only a profile photograph is available; this account may be posing as the victim and identity evidence is incomplete; case 33 involving a customer.,Uncertain,Normal/Ignore,Allow,False
INCOMPLETE_OR_APPEARANCE_ONLY_EVIDENCE-034,incomplete_or_appearance_only_evidence,"Media could not be decoded, but metadata says this profile is impersonating another person and authorization cannot be verified; case 34 involving a resident.",Uncertain,Normal/Ignore,Allow,False
INCOMPLETE_OR_APPEARANCE_ONLY_EVIDENCE-035,incomplete_or_appearance_only_evidence,"Only a screenshot is available for a cloned social media account, and account authenticity is unclear; case 35 involving an employee.",Uncertain,Normal/Ignore,Allow,False
INCOMPLETE_OR_APPEARANCE_ONLY_EVIDENCE-036,incomplete_or_appearance_only_evidence,The source account is unavailable; a fake profile pretending to be another person is alleged and the victim report is unverified; case 36 involving an account holder.,Uncertain,Normal/Ignore,Allow,False
INCOMPLETE_OR_APPEARANCE_ONLY_EVIDENCE-037,incomplete_or_appearance_only_evidence,Only a profile photograph is available; this account may be posing as the victim and identity evidence is incomplete; case 37 involving a customer.,Uncertain,Normal/Ignore,Allow,False
INCOMPLETE_OR_APPEARANCE_ONLY_EVIDENCE-038,incomplete_or_appearance_only_evidence,"Media could not be decoded, but metadata says this profile is impersonating another person and authorization cannot be verified; case 38 involving a resident.",Uncertain,Normal/Ignore,Allow,False
INCOMPLETE_OR_APPEARANCE_ONLY_EVIDENCE-039,incomplete_or_appearance_only_evidence,"Only a screenshot is available for a cloned social media account, and account authenticity is unclear; case 39 involving an employee.",Uncertain,Normal/Ignore,Allow,False
INCOMPLETE_OR_APPEARANCE_ONLY_EVIDENCE-040,incomplete_or_appearance_only_evidence,The source account is unavailable; a fake profile pretending to be another person is alleged and the victim report is unverified; case 40 involving an account holder.,Uncertain,Normal/Ignore,Allow,False
INCOMPLETE_OR_APPEARANCE_ONLY_EVIDENCE-041,incomplete_or_appearance_only_evidence,Only a profile photograph is available; this account may be posing as the victim and identity evidence is incomplete; case 41 involving a customer.,Uncertain,Normal/Ignore,Allow,False
INCOMPLETE_OR_APPEARANCE_ONLY_EVIDENCE-042,incomplete_or_appearance_only_evidence,"Media could not be decoded, but metadata says this profile is impersonating another person and authorization cannot be verified; case 42 involving a resident.",Uncertain,Normal/Ignore,Allow,False
INCOMPLETE_OR_APPEARANCE_ONLY_EVIDENCE-043,incomplete_or_appearance_only_evidence,"Only a screenshot is available for a cloned social media account, and account authenticity is unclear; case 43 involving an employee.",Uncertain,Normal/Ignore,Allow,False
INCOMPLETE_OR_APPEARANCE_ONLY_EVIDENCE-044,incomplete_or_appearance_only_evidence,The source account is unavailable; a fake profile pretending to be another person is alleged and the victim report is unverified; case 44 involving an account holder.,Uncertain,Normal/Ignore,Allow,False
INCOMPLETE_OR_APPEARANCE_ONLY_EVIDENCE-045,incomplete_or_appearance_only_evidence,Only a profile photograph is available; this account may be posing as the victim and identity evidence is incomplete; case 45 involving a customer.,Uncertain,Normal/Ignore,Allow,False
INCOMPLETE_OR_APPEARANCE_ONLY_EVIDENCE-046,incomplete_or_appearance_only_evidence,"Media could not be decoded, but metadata says this profile is impersonating another person and authorization cannot be verified; case 46 involving a resident.",Uncertain,Normal/Ignore,Allow,False
INCOMPLETE_OR_APPEARANCE_ONLY_EVIDENCE-047,incomplete_or_appearance_only_evidence,"Only a screenshot is available for a cloned social media account, and account authenticity is unclear; case 47 involving an employee.",Uncertain,Normal/Ignore,Allow,False
INCOMPLETE_OR_APPEARANCE_ONLY_EVIDENCE-048,incomplete_or_appearance_only_evidence,The source account is unavailable; a fake profile pretending to be another person is alleged and the victim report is unverified; case 48 involving an account holder.,Uncertain,Normal/Ignore,Allow,False
INCOMPLETE_OR_APPEARANCE_ONLY_EVIDENCE-049,incomplete_or_appearance_only_evidence,Only a profile photograph is available; this account may be posing as the victim and identity evidence is incomplete; case 49 involving a customer.,Uncertain,Normal/Ignore,Allow,False
INCOMPLETE_OR_APPEARANCE_ONLY_EVIDENCE-050,incomplete_or_appearance_only_evidence,"Media could not be decoded, but metadata says this profile is impersonating another person and authorization cannot be verified; case 50 involving a resident.",Uncertain,Normal/Ignore,Allow,False
DOCUMENTED_AUTHORIZED_REPRESENTATION-001,documented_authorized_representation,Documented authorization confirms an authorized representative for a bank; safe case 1.,Normal/Ignore,Normal/Ignore,Allow,False
DOCUMENTED_AUTHORIZED_REPRESENTATION-002,documented_authorized_representation,The account holder approved this owner-approved representative for a public agency; safe case 2.,Normal/Ignore,Normal/Ignore,Allow,False
DOCUMENTED_AUTHORIZED_REPRESENTATION-003,documented_authorized_representation,A platform-verified official account represents a retailer; safe case 3.,Normal/Ignore,Normal/Ignore,Allow,False
DOCUMENTED_AUTHORIZED_REPRESENTATION-004,documented_authorized_representation,Identity proofing completed for the official organization account of a university; safe case 4.,Normal/Ignore,Normal/Ignore,Allow,False
DOCUMENTED_AUTHORIZED_REPRESENTATION-005,documented_authorized_representation,Documented authorization confirms an authorized representative for a bank; safe case 5.,Normal/Ignore,Normal/Ignore,Allow,False
DOCUMENTED_AUTHORIZED_REPRESENTATION-006,documented_authorized_representation,The account holder approved this owner-approved representative for a public agency; safe case 6.,Normal/Ignore,Normal/Ignore,Allow,False
DOCUMENTED_AUTHORIZED_REPRESENTATION-007,documented_authorized_representation,A platform-verified official account represents a retailer; safe case 7.,Normal/Ignore,Normal/Ignore,Allow,False
DOCUMENTED_AUTHORIZED_REPRESENTATION-008,documented_authorized_representation,Identity proofing completed for the official organization account of a university; safe case 8.,Normal/Ignore,Normal/Ignore,Allow,False
DOCUMENTED_AUTHORIZED_REPRESENTATION-009,documented_authorized_representation,Documented authorization confirms an authorized representative for a bank; safe case 9.,Normal/Ignore,Normal/Ignore,Allow,False
DOCUMENTED_AUTHORIZED_REPRESENTATION-010,documented_authorized_representation,The account holder approved this owner-approved representative for a public agency; safe case 10.,Normal/Ignore,Normal/Ignore,Allow,False
DOCUMENTED_AUTHORIZED_REPRESENTATION-011,documented_authorized_representation,A platform-verified official account represents a retailer; safe case 11.,Normal/Ignore,Normal/Ignore,Allow,False
DOCUMENTED_AUTHORIZED_REPRESENTATION-012,documented_authorized_representation,Identity proofing completed for the official organization account of a university; safe case 12.,Normal/Ignore,Normal/Ignore,Allow,False
DOCUMENTED_AUTHORIZED_REPRESENTATION-013,documented_authorized_representation,Documented authorization confirms an authorized representative for a bank; safe case 13.,Normal/Ignore,Normal/Ignore,Allow,False
DOCUMENTED_AUTHORIZED_REPRESENTATION-014,documented_authorized_representation,The account holder approved this owner-approved representative for a public agency; safe case 14.,Normal/Ignore,Normal/Ignore,Allow,False
DOCUMENTED_AUTHORIZED_REPRESENTATION-015,documented_authorized_representation,A platform-verified official account represents a retailer; safe case 15.,Normal/Ignore,Normal/Ignore,Allow,False
DOCUMENTED_AUTHORIZED_REPRESENTATION-016,documented_authorized_representation,Identity proofing completed for the official organization account of a university; safe case 16.,Normal/Ignore,Normal/Ignore,Allow,False
DOCUMENTED_AUTHORIZED_REPRESENTATION-017,documented_authorized_representation,Documented authorization confirms an authorized representative for a bank; safe case 17.,Normal/Ignore,Normal/Ignore,Allow,False
DOCUMENTED_AUTHORIZED_REPRESENTATION-018,documented_authorized_representation,The account holder approved this owner-approved representative for a public agency; safe case 18.,Normal/Ignore,Normal/Ignore,Allow,False
DOCUMENTED_AUTHORIZED_REPRESENTATION-019,documented_authorized_representation,A platform-verified official account represents a retailer; safe case 19.,Normal/Ignore,Normal/Ignore,Allow,False
DOCUMENTED_AUTHORIZED_REPRESENTATION-020,documented_authorized_representation,Identity proofing completed for the official organization account of a university; safe case 20.,Normal/Ignore,Normal/Ignore,Allow,False
DOCUMENTED_AUTHORIZED_REPRESENTATION-021,documented_authorized_representation,Documented authorization confirms an authorized representative for a bank; safe case 21.,Normal/Ignore,Normal/Ignore,Allow,False
DOCUMENTED_AUTHORIZED_REPRESENTATION-022,documented_authorized_representation,The account holder approved this owner-approved representative for a public agency; safe case 22.,Normal/Ignore,Normal/Ignore,Allow,False
DOCUMENTED_AUTHORIZED_REPRESENTATION-023,documented_authorized_representation,A platform-verified official account represents a retailer; safe case 23.,Normal/Ignore,Normal/Ignore,Allow,False
DOCUMENTED_AUTHORIZED_REPRESENTATION-024,documented_authorized_representation,Identity proofing completed for the official organization account of a university; safe case 24.,Normal/Ignore,Normal/Ignore,Allow,False
DOCUMENTED_AUTHORIZED_REPRESENTATION-025,documented_authorized_representation,Documented authorization confirms an authorized representative for a bank; safe case 25.,Normal/Ignore,Normal/Ignore,Allow,False
DOCUMENTED_AUTHORIZED_REPRESENTATION-026,documented_authorized_representation,The account holder approved this owner-approved representative for a public agency; safe case 26.,Normal/Ignore,Normal/Ignore,Allow,False
DOCUMENTED_AUTHORIZED_REPRESENTATION-027,documented_authorized_representation,A platform-verified official account represents a retailer; safe case 27.,Normal/Ignore,Normal/Ignore,Allow,False
DOCUMENTED_AUTHORIZED_REPRESENTATION-028,documented_authorized_representation,Identity proofing completed for the official organization account of a university; safe case 28.,Normal/Ignore,Normal/Ignore,Allow,False
DOCUMENTED_AUTHORIZED_REPRESENTATION-029,documented_authorized_representation,Documented authorization confirms an authorized representative for a bank; safe case 29.,Normal/Ignore,Normal/Ignore,Allow,False
DOCUMENTED_AUTHORIZED_REPRESENTATION-030,documented_authorized_representation,The account holder approved this owner-approved representative for a public agency; safe case 30.,Normal/Ignore,Normal/Ignore,Allow,False
DOCUMENTED_AUTHORIZED_REPRESENTATION-031,documented_authorized_representation,A platform-verified official account represents a retailer; safe case 31.,Normal/Ignore,Normal/Ignore,Allow,False
DOCUMENTED_AUTHORIZED_REPRESENTATION-032,documented_authorized_representation,Identity proofing completed for the official organization account of a university; safe case 32.,Normal/Ignore,Normal/Ignore,Allow,False
DOCUMENTED_AUTHORIZED_REPRESENTATION-033,documented_authorized_representation,Documented authorization confirms an authorized representative for a bank; safe case 33.,Normal/Ignore,Normal/Ignore,Allow,False
DOCUMENTED_AUTHORIZED_REPRESENTATION-034,documented_authorized_representation,The account holder approved this owner-approved representative for a public agency; safe case 34.,Normal/Ignore,Normal/Ignore,Allow,False
DOCUMENTED_AUTHORIZED_REPRESENTATION-035,documented_authorized_representation,A platform-verified official account represents a retailer; safe case 35.,Normal/Ignore,Normal/Ignore,Allow,False
DOCUMENTED_AUTHORIZED_REPRESENTATION-036,documented_authorized_representation,Identity proofing completed for the official organization account of a university; safe case 36.,Normal/Ignore,Normal/Ignore,Allow,False
DOCUMENTED_AUTHORIZED_REPRESENTATION-037,documented_authorized_representation,Documented authorization confirms an authorized representative for a bank; safe case 37.,Normal/Ignore,Normal/Ignore,Allow,False
DOCUMENTED_AUTHORIZED_REPRESENTATION-038,documented_authorized_representation,The account holder approved this owner-approved representative for a public agency; safe case 38.,Normal/Ignore,Normal/Ignore,Allow,False
DOCUMENTED_AUTHORIZED_REPRESENTATION-039,documented_authorized_representation,A platform-verified official account represents a retailer; safe case 39.,Normal/Ignore,Normal/Ignore,Allow,False
DOCUMENTED_AUTHORIZED_REPRESENTATION-040,documented_authorized_representation,Identity proofing completed for the official organization account of a university; safe case 40.,Normal/Ignore,Normal/Ignore,Allow,False
DOCUMENTED_AUTHORIZED_REPRESENTATION-041,documented_authorized_representation,Documented authorization confirms an authorized representative for a bank; safe case 41.,Normal/Ignore,Normal/Ignore,Allow,False
DOCUMENTED_AUTHORIZED_REPRESENTATION-042,documented_authorized_representation,The account holder approved this owner-approved representative for a public agency; safe case 42.,Normal/Ignore,Normal/Ignore,Allow,False
DOCUMENTED_AUTHORIZED_REPRESENTATION-043,documented_authorized_representation,A platform-verified official account represents a retailer; safe case 43.,Normal/Ignore,Normal/Ignore,Allow,False
DOCUMENTED_AUTHORIZED_REPRESENTATION-044,documented_authorized_representation,Identity proofing completed for the official organization account of a university; safe case 44.,Normal/Ignore,Normal/Ignore,Allow,False
DOCUMENTED_AUTHORIZED_REPRESENTATION-045,documented_authorized_representation,Documented authorization confirms an authorized representative for a bank; safe case 45.,Normal/Ignore,Normal/Ignore,Allow,False
DOCUMENTED_AUTHORIZED_REPRESENTATION-046,documented_authorized_representation,The account holder approved this owner-approved representative for a public agency; safe case 46.,Normal/Ignore,Normal/Ignore,Allow,False
DOCUMENTED_AUTHORIZED_REPRESENTATION-047,documented_authorized_representation,A platform-verified official account represents a retailer; safe case 47.,Normal/Ignore,Normal/Ignore,Allow,False
DOCUMENTED_AUTHORIZED_REPRESENTATION-048,documented_authorized_representation,Identity proofing completed for the official organization account of a university; safe case 48.,Normal/Ignore,Normal/Ignore,Allow,False
DOCUMENTED_AUTHORIZED_REPRESENTATION-049,documented_authorized_representation,Documented authorization confirms an authorized representative for a bank; safe case 49.,Normal/Ignore,Normal/Ignore,Allow,False
DOCUMENTED_AUTHORIZED_REPRESENTATION-050,documented_authorized_representation,The account holder approved this owner-approved representative for a public agency; safe case 50.,Normal/Ignore,Normal/Ignore,Allow,False
DECLARED_PARODY_FAN_FICTION_AND_ROLEPLAY-001,declared_parody_fan_fiction_and_roleplay,This clearly labelled parody of a public figure does not claim official affiliation; safe case 1.,Normal/Ignore,Normal/Ignore,Allow,False
DECLARED_PARODY_FAN_FICTION_AND_ROLEPLAY-002,declared_parody_fan_fiction_and_roleplay,An unofficial fan page for a fictional company clearly discloses it is unofficial; safe case 2.,Normal/Ignore,Normal/Ignore,Allow,False
DECLARED_PARODY_FAN_FICTION_AND_ROLEPLAY-003,declared_parody_fan_fiction_and_roleplay,A fictional story about a sports team is fictional and not real; safe case 3.,Normal/Ignore,Normal/Ignore,Allow,False
DECLARED_PARODY_FAN_FICTION_AND_ROLEPLAY-004,declared_parody_fan_fiction_and_roleplay,A role-play exercise involving a story character does not contact real victims; safe case 4.,Normal/Ignore,Normal/Ignore,Allow,False
DECLARED_PARODY_FAN_FICTION_AND_ROLEPLAY-005,declared_parody_fan_fiction_and_roleplay,This clearly labelled parody of a public figure does not claim official affiliation; safe case 5.,Normal/Ignore,Normal/Ignore,Allow,False
DECLARED_PARODY_FAN_FICTION_AND_ROLEPLAY-006,declared_parody_fan_fiction_and_roleplay,An unofficial fan page for a fictional company clearly discloses it is unofficial; safe case 6.,Normal/Ignore,Normal/Ignore,Allow,False
DECLARED_PARODY_FAN_FICTION_AND_ROLEPLAY-007,declared_parody_fan_fiction_and_roleplay,A fictional story about a sports team is fictional and not real; safe case 7.,Normal/Ignore,Normal/Ignore,Allow,False
DECLARED_PARODY_FAN_FICTION_AND_ROLEPLAY-008,declared_parody_fan_fiction_and_roleplay,A role-play exercise involving a story character does not contact real victims; safe case 8.,Normal/Ignore,Normal/Ignore,Allow,False
DECLARED_PARODY_FAN_FICTION_AND_ROLEPLAY-009,declared_parody_fan_fiction_and_roleplay,This clearly labelled parody of a public figure does not claim official affiliation; safe case 9.,Normal/Ignore,Normal/Ignore,Allow,False
DECLARED_PARODY_FAN_FICTION_AND_ROLEPLAY-010,declared_parody_fan_fiction_and_roleplay,An unofficial fan page for a fictional company clearly discloses it is unofficial; safe case 10.,Normal/Ignore,Normal/Ignore,Allow,False
DECLARED_PARODY_FAN_FICTION_AND_ROLEPLAY-011,declared_parody_fan_fiction_and_roleplay,A fictional story about a sports team is fictional and not real; safe case 11.,Normal/Ignore,Normal/Ignore,Allow,False
DECLARED_PARODY_FAN_FICTION_AND_ROLEPLAY-012,declared_parody_fan_fiction_and_roleplay,A role-play exercise involving a story character does not contact real victims; safe case 12.,Normal/Ignore,Normal/Ignore,Allow,False
DECLARED_PARODY_FAN_FICTION_AND_ROLEPLAY-013,declared_parody_fan_fiction_and_roleplay,This clearly labelled parody of a public figure does not claim official affiliation; safe case 13.,Normal/Ignore,Normal/Ignore,Allow,False
DECLARED_PARODY_FAN_FICTION_AND_ROLEPLAY-014,declared_parody_fan_fiction_and_roleplay,An unofficial fan page for a fictional company clearly discloses it is unofficial; safe case 14.,Normal/Ignore,Normal/Ignore,Allow,False
DECLARED_PARODY_FAN_FICTION_AND_ROLEPLAY-015,declared_parody_fan_fiction_and_roleplay,A fictional story about a sports team is fictional and not real; safe case 15.,Normal/Ignore,Normal/Ignore,Allow,False
DECLARED_PARODY_FAN_FICTION_AND_ROLEPLAY-016,declared_parody_fan_fiction_and_roleplay,A role-play exercise involving a story character does not contact real victims; safe case 16.,Normal/Ignore,Normal/Ignore,Allow,False
DECLARED_PARODY_FAN_FICTION_AND_ROLEPLAY-017,declared_parody_fan_fiction_and_roleplay,This clearly labelled parody of a public figure does not claim official affiliation; safe case 17.,Normal/Ignore,Normal/Ignore,Allow,False
DECLARED_PARODY_FAN_FICTION_AND_ROLEPLAY-018,declared_parody_fan_fiction_and_roleplay,An unofficial fan page for a fictional company clearly discloses it is unofficial; safe case 18.,Normal/Ignore,Normal/Ignore,Allow,False
DECLARED_PARODY_FAN_FICTION_AND_ROLEPLAY-019,declared_parody_fan_fiction_and_roleplay,A fictional story about a sports team is fictional and not real; safe case 19.,Normal/Ignore,Normal/Ignore,Allow,False
DECLARED_PARODY_FAN_FICTION_AND_ROLEPLAY-020,declared_parody_fan_fiction_and_roleplay,A role-play exercise involving a story character does not contact real victims; safe case 20.,Normal/Ignore,Normal/Ignore,Allow,False
DECLARED_PARODY_FAN_FICTION_AND_ROLEPLAY-021,declared_parody_fan_fiction_and_roleplay,This clearly labelled parody of a public figure does not claim official affiliation; safe case 21.,Normal/Ignore,Normal/Ignore,Allow,False
DECLARED_PARODY_FAN_FICTION_AND_ROLEPLAY-022,declared_parody_fan_fiction_and_roleplay,An unofficial fan page for a fictional company clearly discloses it is unofficial; safe case 22.,Normal/Ignore,Normal/Ignore,Allow,False
DECLARED_PARODY_FAN_FICTION_AND_ROLEPLAY-023,declared_parody_fan_fiction_and_roleplay,A fictional story about a sports team is fictional and not real; safe case 23.,Normal/Ignore,Normal/Ignore,Allow,False
DECLARED_PARODY_FAN_FICTION_AND_ROLEPLAY-024,declared_parody_fan_fiction_and_roleplay,A role-play exercise involving a story character does not contact real victims; safe case 24.,Normal/Ignore,Normal/Ignore,Allow,False
DECLARED_PARODY_FAN_FICTION_AND_ROLEPLAY-025,declared_parody_fan_fiction_and_roleplay,This clearly labelled parody of a public figure does not claim official affiliation; safe case 25.,Normal/Ignore,Normal/Ignore,Allow,False
DECLARED_PARODY_FAN_FICTION_AND_ROLEPLAY-026,declared_parody_fan_fiction_and_roleplay,An unofficial fan page for a fictional company clearly discloses it is unofficial; safe case 26.,Normal/Ignore,Normal/Ignore,Allow,False
DECLARED_PARODY_FAN_FICTION_AND_ROLEPLAY-027,declared_parody_fan_fiction_and_roleplay,A fictional story about a sports team is fictional and not real; safe case 27.,Normal/Ignore,Normal/Ignore,Allow,False
DECLARED_PARODY_FAN_FICTION_AND_ROLEPLAY-028,declared_parody_fan_fiction_and_roleplay,A role-play exercise involving a story character does not contact real victims; safe case 28.,Normal/Ignore,Normal/Ignore,Allow,False
DECLARED_PARODY_FAN_FICTION_AND_ROLEPLAY-029,declared_parody_fan_fiction_and_roleplay,This clearly labelled parody of a public figure does not claim official affiliation; safe case 29.,Normal/Ignore,Normal/Ignore,Allow,False
DECLARED_PARODY_FAN_FICTION_AND_ROLEPLAY-030,declared_parody_fan_fiction_and_roleplay,An unofficial fan page for a fictional company clearly discloses it is unofficial; safe case 30.,Normal/Ignore,Normal/Ignore,Allow,False
DECLARED_PARODY_FAN_FICTION_AND_ROLEPLAY-031,declared_parody_fan_fiction_and_roleplay,A fictional story about a sports team is fictional and not real; safe case 31.,Normal/Ignore,Normal/Ignore,Allow,False
DECLARED_PARODY_FAN_FICTION_AND_ROLEPLAY-032,declared_parody_fan_fiction_and_roleplay,A role-play exercise involving a story character does not contact real victims; safe case 32.,Normal/Ignore,Normal/Ignore,Allow,False
DECLARED_PARODY_FAN_FICTION_AND_ROLEPLAY-033,declared_parody_fan_fiction_and_roleplay,This clearly labelled parody of a public figure does not claim official affiliation; safe case 33.,Normal/Ignore,Normal/Ignore,Allow,False
DECLARED_PARODY_FAN_FICTION_AND_ROLEPLAY-034,declared_parody_fan_fiction_and_roleplay,An unofficial fan page for a fictional company clearly discloses it is unofficial; safe case 34.,Normal/Ignore,Normal/Ignore,Allow,False
DECLARED_PARODY_FAN_FICTION_AND_ROLEPLAY-035,declared_parody_fan_fiction_and_roleplay,A fictional story about a sports team is fictional and not real; safe case 35.,Normal/Ignore,Normal/Ignore,Allow,False
DECLARED_PARODY_FAN_FICTION_AND_ROLEPLAY-036,declared_parody_fan_fiction_and_roleplay,A role-play exercise involving a story character does not contact real victims; safe case 36.,Normal/Ignore,Normal/Ignore,Allow,False
DECLARED_PARODY_FAN_FICTION_AND_ROLEPLAY-037,declared_parody_fan_fiction_and_roleplay,This clearly labelled parody of a public figure does not claim official affiliation; safe case 37.,Normal/Ignore,Normal/Ignore,Allow,False
DECLARED_PARODY_FAN_FICTION_AND_ROLEPLAY-038,declared_parody_fan_fiction_and_roleplay,An unofficial fan page for a fictional company clearly discloses it is unofficial; safe case 38.,Normal/Ignore,Normal/Ignore,Allow,False
DECLARED_PARODY_FAN_FICTION_AND_ROLEPLAY-039,declared_parody_fan_fiction_and_roleplay,A fictional story about a sports team is fictional and not real; safe case 39.,Normal/Ignore,Normal/Ignore,Allow,False
DECLARED_PARODY_FAN_FICTION_AND_ROLEPLAY-040,declared_parody_fan_fiction_and_roleplay,A role-play exercise involving a story character does not contact real victims; safe case 40.,Normal/Ignore,Normal/Ignore,Allow,False
DECLARED_PARODY_FAN_FICTION_AND_ROLEPLAY-041,declared_parody_fan_fiction_and_roleplay,This clearly labelled parody of a public figure does not claim official affiliation; safe case 41.,Normal/Ignore,Normal/Ignore,Allow,False
DECLARED_PARODY_FAN_FICTION_AND_ROLEPLAY-042,declared_parody_fan_fiction_and_roleplay,An unofficial fan page for a fictional company clearly discloses it is unofficial; safe case 42.,Normal/Ignore,Normal/Ignore,Allow,False
DECLARED_PARODY_FAN_FICTION_AND_ROLEPLAY-043,declared_parody_fan_fiction_and_roleplay,A fictional story about a sports team is fictional and not real; safe case 43.,Normal/Ignore,Normal/Ignore,Allow,False
DECLARED_PARODY_FAN_FICTION_AND_ROLEPLAY-044,declared_parody_fan_fiction_and_roleplay,A role-play exercise involving a story character does not contact real victims; safe case 44.,Normal/Ignore,Normal/Ignore,Allow,False
DECLARED_PARODY_FAN_FICTION_AND_ROLEPLAY-045,declared_parody_fan_fiction_and_roleplay,This clearly labelled parody of a public figure does not claim official affiliation; safe case 45.,Normal/Ignore,Normal/Ignore,Allow,False
DECLARED_PARODY_FAN_FICTION_AND_ROLEPLAY-046,declared_parody_fan_fiction_and_roleplay,An unofficial fan page for a fictional company clearly discloses it is unofficial; safe case 46.,Normal/Ignore,Normal/Ignore,Allow,False
DECLARED_PARODY_FAN_FICTION_AND_ROLEPLAY-047,declared_parody_fan_fiction_and_roleplay,A fictional story about a sports team is fictional and not real; safe case 47.,Normal/Ignore,Normal/Ignore,Allow,False
DECLARED_PARODY_FAN_FICTION_AND_ROLEPLAY-048,declared_parody_fan_fiction_and_roleplay,A role-play exercise involving a story character does not contact real victims; safe case 48.,Normal/Ignore,Normal/Ignore,Allow,False
DECLARED_PARODY_FAN_FICTION_AND_ROLEPLAY-049,declared_parody_fan_fiction_and_roleplay,This clearly labelled parody of a public figure does not claim official affiliation; safe case 49.,Normal/Ignore,Normal/Ignore,Allow,False
DECLARED_PARODY_FAN_FICTION_AND_ROLEPLAY-050,declared_parody_fan_fiction_and_roleplay,An unofficial fan page for a fictional company clearly discloses it is unofficial; safe case 50.,Normal/Ignore,Normal/Ignore,Allow,False
REPORTING_EDUCATION_PREVENTION_AND_RECOVERY-001,reporting_education_prevention_and_recovery,A news report discusses identity theft and no active account is described; safe case 1.,Normal/Ignore,Normal/Ignore,Allow,False
REPORTING_EDUCATION_PREVENTION_AND_RECOVERY-002,reporting_education_prevention_and_recovery,Security training explains account impersonation and contains no real credentials; safe case 2.,Normal/Ignore,Normal/Ignore,Allow,False
REPORTING_EDUCATION_PREVENTION_AND_RECOVERY-003,reporting_education_prevention_and_recovery,A consumer warning covers fake support and links to the official reporting service; safe case 3.,Normal/Ignore,Normal/Ignore,Allow,False
REPORTING_EDUCATION_PREVENTION_AND_RECOVERY-004,reporting_education_prevention_and_recovery,A victim recovery guide describes account recovery and does not contact real victims; safe case 4.,Normal/Ignore,Normal/Ignore,Allow,False
REPORTING_EDUCATION_PREVENTION_AND_RECOVERY-005,reporting_education_prevention_and_recovery,A news report discusses identity theft and no active account is described; safe case 5.,Normal/Ignore,Normal/Ignore,Allow,False
REPORTING_EDUCATION_PREVENTION_AND_RECOVERY-006,reporting_education_prevention_and_recovery,Security training explains account impersonation and contains no real credentials; safe case 6.,Normal/Ignore,Normal/Ignore,Allow,False
REPORTING_EDUCATION_PREVENTION_AND_RECOVERY-007,reporting_education_prevention_and_recovery,A consumer warning covers fake support and links to the official reporting service; safe case 7.,Normal/Ignore,Normal/Ignore,Allow,False
REPORTING_EDUCATION_PREVENTION_AND_RECOVERY-008,reporting_education_prevention_and_recovery,A victim recovery guide describes account recovery and does not contact real victims; safe case 8.,Normal/Ignore,Normal/Ignore,Allow,False
REPORTING_EDUCATION_PREVENTION_AND_RECOVERY-009,reporting_education_prevention_and_recovery,A news report discusses identity theft and no active account is described; safe case 9.,Normal/Ignore,Normal/Ignore,Allow,False
REPORTING_EDUCATION_PREVENTION_AND_RECOVERY-010,reporting_education_prevention_and_recovery,Security training explains account impersonation and contains no real credentials; safe case 10.,Normal/Ignore,Normal/Ignore,Allow,False
REPORTING_EDUCATION_PREVENTION_AND_RECOVERY-011,reporting_education_prevention_and_recovery,A consumer warning covers fake support and links to the official reporting service; safe case 11.,Normal/Ignore,Normal/Ignore,Allow,False
REPORTING_EDUCATION_PREVENTION_AND_RECOVERY-012,reporting_education_prevention_and_recovery,A victim recovery guide describes account recovery and does not contact real victims; safe case 12.,Normal/Ignore,Normal/Ignore,Allow,False
REPORTING_EDUCATION_PREVENTION_AND_RECOVERY-013,reporting_education_prevention_and_recovery,A news report discusses identity theft and no active account is described; safe case 13.,Normal/Ignore,Normal/Ignore,Allow,False
REPORTING_EDUCATION_PREVENTION_AND_RECOVERY-014,reporting_education_prevention_and_recovery,Security training explains account impersonation and contains no real credentials; safe case 14.,Normal/Ignore,Normal/Ignore,Allow,False
REPORTING_EDUCATION_PREVENTION_AND_RECOVERY-015,reporting_education_prevention_and_recovery,A consumer warning covers fake support and links to the official reporting service; safe case 15.,Normal/Ignore,Normal/Ignore,Allow,False
REPORTING_EDUCATION_PREVENTION_AND_RECOVERY-016,reporting_education_prevention_and_recovery,A victim recovery guide describes account recovery and does not contact real victims; safe case 16.,Normal/Ignore,Normal/Ignore,Allow,False
REPORTING_EDUCATION_PREVENTION_AND_RECOVERY-017,reporting_education_prevention_and_recovery,A news report discusses identity theft and no active account is described; safe case 17.,Normal/Ignore,Normal/Ignore,Allow,False
REPORTING_EDUCATION_PREVENTION_AND_RECOVERY-018,reporting_education_prevention_and_recovery,Security training explains account impersonation and contains no real credentials; safe case 18.,Normal/Ignore,Normal/Ignore,Allow,False
REPORTING_EDUCATION_PREVENTION_AND_RECOVERY-019,reporting_education_prevention_and_recovery,A consumer warning covers fake support and links to the official reporting service; safe case 19.,Normal/Ignore,Normal/Ignore,Allow,False
REPORTING_EDUCATION_PREVENTION_AND_RECOVERY-020,reporting_education_prevention_and_recovery,A victim recovery guide describes account recovery and does not contact real victims; safe case 20.,Normal/Ignore,Normal/Ignore,Allow,False
REPORTING_EDUCATION_PREVENTION_AND_RECOVERY-021,reporting_education_prevention_and_recovery,A news report discusses identity theft and no active account is described; safe case 21.,Normal/Ignore,Normal/Ignore,Allow,False
REPORTING_EDUCATION_PREVENTION_AND_RECOVERY-022,reporting_education_prevention_and_recovery,Security training explains account impersonation and contains no real credentials; safe case 22.,Normal/Ignore,Normal/Ignore,Allow,False
REPORTING_EDUCATION_PREVENTION_AND_RECOVERY-023,reporting_education_prevention_and_recovery,A consumer warning covers fake support and links to the official reporting service; safe case 23.,Normal/Ignore,Normal/Ignore,Allow,False
REPORTING_EDUCATION_PREVENTION_AND_RECOVERY-024,reporting_education_prevention_and_recovery,A victim recovery guide describes account recovery and does not contact real victims; safe case 24.,Normal/Ignore,Normal/Ignore,Allow,False
REPORTING_EDUCATION_PREVENTION_AND_RECOVERY-025,reporting_education_prevention_and_recovery,A news report discusses identity theft and no active account is described; safe case 25.,Normal/Ignore,Normal/Ignore,Allow,False
REPORTING_EDUCATION_PREVENTION_AND_RECOVERY-026,reporting_education_prevention_and_recovery,Security training explains account impersonation and contains no real credentials; safe case 26.,Normal/Ignore,Normal/Ignore,Allow,False
REPORTING_EDUCATION_PREVENTION_AND_RECOVERY-027,reporting_education_prevention_and_recovery,A consumer warning covers fake support and links to the official reporting service; safe case 27.,Normal/Ignore,Normal/Ignore,Allow,False
REPORTING_EDUCATION_PREVENTION_AND_RECOVERY-028,reporting_education_prevention_and_recovery,A victim recovery guide describes account recovery and does not contact real victims; safe case 28.,Normal/Ignore,Normal/Ignore,Allow,False
REPORTING_EDUCATION_PREVENTION_AND_RECOVERY-029,reporting_education_prevention_and_recovery,A news report discusses identity theft and no active account is described; safe case 29.,Normal/Ignore,Normal/Ignore,Allow,False
REPORTING_EDUCATION_PREVENTION_AND_RECOVERY-030,reporting_education_prevention_and_recovery,Security training explains account impersonation and contains no real credentials; safe case 30.,Normal/Ignore,Normal/Ignore,Allow,False
REPORTING_EDUCATION_PREVENTION_AND_RECOVERY-031,reporting_education_prevention_and_recovery,A consumer warning covers fake support and links to the official reporting service; safe case 31.,Normal/Ignore,Normal/Ignore,Allow,False
REPORTING_EDUCATION_PREVENTION_AND_RECOVERY-032,reporting_education_prevention_and_recovery,A victim recovery guide describes account recovery and does not contact real victims; safe case 32.,Normal/Ignore,Normal/Ignore,Allow,False
REPORTING_EDUCATION_PREVENTION_AND_RECOVERY-033,reporting_education_prevention_and_recovery,A news report discusses identity theft and no active account is described; safe case 33.,Normal/Ignore,Normal/Ignore,Allow,False
REPORTING_EDUCATION_PREVENTION_AND_RECOVERY-034,reporting_education_prevention_and_recovery,Security training explains account impersonation and contains no real credentials; safe case 34.,Normal/Ignore,Normal/Ignore,Allow,False
REPORTING_EDUCATION_PREVENTION_AND_RECOVERY-035,reporting_education_prevention_and_recovery,A consumer warning covers fake support and links to the official reporting service; safe case 35.,Normal/Ignore,Normal/Ignore,Allow,False
REPORTING_EDUCATION_PREVENTION_AND_RECOVERY-036,reporting_education_prevention_and_recovery,A victim recovery guide describes account recovery and does not contact real victims; safe case 36.,Normal/Ignore,Normal/Ignore,Allow,False
REPORTING_EDUCATION_PREVENTION_AND_RECOVERY-037,reporting_education_prevention_and_recovery,A news report discusses identity theft and no active account is described; safe case 37.,Normal/Ignore,Normal/Ignore,Allow,False
REPORTING_EDUCATION_PREVENTION_AND_RECOVERY-038,reporting_education_prevention_and_recovery,Security training explains account impersonation and contains no real credentials; safe case 38.,Normal/Ignore,Normal/Ignore,Allow,False
REPORTING_EDUCATION_PREVENTION_AND_RECOVERY-039,reporting_education_prevention_and_recovery,A consumer warning covers fake support and links to the official reporting service; safe case 39.,Normal/Ignore,Normal/Ignore,Allow,False
REPORTING_EDUCATION_PREVENTION_AND_RECOVERY-040,reporting_education_prevention_and_recovery,A victim recovery guide describes account recovery and does not contact real victims; safe case 40.,Normal/Ignore,Normal/Ignore,Allow,False
REPORTING_EDUCATION_PREVENTION_AND_RECOVERY-041,reporting_education_prevention_and_recovery,A news report discusses identity theft and no active account is described; safe case 41.,Normal/Ignore,Normal/Ignore,Allow,False
REPORTING_EDUCATION_PREVENTION_AND_RECOVERY-042,reporting_education_prevention_and_recovery,Security training explains account impersonation and contains no real credentials; safe case 42.,Normal/Ignore,Normal/Ignore,Allow,False
REPORTING_EDUCATION_PREVENTION_AND_RECOVERY-043,reporting_education_prevention_and_recovery,A consumer warning covers fake support and links to the official reporting service; safe case 43.,Normal/Ignore,Normal/Ignore,Allow,False
REPORTING_EDUCATION_PREVENTION_AND_RECOVERY-044,reporting_education_prevention_and_recovery,A victim recovery guide describes account recovery and does not contact real victims; safe case 44.,Normal/Ignore,Normal/Ignore,Allow,False
REPORTING_EDUCATION_PREVENTION_AND_RECOVERY-045,reporting_education_prevention_and_recovery,A news report discusses identity theft and no active account is described; safe case 45.,Normal/Ignore,Normal/Ignore,Allow,False
REPORTING_EDUCATION_PREVENTION_AND_RECOVERY-046,reporting_education_prevention_and_recovery,Security training explains account impersonation and contains no real credentials; safe case 46.,Normal/Ignore,Normal/Ignore,Allow,False
REPORTING_EDUCATION_PREVENTION_AND_RECOVERY-047,reporting_education_prevention_and_recovery,A consumer warning covers fake support and links to the official reporting service; safe case 47.,Normal/Ignore,Normal/Ignore,Allow,False
REPORTING_EDUCATION_PREVENTION_AND_RECOVERY-048,reporting_education_prevention_and_recovery,A victim recovery guide describes account recovery and does not contact real victims; safe case 48.,Normal/Ignore,Normal/Ignore,Allow,False
REPORTING_EDUCATION_PREVENTION_AND_RECOVERY-049,reporting_education_prevention_and_recovery,A news report discusses identity theft and no active account is described; safe case 49.,Normal/Ignore,Normal/Ignore,Allow,False
REPORTING_EDUCATION_PREVENTION_AND_RECOVERY-050,reporting_education_prevention_and_recovery,Security training explains account impersonation and contains no real credentials; safe case 50.,Normal/Ignore,Normal/Ignore,Allow,False
WEAK_NAME_FACE_VOICE_LOGO_OR_CLAIM-001,weak_name_face_voice_logo_or_claim,"A self-reported identity points to the same name, but no misuse act is described; weak case 1.",Normal/Ignore,Normal/Ignore,Allow,False
WEAK_NAME_FACE_VOICE_LOGO_OR_CLAIM-002,weak_name_face_voice_logo_or_claim,"The profile claims to be official and has a similar profile photograph; there is no transaction, access, or victim impact; weak case 2.",Normal/Ignore,Normal/Ignore,Allow,False
WEAK_NAME_FACE_VOICE_LOGO_OR_CLAIM-003,weak_name_face_voice_logo_or_claim,One person says the account looks like them because of a company logo; no active deception is established; weak case 3.,Normal/Ignore,Normal/Ignore,Allow,False
WEAK_NAME_FACE_VOICE_LOGO_OR_CLAIM-004,weak_name_face_voice_logo_or_claim,An unverified account badge appears beside a similar username; identity and authorization are not asserted as facts; weak case 4.,Normal/Ignore,Normal/Ignore,Allow,False
WEAK_NAME_FACE_VOICE_LOGO_OR_CLAIM-005,weak_name_face_voice_logo_or_claim,"A self-reported identity points to the same name, but no misuse act is described; weak case 5.",Normal/Ignore,Normal/Ignore,Allow,False
WEAK_NAME_FACE_VOICE_LOGO_OR_CLAIM-006,weak_name_face_voice_logo_or_claim,"The profile claims to be official and has a similar profile photograph; there is no transaction, access, or victim impact; weak case 6.",Normal/Ignore,Normal/Ignore,Allow,False
WEAK_NAME_FACE_VOICE_LOGO_OR_CLAIM-007,weak_name_face_voice_logo_or_claim,One person says the account looks like them because of a company logo; no active deception is established; weak case 7.,Normal/Ignore,Normal/Ignore,Allow,False
WEAK_NAME_FACE_VOICE_LOGO_OR_CLAIM-008,weak_name_face_voice_logo_or_claim,An unverified account badge appears beside a similar username; identity and authorization are not asserted as facts; weak case 8.,Normal/Ignore,Normal/Ignore,Allow,False
WEAK_NAME_FACE_VOICE_LOGO_OR_CLAIM-009,weak_name_face_voice_logo_or_claim,"A self-reported identity points to the same name, but no misuse act is described; weak case 9.",Normal/Ignore,Normal/Ignore,Allow,False
WEAK_NAME_FACE_VOICE_LOGO_OR_CLAIM-010,weak_name_face_voice_logo_or_claim,"The profile claims to be official and has a similar profile photograph; there is no transaction, access, or victim impact; weak case 10.",Normal/Ignore,Normal/Ignore,Allow,False
WEAK_NAME_FACE_VOICE_LOGO_OR_CLAIM-011,weak_name_face_voice_logo_or_claim,One person says the account looks like them because of a company logo; no active deception is established; weak case 11.,Normal/Ignore,Normal/Ignore,Allow,False
WEAK_NAME_FACE_VOICE_LOGO_OR_CLAIM-012,weak_name_face_voice_logo_or_claim,An unverified account badge appears beside a similar username; identity and authorization are not asserted as facts; weak case 12.,Normal/Ignore,Normal/Ignore,Allow,False
WEAK_NAME_FACE_VOICE_LOGO_OR_CLAIM-013,weak_name_face_voice_logo_or_claim,"A self-reported identity points to the same name, but no misuse act is described; weak case 13.",Normal/Ignore,Normal/Ignore,Allow,False
WEAK_NAME_FACE_VOICE_LOGO_OR_CLAIM-014,weak_name_face_voice_logo_or_claim,"The profile claims to be official and has a similar profile photograph; there is no transaction, access, or victim impact; weak case 14.",Normal/Ignore,Normal/Ignore,Allow,False
WEAK_NAME_FACE_VOICE_LOGO_OR_CLAIM-015,weak_name_face_voice_logo_or_claim,One person says the account looks like them because of a company logo; no active deception is established; weak case 15.,Normal/Ignore,Normal/Ignore,Allow,False
WEAK_NAME_FACE_VOICE_LOGO_OR_CLAIM-016,weak_name_face_voice_logo_or_claim,An unverified account badge appears beside a similar username; identity and authorization are not asserted as facts; weak case 16.,Normal/Ignore,Normal/Ignore,Allow,False
WEAK_NAME_FACE_VOICE_LOGO_OR_CLAIM-017,weak_name_face_voice_logo_or_claim,"A self-reported identity points to the same name, but no misuse act is described; weak case 17.",Normal/Ignore,Normal/Ignore,Allow,False
WEAK_NAME_FACE_VOICE_LOGO_OR_CLAIM-018,weak_name_face_voice_logo_or_claim,"The profile claims to be official and has a similar profile photograph; there is no transaction, access, or victim impact; weak case 18.",Normal/Ignore,Normal/Ignore,Allow,False
WEAK_NAME_FACE_VOICE_LOGO_OR_CLAIM-019,weak_name_face_voice_logo_or_claim,One person says the account looks like them because of a company logo; no active deception is established; weak case 19.,Normal/Ignore,Normal/Ignore,Allow,False
WEAK_NAME_FACE_VOICE_LOGO_OR_CLAIM-020,weak_name_face_voice_logo_or_claim,An unverified account badge appears beside a similar username; identity and authorization are not asserted as facts; weak case 20.,Normal/Ignore,Normal/Ignore,Allow,False
WEAK_NAME_FACE_VOICE_LOGO_OR_CLAIM-021,weak_name_face_voice_logo_or_claim,"A self-reported identity points to the same name, but no misuse act is described; weak case 21.",Normal/Ignore,Normal/Ignore,Allow,False
WEAK_NAME_FACE_VOICE_LOGO_OR_CLAIM-022,weak_name_face_voice_logo_or_claim,"The profile claims to be official and has a similar profile photograph; there is no transaction, access, or victim impact; weak case 22.",Normal/Ignore,Normal/Ignore,Allow,False
WEAK_NAME_FACE_VOICE_LOGO_OR_CLAIM-023,weak_name_face_voice_logo_or_claim,One person says the account looks like them because of a company logo; no active deception is established; weak case 23.,Normal/Ignore,Normal/Ignore,Allow,False
WEAK_NAME_FACE_VOICE_LOGO_OR_CLAIM-024,weak_name_face_voice_logo_or_claim,An unverified account badge appears beside a similar username; identity and authorization are not asserted as facts; weak case 24.,Normal/Ignore,Normal/Ignore,Allow,False
WEAK_NAME_FACE_VOICE_LOGO_OR_CLAIM-025,weak_name_face_voice_logo_or_claim,"A self-reported identity points to the same name, but no misuse act is described; weak case 25.",Normal/Ignore,Normal/Ignore,Allow,False
WEAK_NAME_FACE_VOICE_LOGO_OR_CLAIM-026,weak_name_face_voice_logo_or_claim,"The profile claims to be official and has a similar profile photograph; there is no transaction, access, or victim impact; weak case 26.",Normal/Ignore,Normal/Ignore,Allow,False
WEAK_NAME_FACE_VOICE_LOGO_OR_CLAIM-027,weak_name_face_voice_logo_or_claim,One person says the account looks like them because of a company logo; no active deception is established; weak case 27.,Normal/Ignore,Normal/Ignore,Allow,False
WEAK_NAME_FACE_VOICE_LOGO_OR_CLAIM-028,weak_name_face_voice_logo_or_claim,An unverified account badge appears beside a similar username; identity and authorization are not asserted as facts; weak case 28.,Normal/Ignore,Normal/Ignore,Allow,False
WEAK_NAME_FACE_VOICE_LOGO_OR_CLAIM-029,weak_name_face_voice_logo_or_claim,"A self-reported identity points to the same name, but no misuse act is described; weak case 29.",Normal/Ignore,Normal/Ignore,Allow,False
WEAK_NAME_FACE_VOICE_LOGO_OR_CLAIM-030,weak_name_face_voice_logo_or_claim,"The profile claims to be official and has a similar profile photograph; there is no transaction, access, or victim impact; weak case 30.",Normal/Ignore,Normal/Ignore,Allow,False
WEAK_NAME_FACE_VOICE_LOGO_OR_CLAIM-031,weak_name_face_voice_logo_or_claim,One person says the account looks like them because of a company logo; no active deception is established; weak case 31.,Normal/Ignore,Normal/Ignore,Allow,False
WEAK_NAME_FACE_VOICE_LOGO_OR_CLAIM-032,weak_name_face_voice_logo_or_claim,An unverified account badge appears beside a similar username; identity and authorization are not asserted as facts; weak case 32.,Normal/Ignore,Normal/Ignore,Allow,False
WEAK_NAME_FACE_VOICE_LOGO_OR_CLAIM-033,weak_name_face_voice_logo_or_claim,"A self-reported identity points to the same name, but no misuse act is described; weak case 33.",Normal/Ignore,Normal/Ignore,Allow,False
WEAK_NAME_FACE_VOICE_LOGO_OR_CLAIM-034,weak_name_face_voice_logo_or_claim,"The profile claims to be official and has a similar profile photograph; there is no transaction, access, or victim impact; weak case 34.",Normal/Ignore,Normal/Ignore,Allow,False
WEAK_NAME_FACE_VOICE_LOGO_OR_CLAIM-035,weak_name_face_voice_logo_or_claim,One person says the account looks like them because of a company logo; no active deception is established; weak case 35.,Normal/Ignore,Normal/Ignore,Allow,False
WEAK_NAME_FACE_VOICE_LOGO_OR_CLAIM-036,weak_name_face_voice_logo_or_claim,An unverified account badge appears beside a similar username; identity and authorization are not asserted as facts; weak case 36.,Normal/Ignore,Normal/Ignore,Allow,False
WEAK_NAME_FACE_VOICE_LOGO_OR_CLAIM-037,weak_name_face_voice_logo_or_claim,"A self-reported identity points to the same name, but no misuse act is described; weak case 37.",Normal/Ignore,Normal/Ignore,Allow,False
WEAK_NAME_FACE_VOICE_LOGO_OR_CLAIM-038,weak_name_face_voice_logo_or_claim,"The profile claims to be official and has a similar profile photograph; there is no transaction, access, or victim impact; weak case 38.",Normal/Ignore,Normal/Ignore,Allow,False
WEAK_NAME_FACE_VOICE_LOGO_OR_CLAIM-039,weak_name_face_voice_logo_or_claim,One person says the account looks like them because of a company logo; no active deception is established; weak case 39.,Normal/Ignore,Normal/Ignore,Allow,False
WEAK_NAME_FACE_VOICE_LOGO_OR_CLAIM-040,weak_name_face_voice_logo_or_claim,An unverified account badge appears beside a similar username; identity and authorization are not asserted as facts; weak case 40.,Normal/Ignore,Normal/Ignore,Allow,False
WEAK_NAME_FACE_VOICE_LOGO_OR_CLAIM-041,weak_name_face_voice_logo_or_claim,"A self-reported identity points to the same name, but no misuse act is described; weak case 41.",Normal/Ignore,Normal/Ignore,Allow,False
WEAK_NAME_FACE_VOICE_LOGO_OR_CLAIM-042,weak_name_face_voice_logo_or_claim,"The profile claims to be official and has a similar profile photograph; there is no transaction, access, or victim impact; weak case 42.",Normal/Ignore,Normal/Ignore,Allow,False
WEAK_NAME_FACE_VOICE_LOGO_OR_CLAIM-043,weak_name_face_voice_logo_or_claim,One person says the account looks like them because of a company logo; no active deception is established; weak case 43.,Normal/Ignore,Normal/Ignore,Allow,False
WEAK_NAME_FACE_VOICE_LOGO_OR_CLAIM-044,weak_name_face_voice_logo_or_claim,An unverified account badge appears beside a similar username; identity and authorization are not asserted as facts; weak case 44.,Normal/Ignore,Normal/Ignore,Allow,False
WEAK_NAME_FACE_VOICE_LOGO_OR_CLAIM-045,weak_name_face_voice_logo_or_claim,"A self-reported identity points to the same name, but no misuse act is described; weak case 45.",Normal/Ignore,Normal/Ignore,Allow,False
WEAK_NAME_FACE_VOICE_LOGO_OR_CLAIM-046,weak_name_face_voice_logo_or_claim,"The profile claims to be official and has a similar profile photograph; there is no transaction, access, or victim impact; weak case 46.",Normal/Ignore,Normal/Ignore,Allow,False
WEAK_NAME_FACE_VOICE_LOGO_OR_CLAIM-047,weak_name_face_voice_logo_or_claim,One person says the account looks like them because of a company logo; no active deception is established; weak case 47.,Normal/Ignore,Normal/Ignore,Allow,False
WEAK_NAME_FACE_VOICE_LOGO_OR_CLAIM-048,weak_name_face_voice_logo_or_claim,An unverified account badge appears beside a similar username; identity and authorization are not asserted as facts; weak case 48.,Normal/Ignore,Normal/Ignore,Allow,False
WEAK_NAME_FACE_VOICE_LOGO_OR_CLAIM-049,weak_name_face_voice_logo_or_claim,"A self-reported identity points to the same name, but no misuse act is described; weak case 49.",Normal/Ignore,Normal/Ignore,Allow,False
WEAK_NAME_FACE_VOICE_LOGO_OR_CLAIM-050,weak_name_face_voice_logo_or_claim,"The profile claims to be official and has a similar profile photograph; there is no transaction, access, or victim impact; weak case 50.",Normal/Ignore,Normal/Ignore,Allow,False
ORDINARY_IDENTITY_AND_AUTHENTICATION_CONTEXT-001,ordinary_identity_and_authentication_context,A help page explains identity settings; ordinary case 1.,Normal/Ignore,Normal/Ignore,Allow,False
ORDINARY_IDENTITY_AND_AUTHENTICATION_CONTEXT-002,ordinary_identity_and_authentication_context,A user updates account profile settings on a personal device; ordinary case 2.,Normal/Ignore,Normal/Ignore,Allow,False
ORDINARY_IDENTITY_AND_AUTHENTICATION_CONTEXT-003,ordinary_identity_and_authentication_context,A student reads digital identity guidelines; ordinary case 3.,Normal/Ignore,Normal/Ignore,Allow,False
ORDINARY_IDENTITY_AND_AUTHENTICATION_CONTEXT-004,ordinary_identity_and_authentication_context,Routine technical documentation covers authentication documentation; ordinary case 4.,Normal/Ignore,Normal/Ignore,Allow,False
ORDINARY_IDENTITY_AND_AUTHENTICATION_CONTEXT-005,ordinary_identity_and_authentication_context,A help page explains identity settings; ordinary case 5.,Normal/Ignore,Normal/Ignore,Allow,False
ORDINARY_IDENTITY_AND_AUTHENTICATION_CONTEXT-006,ordinary_identity_and_authentication_context,A user updates account profile settings on a personal device; ordinary case 6.,Normal/Ignore,Normal/Ignore,Allow,False
ORDINARY_IDENTITY_AND_AUTHENTICATION_CONTEXT-007,ordinary_identity_and_authentication_context,A student reads digital identity guidelines; ordinary case 7.,Normal/Ignore,Normal/Ignore,Allow,False
ORDINARY_IDENTITY_AND_AUTHENTICATION_CONTEXT-008,ordinary_identity_and_authentication_context,Routine technical documentation covers authentication documentation; ordinary case 8.,Normal/Ignore,Normal/Ignore,Allow,False
ORDINARY_IDENTITY_AND_AUTHENTICATION_CONTEXT-009,ordinary_identity_and_authentication_context,A help page explains identity settings; ordinary case 9.,Normal/Ignore,Normal/Ignore,Allow,False
ORDINARY_IDENTITY_AND_AUTHENTICATION_CONTEXT-010,ordinary_identity_and_authentication_context,A user updates account profile settings on a personal device; ordinary case 10.,Normal/Ignore,Normal/Ignore,Allow,False
ORDINARY_IDENTITY_AND_AUTHENTICATION_CONTEXT-011,ordinary_identity_and_authentication_context,A student reads digital identity guidelines; ordinary case 11.,Normal/Ignore,Normal/Ignore,Allow,False
ORDINARY_IDENTITY_AND_AUTHENTICATION_CONTEXT-012,ordinary_identity_and_authentication_context,Routine technical documentation covers authentication documentation; ordinary case 12.,Normal/Ignore,Normal/Ignore,Allow,False
ORDINARY_IDENTITY_AND_AUTHENTICATION_CONTEXT-013,ordinary_identity_and_authentication_context,A help page explains identity settings; ordinary case 13.,Normal/Ignore,Normal/Ignore,Allow,False
ORDINARY_IDENTITY_AND_AUTHENTICATION_CONTEXT-014,ordinary_identity_and_authentication_context,A user updates account profile settings on a personal device; ordinary case 14.,Normal/Ignore,Normal/Ignore,Allow,False
ORDINARY_IDENTITY_AND_AUTHENTICATION_CONTEXT-015,ordinary_identity_and_authentication_context,A student reads digital identity guidelines; ordinary case 15.,Normal/Ignore,Normal/Ignore,Allow,False
ORDINARY_IDENTITY_AND_AUTHENTICATION_CONTEXT-016,ordinary_identity_and_authentication_context,Routine technical documentation covers authentication documentation; ordinary case 16.,Normal/Ignore,Normal/Ignore,Allow,False
ORDINARY_IDENTITY_AND_AUTHENTICATION_CONTEXT-017,ordinary_identity_and_authentication_context,A help page explains identity settings; ordinary case 17.,Normal/Ignore,Normal/Ignore,Allow,False
ORDINARY_IDENTITY_AND_AUTHENTICATION_CONTEXT-018,ordinary_identity_and_authentication_context,A user updates account profile settings on a personal device; ordinary case 18.,Normal/Ignore,Normal/Ignore,Allow,False
ORDINARY_IDENTITY_AND_AUTHENTICATION_CONTEXT-019,ordinary_identity_and_authentication_context,A student reads digital identity guidelines; ordinary case 19.,Normal/Ignore,Normal/Ignore,Allow,False
ORDINARY_IDENTITY_AND_AUTHENTICATION_CONTEXT-020,ordinary_identity_and_authentication_context,Routine technical documentation covers authentication documentation; ordinary case 20.,Normal/Ignore,Normal/Ignore,Allow,False
ORDINARY_IDENTITY_AND_AUTHENTICATION_CONTEXT-021,ordinary_identity_and_authentication_context,A help page explains identity settings; ordinary case 21.,Normal/Ignore,Normal/Ignore,Allow,False
ORDINARY_IDENTITY_AND_AUTHENTICATION_CONTEXT-022,ordinary_identity_and_authentication_context,A user updates account profile settings on a personal device; ordinary case 22.,Normal/Ignore,Normal/Ignore,Allow,False
ORDINARY_IDENTITY_AND_AUTHENTICATION_CONTEXT-023,ordinary_identity_and_authentication_context,A student reads digital identity guidelines; ordinary case 23.,Normal/Ignore,Normal/Ignore,Allow,False
ORDINARY_IDENTITY_AND_AUTHENTICATION_CONTEXT-024,ordinary_identity_and_authentication_context,Routine technical documentation covers authentication documentation; ordinary case 24.,Normal/Ignore,Normal/Ignore,Allow,False
ORDINARY_IDENTITY_AND_AUTHENTICATION_CONTEXT-025,ordinary_identity_and_authentication_context,A help page explains identity settings; ordinary case 25.,Normal/Ignore,Normal/Ignore,Allow,False
ORDINARY_IDENTITY_AND_AUTHENTICATION_CONTEXT-026,ordinary_identity_and_authentication_context,A user updates account profile settings on a personal device; ordinary case 26.,Normal/Ignore,Normal/Ignore,Allow,False
ORDINARY_IDENTITY_AND_AUTHENTICATION_CONTEXT-027,ordinary_identity_and_authentication_context,A student reads digital identity guidelines; ordinary case 27.,Normal/Ignore,Normal/Ignore,Allow,False
ORDINARY_IDENTITY_AND_AUTHENTICATION_CONTEXT-028,ordinary_identity_and_authentication_context,Routine technical documentation covers authentication documentation; ordinary case 28.,Normal/Ignore,Normal/Ignore,Allow,False
ORDINARY_IDENTITY_AND_AUTHENTICATION_CONTEXT-029,ordinary_identity_and_authentication_context,A help page explains identity settings; ordinary case 29.,Normal/Ignore,Normal/Ignore,Allow,False
ORDINARY_IDENTITY_AND_AUTHENTICATION_CONTEXT-030,ordinary_identity_and_authentication_context,A user updates account profile settings on a personal device; ordinary case 30.,Normal/Ignore,Normal/Ignore,Allow,False
ORDINARY_IDENTITY_AND_AUTHENTICATION_CONTEXT-031,ordinary_identity_and_authentication_context,A student reads digital identity guidelines; ordinary case 31.,Normal/Ignore,Normal/Ignore,Allow,False
ORDINARY_IDENTITY_AND_AUTHENTICATION_CONTEXT-032,ordinary_identity_and_authentication_context,Routine technical documentation covers authentication documentation; ordinary case 32.,Normal/Ignore,Normal/Ignore,Allow,False
ORDINARY_IDENTITY_AND_AUTHENTICATION_CONTEXT-033,ordinary_identity_and_authentication_context,A help page explains identity settings; ordinary case 33.,Normal/Ignore,Normal/Ignore,Allow,False
ORDINARY_IDENTITY_AND_AUTHENTICATION_CONTEXT-034,ordinary_identity_and_authentication_context,A user updates account profile settings on a personal device; ordinary case 34.,Normal/Ignore,Normal/Ignore,Allow,False
ORDINARY_IDENTITY_AND_AUTHENTICATION_CONTEXT-035,ordinary_identity_and_authentication_context,A student reads digital identity guidelines; ordinary case 35.,Normal/Ignore,Normal/Ignore,Allow,False
ORDINARY_IDENTITY_AND_AUTHENTICATION_CONTEXT-036,ordinary_identity_and_authentication_context,Routine technical documentation covers authentication documentation; ordinary case 36.,Normal/Ignore,Normal/Ignore,Allow,False
ORDINARY_IDENTITY_AND_AUTHENTICATION_CONTEXT-037,ordinary_identity_and_authentication_context,A help page explains identity settings; ordinary case 37.,Normal/Ignore,Normal/Ignore,Allow,False
ORDINARY_IDENTITY_AND_AUTHENTICATION_CONTEXT-038,ordinary_identity_and_authentication_context,A user updates account profile settings on a personal device; ordinary case 38.,Normal/Ignore,Normal/Ignore,Allow,False
ORDINARY_IDENTITY_AND_AUTHENTICATION_CONTEXT-039,ordinary_identity_and_authentication_context,A student reads digital identity guidelines; ordinary case 39.,Normal/Ignore,Normal/Ignore,Allow,False
ORDINARY_IDENTITY_AND_AUTHENTICATION_CONTEXT-040,ordinary_identity_and_authentication_context,Routine technical documentation covers authentication documentation; ordinary case 40.,Normal/Ignore,Normal/Ignore,Allow,False
ORDINARY_IDENTITY_AND_AUTHENTICATION_CONTEXT-041,ordinary_identity_and_authentication_context,A help page explains identity settings; ordinary case 41.,Normal/Ignore,Normal/Ignore,Allow,False
ORDINARY_IDENTITY_AND_AUTHENTICATION_CONTEXT-042,ordinary_identity_and_authentication_context,A user updates account profile settings on a personal device; ordinary case 42.,Normal/Ignore,Normal/Ignore,Allow,False
ORDINARY_IDENTITY_AND_AUTHENTICATION_CONTEXT-043,ordinary_identity_and_authentication_context,A student reads digital identity guidelines; ordinary case 43.,Normal/Ignore,Normal/Ignore,Allow,False
ORDINARY_IDENTITY_AND_AUTHENTICATION_CONTEXT-044,ordinary_identity_and_authentication_context,Routine technical documentation covers authentication documentation; ordinary case 44.,Normal/Ignore,Normal/Ignore,Allow,False
ORDINARY_IDENTITY_AND_AUTHENTICATION_CONTEXT-045,ordinary_identity_and_authentication_context,A help page explains identity settings; ordinary case 45.,Normal/Ignore,Normal/Ignore,Allow,False
ORDINARY_IDENTITY_AND_AUTHENTICATION_CONTEXT-046,ordinary_identity_and_authentication_context,A user updates account profile settings on a personal device; ordinary case 46.,Normal/Ignore,Normal/Ignore,Allow,False
ORDINARY_IDENTITY_AND_AUTHENTICATION_CONTEXT-047,ordinary_identity_and_authentication_context,A student reads digital identity guidelines; ordinary case 47.,Normal/Ignore,Normal/Ignore,Allow,False
ORDINARY_IDENTITY_AND_AUTHENTICATION_CONTEXT-048,ordinary_identity_and_authentication_context,Routine technical documentation covers authentication documentation; ordinary case 48.,Normal/Ignore,Normal/Ignore,Allow,False
ORDINARY_IDENTITY_AND_AUTHENTICATION_CONTEXT-049,ordinary_identity_and_authentication_context,A help page explains identity settings; ordinary case 49.,Normal/Ignore,Normal/Ignore,Allow,False
ORDINARY_IDENTITY_AND_AUTHENTICATION_CONTEXT-050,ordinary_identity_and_authentication_context,A user updates account profile settings on a personal device; ordinary case 50.,Normal/Ignore,Normal/Ignore,Allow,False
ESTABLISHED_OWNER-001,established_category_owner_isolation,"This account uses another person's identity without permission and opens a new account, while an existing Child Exploitation owner controls the record; owner case 1.",Child Exploitation,Child Exploitation,Block and immediately escalate,True
ESTABLISHED_OWNER-002,established_category_owner_isolation,"This account uses another person's identity without permission and opens a new account, while an existing Publishing Private Information owner controls the record; owner case 2.",Publishing Private Information,Publishing Private Information,Refer to human review,True
ESTABLISHED_OWNER-003,established_category_owner_isolation,"This account uses another person's identity without permission and opens a new account, while an existing Spam, Scam & Phishing owner controls the record; owner case 3.","Spam, Scam & Phishing","Spam, Scam & Phishing","Block, warn, or limit distribution",True
ESTABLISHED_OWNER-004,established_category_owner_isolation,"This account uses another person's identity without permission and opens a new account, while an existing Illegal Activities owner controls the record; owner case 4.",Illegal Activities,Illegal Activities,Block or restrict and escalate,True
ESTABLISHED_OWNER-005,established_category_owner_isolation,"This account uses another person's identity without permission and opens a new account, while an existing Malicious Programs owner controls the record; owner case 5.",Malicious Programs,Malicious Programs,Block and send for security review,True
ESTABLISHED_OWNER-006,established_category_owner_isolation,"This account uses another person's identity without permission and opens a new account, while an existing Child Exploitation owner controls the record; owner case 6.",Child Exploitation,Child Exploitation,Block and immediately escalate,True
ESTABLISHED_OWNER-007,established_category_owner_isolation,"This account uses another person's identity without permission and opens a new account, while an existing Publishing Private Information owner controls the record; owner case 7.",Publishing Private Information,Publishing Private Information,Refer to human review,True
ESTABLISHED_OWNER-008,established_category_owner_isolation,"This account uses another person's identity without permission and opens a new account, while an existing Spam, Scam & Phishing owner controls the record; owner case 8.","Spam, Scam & Phishing","Spam, Scam & Phishing","Block, warn, or limit distribution",True
ESTABLISHED_OWNER-009,established_category_owner_isolation,"This account uses another person's identity without permission and opens a new account, while an existing Illegal Activities owner controls the record; owner case 9.",Illegal Activities,Illegal Activities,Block or restrict and escalate,True
ESTABLISHED_OWNER-010,established_category_owner_isolation,"This account uses another person's identity without permission and opens a new account, while an existing Malicious Programs owner controls the record; owner case 10.",Malicious Programs,Malicious Programs,Block and send for security review,True
ESTABLISHED_OWNER-011,established_category_owner_isolation,"This account uses another person's identity without permission and opens a new account, while an existing Child Exploitation owner controls the record; owner case 11.",Child Exploitation,Child Exploitation,Block and immediately escalate,True
ESTABLISHED_OWNER-012,established_category_owner_isolation,"This account uses another person's identity without permission and opens a new account, while an existing Publishing Private Information owner controls the record; owner case 12.",Publishing Private Information,Publishing Private Information,Refer to human review,True
ESTABLISHED_OWNER-013,established_category_owner_isolation,"This account uses another person's identity without permission and opens a new account, while an existing Spam, Scam & Phishing owner controls the record; owner case 13.","Spam, Scam & Phishing","Spam, Scam & Phishing","Block, warn, or limit distribution",True
ESTABLISHED_OWNER-014,established_category_owner_isolation,"This account uses another person's identity without permission and opens a new account, while an existing Illegal Activities owner controls the record; owner case 14.",Illegal Activities,Illegal Activities,Block or restrict and escalate,True
ESTABLISHED_OWNER-015,established_category_owner_isolation,"This account uses another person's identity without permission and opens a new account, while an existing Malicious Programs owner controls the record; owner case 15.",Malicious Programs,Malicious Programs,Block and send for security review,True
ESTABLISHED_OWNER-016,established_category_owner_isolation,"This account uses another person's identity without permission and opens a new account, while an existing Child Exploitation owner controls the record; owner case 16.",Child Exploitation,Child Exploitation,Block and immediately escalate,True
ESTABLISHED_OWNER-017,established_category_owner_isolation,"This account uses another person's identity without permission and opens a new account, while an existing Publishing Private Information owner controls the record; owner case 17.",Publishing Private Information,Publishing Private Information,Refer to human review,True
ESTABLISHED_OWNER-018,established_category_owner_isolation,"This account uses another person's identity without permission and opens a new account, while an existing Spam, Scam & Phishing owner controls the record; owner case 18.","Spam, Scam & Phishing","Spam, Scam & Phishing","Block, warn, or limit distribution",True
ESTABLISHED_OWNER-019,established_category_owner_isolation,"This account uses another person's identity without permission and opens a new account, while an existing Illegal Activities owner controls the record; owner case 19.",Illegal Activities,Illegal Activities,Block or restrict and escalate,True
ESTABLISHED_OWNER-020,established_category_owner_isolation,"This account uses another person's identity without permission and opens a new account, while an existing Malicious Programs owner controls the record; owner case 20.",Malicious Programs,Malicious Programs,Block and send for security review,True
ESTABLISHED_OWNER-021,established_category_owner_isolation,"This account uses another person's identity without permission and opens a new account, while an existing Child Exploitation owner controls the record; owner case 21.",Child Exploitation,Child Exploitation,Block and immediately escalate,True
ESTABLISHED_OWNER-022,established_category_owner_isolation,"This account uses another person's identity without permission and opens a new account, while an existing Publishing Private Information owner controls the record; owner case 22.",Publishing Private Information,Publishing Private Information,Refer to human review,True
ESTABLISHED_OWNER-023,established_category_owner_isolation,"This account uses another person's identity without permission and opens a new account, while an existing Spam, Scam & Phishing owner controls the record; owner case 23.","Spam, Scam & Phishing","Spam, Scam & Phishing","Block, warn, or limit distribution",True
ESTABLISHED_OWNER-024,established_category_owner_isolation,"This account uses another person's identity without permission and opens a new account, while an existing Illegal Activities owner controls the record; owner case 24.",Illegal Activities,Illegal Activities,Block or restrict and escalate,True
ESTABLISHED_OWNER-025,established_category_owner_isolation,"This account uses another person's identity without permission and opens a new account, while an existing Malicious Programs owner controls the record; owner case 25.",Malicious Programs,Malicious Programs,Block and send for security review,True
ESTABLISHED_OWNER-026,established_category_owner_isolation,"This account uses another person's identity without permission and opens a new account, while an existing Child Exploitation owner controls the record; owner case 26.",Child Exploitation,Child Exploitation,Block and immediately escalate,True
ESTABLISHED_OWNER-027,established_category_owner_isolation,"This account uses another person's identity without permission and opens a new account, while an existing Publishing Private Information owner controls the record; owner case 27.",Publishing Private Information,Publishing Private Information,Refer to human review,True
ESTABLISHED_OWNER-028,established_category_owner_isolation,"This account uses another person's identity without permission and opens a new account, while an existing Spam, Scam & Phishing owner controls the record; owner case 28.","Spam, Scam & Phishing","Spam, Scam & Phishing","Block, warn, or limit distribution",True
ESTABLISHED_OWNER-029,established_category_owner_isolation,"This account uses another person's identity without permission and opens a new account, while an existing Illegal Activities owner controls the record; owner case 29.",Illegal Activities,Illegal Activities,Block or restrict and escalate,True
ESTABLISHED_OWNER-030,established_category_owner_isolation,"This account uses another person's identity without permission and opens a new account, while an existing Malicious Programs owner controls the record; owner case 30.",Malicious Programs,Malicious Programs,Block and send for security review,True
ESTABLISHED_OWNER-031,established_category_owner_isolation,"This account uses another person's identity without permission and opens a new account, while an existing Child Exploitation owner controls the record; owner case 31.",Child Exploitation,Child Exploitation,Block and immediately escalate,True
ESTABLISHED_OWNER-032,established_category_owner_isolation,"This account uses another person's identity without permission and opens a new account, while an existing Publishing Private Information owner controls the record; owner case 32.",Publishing Private Information,Publishing Private Information,Refer to human review,True
ESTABLISHED_OWNER-033,established_category_owner_isolation,"This account uses another person's identity without permission and opens a new account, while an existing Spam, Scam & Phishing owner controls the record; owner case 33.","Spam, Scam & Phishing","Spam, Scam & Phishing","Block, warn, or limit distribution",True
ESTABLISHED_OWNER-034,established_category_owner_isolation,"This account uses another person's identity without permission and opens a new account, while an existing Illegal Activities owner controls the record; owner case 34.",Illegal Activities,Illegal Activities,Block or restrict and escalate,True
ESTABLISHED_OWNER-035,established_category_owner_isolation,"This account uses another person's identity without permission and opens a new account, while an existing Malicious Programs owner controls the record; owner case 35.",Malicious Programs,Malicious Programs,Block and send for security review,True
ESTABLISHED_OWNER-036,established_category_owner_isolation,"This account uses another person's identity without permission and opens a new account, while an existing Child Exploitation owner controls the record; owner case 36.",Child Exploitation,Child Exploitation,Block and immediately escalate,True
ESTABLISHED_OWNER-037,established_category_owner_isolation,"This account uses another person's identity without permission and opens a new account, while an existing Publishing Private Information owner controls the record; owner case 37.",Publishing Private Information,Publishing Private Information,Refer to human review,True
ESTABLISHED_OWNER-038,established_category_owner_isolation,"This account uses another person's identity without permission and opens a new account, while an existing Spam, Scam & Phishing owner controls the record; owner case 38.","Spam, Scam & Phishing","Spam, Scam & Phishing","Block, warn, or limit distribution",True
ESTABLISHED_OWNER-039,established_category_owner_isolation,"This account uses another person's identity without permission and opens a new account, while an existing Illegal Activities owner controls the record; owner case 39.",Illegal Activities,Illegal Activities,Block or restrict and escalate,True
ESTABLISHED_OWNER-040,established_category_owner_isolation,"This account uses another person's identity without permission and opens a new account, while an existing Malicious Programs owner controls the record; owner case 40.",Malicious Programs,Malicious Programs,Block and send for security review,True
ESTABLISHED_OWNER-041,established_category_owner_isolation,"This account uses another person's identity without permission and opens a new account, while an existing Child Exploitation owner controls the record; owner case 41.",Child Exploitation,Child Exploitation,Block and immediately escalate,True
ESTABLISHED_OWNER-042,established_category_owner_isolation,"This account uses another person's identity without permission and opens a new account, while an existing Publishing Private Information owner controls the record; owner case 42.",Publishing Private Information,Publishing Private Information,Refer to human review,True
ESTABLISHED_OWNER-043,established_category_owner_isolation,"This account uses another person's identity without permission and opens a new account, while an existing Spam, Scam & Phishing owner controls the record; owner case 43.","Spam, Scam & Phishing","Spam, Scam & Phishing","Block, warn, or limit distribution",True
ESTABLISHED_OWNER-044,established_category_owner_isolation,"This account uses another person's identity without permission and opens a new account, while an existing Illegal Activities owner controls the record; owner case 44.",Illegal Activities,Illegal Activities,Block or restrict and escalate,True
ESTABLISHED_OWNER-045,established_category_owner_isolation,"This account uses another person's identity without permission and opens a new account, while an existing Malicious Programs owner controls the record; owner case 45.",Malicious Programs,Malicious Programs,Block and send for security review,True
ESTABLISHED_OWNER-046,established_category_owner_isolation,"This account uses another person's identity without permission and opens a new account, while an existing Child Exploitation owner controls the record; owner case 46.",Child Exploitation,Child Exploitation,Block and immediately escalate,True
ESTABLISHED_OWNER-047,established_category_owner_isolation,"This account uses another person's identity without permission and opens a new account, while an existing Publishing Private Information owner controls the record; owner case 47.",Publishing Private Information,Publishing Private Information,Refer to human review,True
ESTABLISHED_OWNER-048,established_category_owner_isolation,"This account uses another person's identity without permission and opens a new account, while an existing Spam, Scam & Phishing owner controls the record; owner case 48.","Spam, Scam & Phishing","Spam, Scam & Phishing","Block, warn, or limit distribution",True
ESTABLISHED_OWNER-049,established_category_owner_isolation,"This account uses another person's identity without permission and opens a new account, while an existing Illegal Activities owner controls the record; owner case 49.",Illegal Activities,Illegal Activities,Block or restrict and escalate,True
ESTABLISHED_OWNER-050,established_category_owner_isolation,"This account uses another person's identity without permission and opens a new account, while an existing Malicious Programs owner controls the record; owner case 50.",Malicious Programs,Malicious Programs,Block and send for security review,True
